time_s,time_h,demand_MW,actual_MW,q_kg_s,pump_kW,T1_C,T2_C,T3_C,T4_C,T5_C
0,0.0,12.0,0.0,0.0,0.0,565.0,555.0,520.0,430.0,330.0
10,0.002777777777777778,12.0,0.0,0.0,0.0,564.8524420405938,554.805105583077,519.7141004621577,429.88150219296955,330.26444535344524
20,0.005555555555555556,12.0,0.0,0.0,0.0,564.7047593159015,554.610110126777,519.4291116849805,429.76373717559426,330.5275752530901
30,0.008333333333333333,12.0,0.0,0.0,0.0,564.5569519358256,554.4150168933357,519.1450295606072,429.6466986508297,330.7893967100114
40,0.011111111111111112,12.0,0.0,0.0,0.0,564.4090200205652,554.219829109762,518.8618499991007,429.5303803738518,331.04991669007626
50,0.013888888888888888,12.0,0.0,0.0,0.0,564.2609637004641,554.0245499681696,518.5795689283822,429.41477615161324,331.309142114272
60,0.016666666666666666,12.0,0.0,0.0,0.0,564.1127831158612,553.8291826261054,518.2981822941649,429.2998798424038,331.5670798590329
70,0.019444444444444445,12.0,0.0,0.0,0.0,563.9644784169421,553.6337302068749,518.0176860598889,429.18568535541453,331.8237367565648
80,0.022222222222222223,12.0,0.0,0.0,0.0,563.8160497635924,553.4381957998651,517.7380762066548,429.0721866503057,332.0791195951667
90,0.025,12.0,0.0,0.0,0.0,563.6674973252525,553.2425824608636,517.4593487331585,428.95937773677855,332.3332351195501
100,0.027777777777777776,12.0,0.0,0.0,0.0,563.5188212807741,553.0468932123761,517.1814996556258,428.8472526741509,332.586090031156
110,0.030555555555555555,12.0,0.0,0.0,0.0,563.3700218182784,552.85113104394,516.9045250077463,428.7358055709361,332.83769098846875
120,0.03333333333333333,12.0,0.0,0.0,0.0,563.2210991350152,552.6552989124357,516.6284208406091,428.625030584426,333.0880446073282
130,0.03611111111111111,12.0,0.0,0.0,0.0,563.0720534372242,552.4593997423952,516.3531832226366,428.51492192027735,333.3371574612387
140,0.03888888888888889,12.0,0.0,0.0,0.0,562.9228849399974,552.2634364263075,516.07880823952,428.4054738321021,333.58503608167626
150,0.041666666666666664,12.0,0.0,0.0,0.0,562.7735938671431,552.0674118249217,515.8052919941538,428.2966806210608,333.8316869583929
160,0.044444444444444446,12.0,0.0,0.0,0.0,562.6241804510514,551.871328767547,515.5326306065714,428.18853663545985,334.0771165397186
170,0.04722222222222222,12.0,0.0,0.0,0.0,562.4746449325611,551.6751900523503,515.2608202138798,428.08103627035246,334.32133123286116
180,0.05,12.0,0.0,0.0,0.0,562.324987560828,551.4789984466515,514.9898569701952,427.9741739671424,334.5643374042034
190,0.05277777777777778,12.0,0.0,0.0,0.0,562.1752085931951,551.2827566872149,514.7197370465781,427.867944213192,334.8061413795982
200,0.05555555555555555,12.0,0.0,0.0,0.0,562.0253082950628,551.0864674805393,514.4504566309689,427.76234154143305,335.04674944466126
210,0.058333333333333334,12.0,0.0,0.0,0.0,561.8752869397628,550.8901335031451,514.1820119281239,427.6573605299812,335.2861678450612
220,0.06111111111111111,12.0,0.0,0.0,0.0,561.725144808431,550.6937574018581,513.9143991595503,427.55299580175375,335.52440278680785
230,0.06388888888888888,12.0,0.0,0.0,0.0,561.5748821898835,550.497341794092,513.6476145634425,427.44924202409095,335.76146043653813
240,0.06666666666666667,12.0,0.0,0.0,0.0,561.4244993804932,550.3008892681275,513.3816543946183,427.34609390838006,335.9973469217994
250,0.06944444444444445,12.0,0.0,0.0,0.0,561.2739966840677,550.1044023833891,513.1165149244542,427.24354620968336,336.23206833133105
260,0.07222222222222222,12.0,0.0,0.0,0.0,561.1233744117288,549.9078836707195,512.8521924408226,427.14159372636885,336.4656307153434
270,0.075,12.0,0.0,0.0,0.0,560.9726328817933,549.7113356326511,512.588683248027,427.0402312997445,336.69804008579496
280,0.07777777777777778,12.0,0.0,0.0,0.0,560.821772419655,549.5147607436761,512.3259836667395,426.93945381369537,336.9293024166669
290,0.08055555555555556,12.0,0.0,0.0,0.0,560.6707933576678,549.3181614505131,512.0640900339366,426.83925619432426,337.15942364423597
300,0.08333333333333333,12.0,0.0,0.0,0.0,560.5196960350307,549.1215401723717,511.8029987028365,426.73963340959517,337.3884096673448
310,0.08611111111111111,12.0,0.0,0.0,0.0,560.3684807976737,548.9248993012149,511.5427060428353,426.64058046898003,337.6162663476703
320,0.08888888888888889,12.0,0.0,0.0,0.0,560.2171479981444,548.7282412020185,511.2832084394445,426.54209242310844,337.84299950999025
330,0.09166666666666666,12.0,0.0,0.0,0.0,560.0656979954969,548.5315682130292,511.0245022942279,426.4441643634203,338.0686149424471
340,0.09444444444444444,12.0,0.0,0.0,0.0,559.9141311551812,548.3348826460198,510.7665840247387,426.3467914218218,338.29311839681026
350,0.09722222222222222,12.0,0.0,0.0,0.0,559.7624478489344,548.1381867865415,510.509450064457,426.24996877034414,338.5165155887363
360,0.1,12.0,0.0,0.0,0.0,559.6106484546721,547.9414828941751,510.25309686272726,426.1536916208052,338.738812198027
370,0.10277777777777777,12.0,0.0,0.0,0.0,559.4587333563824,547.7447732027792,509.997520884696,426.05795522447437,338.96001386888526
380,0.10555555555555556,12.0,0.0,0.0,0.0,559.3067029440198,547.5480599207365,509.74271861124936,425.96275487173995,339.18012621016925
390,0.10833333333333334,12.0,0.0,0.0,0.0,559.1545576134012,547.351345231197,509.4886865389513,425.8680858917797,339.39915479564456
400,0.1111111111111111,12.0,0.0,0.0,0.0,559.0022977661024,547.1546312923208,509.23542117998136,425.77394365223427,339.61710516423426
410,0.11388888888888889,12.0,0.0,0.0,0.0,558.8499238093563,546.9579202375169,508.98291906207305,425.6803235588832,339.83398282026695
420,0.11666666666666667,12.0,0.0,0.0,0.0,558.6974361559517,546.7612141756806,508.7311767284522,425.5872210553239,340.0497932337232
430,0.11944444444444445,12.0,0.0,0.0,0.0,558.5448352241337,546.5645151914291,508.4801907377753,425.4946316226535,340.26454184047975
440,0.12222222222222222,12.0,0.0,0.0,0.0,558.3921214375054,546.3678253453343,508.22995766406814,425.40255077915333,340.47823404255195
450,0.125,12.0,0.0,0.0,0.0,558.2392952249293,546.1711466741539,507.98047409666475,425.31097407997606,340.6908752083343
460,0.12777777777777777,12.0,0.0,0.0,0.0,558.086357020432,545.9744811910604,507.7317366401461,425.21989711683574,340.90247067283923
470,0.13055555555555556,12.0,0.0,0.0,0.0,557.9333072631085,545.7778308858676,507.48374191427934,425.1293155177004,341.1130257379337
480,0.13333333333333333,12.0,0.0,0.0,0.0,557.7801463970274,545.5811977252561,507.236486553957,425.0392249464872,341.32254567257434
490,0.1361111111111111,12.0,0.0,0.0,0.0,557.626874871138,545.384583652995,506.9899672091362,424.9496211027607,341.5310357130406
500,0.1388888888888889,12.0,0.0,0.0,0.0,557.4734931391787,545.1879905901637,506.7441805447784,424.86049972143314,341.73850106316604
510,0.14166666666666666,12.0,0.0,0.0,0.0,557.3200016595848,544.9914204353701,506.4991232407888,424.7718565724675,341.94494689456803
520,0.14444444444444443,12.0,0.0,0.0,0.0,557.1664008953994,544.7948750649673,506.2547919919565,424.68368746058354,342.15037834687536
530,0.14722222222222223,12.0,0.0,0.0,0.0,557.0126913141839,544.5983563332688,506.01118350789426,424.59598822496554,342.3548005279543
540,0.15,12.0,0.0,0.0,0.0,556.8588733879299,544.4018660727611,505.7682945129786,424.5087547389736,342.558218514133
550,0.1527777777777778,12.0,0.0,0.0,0.0,556.7049475929722,544.2054060943144,505.52612174629036,424.4219829098565,342.76063735042385
560,0.15555555555555556,12.0,0.0,0.0,0.0,556.5509144099032,544.0089781873921,505.2846619615547,424.33566867846775,342.96206205074446
570,0.15833333333333333,12.0,0.0,0.0,0.0,556.3967743234871,543.8125841202578,505.04391192708226,424.2498080189835,343.1624975981366
580,0.16111111111111112,12.0,0.0,0.0,0.0,556.2425278225764,543.6162256401803,504.8038684257094,424.16439693862344,343.36194894498385
590,0.1638888888888889,12.0,0.0,0.0,0.0,556.0881754000288,543.4199044736372,504.5645282547395,424.07943147737365,343.56042101322714
600,0.16666666666666666,12.0,0.0,0.0,0.0,555.9337175526246,543.2236223265163,504.32588822588394,423.9949077077121,343.75791869457896
610,0.16944444444444445,12.0,0.0,0.0,0.0,555.7791547809857,543.0273808843154,504.0879451652032,423.9108217343366,343.9544468507356
620,0.17222222222222222,12.0,0.0,0.0,0.0,555.6244875894957,542.8311818123404,503.85069591304847,423.8271696938947,344.1500103135883
630,0.175,12.0,0.0,0.0,0.0,555.4697164862204,542.635026755901,503.6141373240031,423.7439477547164,344.34461388543207
640,0.17777777777777778,12.0,0.0,0.0,0.0,555.3148419828287,542.4389173405052,503.37826626682437,423.66115211654875,344.53826233917334
650,0.18055555555555555,12.0,0.0,0.0,0.0,555.1598645945163,542.2428551720519,503.1430796243854,423.5787790102932,344.7309604185361
660,0.18333333333333332,12.0,0.0,0.0,0.0,555.0047848399281,542.0468418370218,502.90857429361716,423.49682469774467,344.922712838266
670,0.18611111111111112,12.0,0.0,0.0,0.0,554.849603241083,541.8508789026662,502.67474718545077,423.41528547133333,345.11352428433355
680,0.18888888888888888,12.0,0.0,0.0,0.0,554.6943203232989,541.6549679171944,502.4415952247598,423.3341576538683,345.3033994141349
690,0.19166666666666668,12.0,0.0,0.0,0.0,554.5389366151192,541.4591104099597,502.20911535030285,423.2534375982838,345.49234285669195
700,0.19444444444444445,12.0,0.0,0.0,0.0,554.3834526482387,541.2633078916429,501.9773045146663,423.1731216873874,345.68035921285025
710,0.19722222222222222,12.0,0.0,0.0,0.0,554.2278689574327,541.0675618544346,501.74615968420716,423.0932063336101,345.8674530554758
720,0.2,12.0,0.0,0.0,0.0,554.0721860804846,540.8718737722164,501.51567783899617,423.0136879787594,346.0536289296502
730,0.20277777777777778,12.0,0.0,0.0,0.0,553.9164045581157,540.6762451007392,501.285855972761,422.9345630937734,346.23889135286424
740,0.20555555555555555,12.0,0.0,0.0,0.0,553.7605249339157,540.4806772778007,501.05669109282957,422.8558281784781,346.4232448152102
750,0.20833333333333334,12.0,0.0,0.0,0.0,553.6045477542738,540.2851717234215,500.82818022007376,422.7774797613458,346.6066937795723
760,0.2111111111111111,12.0,0.0,0.0,0.0,553.4484735683104,540.0897298400188,500.60032038885294,422.6995143992565,346.7892426818163
770,0.21388888888888888,12.0,0.0,0.0,0.0,553.2923029278102,539.894353012579,500.37310864695803,422.62192867726054,346.97089593097684
780,0.21666666666666667,12.0,0.0,0.0,0.0,553.1360363871552,539.6990426088289,500.1465420555555,422.5447192083439,347.1516579094443
790,0.21944444444444444,12.0,0.0,0.0,0.0,552.9796745032598,539.5037999794049,499.92061768913163,422.4678826331952,347.33153297314936
800,0.2222222222222222,12.0,0.0,0.0,0.0,552.8232178355057,539.3086264580209,499.69533263543684,422.3914156199746,347.51052545174673
810,0.225,12.0,0.0,0.0,0.0,552.6666669456773,539.1135233616345,499.4706839954303,422.3153148640852,347.68863964879716
820,0.22777777777777777,12.0,0.0,0.0,0.0,552.510022397899,538.9184919906122,499.24666888322474,422.23957708794575,347.8658798419483
830,0.23055555555555557,12.0,0.0,0.0,0.0,552.3532847585724,538.7235336288921,499.0232844260313,422.1641990407657,348.0422502831139
840,0.23333333333333334,12.0,0.0,0.0,0.0,552.1964545963145,538.5286495441462,498.8005277641047,422.0891774983223,348.21775519865196
850,0.2361111111111111,12.0,0.0,0.0,0.0,552.039532481897,538.3338409879404,498.5783960506883,422.01450926273907,348.3923987895413
860,0.2388888888888889,12.0,0.0,0.0,0.0,551.8825189881853,538.1391091958939,498.3568864519598,421.94019116226696,348.5661852315568
870,0.24166666666666667,12.0,0.0,0.0,0.0,551.7254146900796,537.9444553878355,498.13599614697665,421.8662200510666,348.73911867544354
880,0.24444444444444444,12.0,0.0,0.0,0.0,551.5682201644555,537.7498807679609,497.91572232762195,421.7925928089929,348.9112032470892
890,0.24722222222222223,12.0,0.0,0.0,0.0,551.4109359901064,537.5553865249863,497.69606219855035,421.7193063413813,349.08244304769556
900,0.25,12.0,0.0,0.0,0.0,551.2535627476856,537.3609738323017,497.47701297713405,421.6463575788362,349.2528421539485
910,0.25277777777777777,12.0,0.0,0.0,0.0,551.0961010196498,537.166643848123,497.2585718934094,421.57374347702057,349.42240461818676
920,0.25555555555555554,12.0,0.0,0.0,0.0,550.9385513902033,536.9723977156418,497.040736190023,421.5014610164479,349.5911344685693
930,0.25833333333333336,12.0,0.0,0.0,0.0,550.7809144452422,536.7782365631747,496.82350312217864,421.4295072022757,349.7590357092416
940,0.2611111111111111,12.0,0.0,0.0,0.0,550.6231907722998,536.5841615043107,496.606869957584,421.35787906410104,349.9261123205004
950,0.2638888888888889,12.0,0.0,0.0,0.0,550.4653809604932,536.3901736380576,496.39083397639774,421.2865736557573,350.0923682589578
960,0.26666666666666666,12.0,0.0,0.0,0.0,550.3074856004694,536.1962740489867,496.1753924711764,421.2155880551132,350.2578074577031
970,0.26944444444444443,12.0,0.0,0.0,0.0,550.1495052843526,536.0024638073762,495.96054274682194,421.14491936387327,350.4224338264646
980,0.2722222222222222,12.0,0.0,0.0,0.0,549.9914406056927,535.8087439693539,495.7462821205293,421.0745647073802,350.5862512517692
990,0.275,12.0,0.0,0.0,0.0,549.8332921594135,535.615115577038,495.5326079217341,421.0045212344187,350.74926359710145
1000,0.2777777777777778,12.0,0.0,0.0,0.0,549.6750605417624,535.421579658676,495.3195174920602,420.934786117021,350.91147470306083
1010,0.28055555555555556,12.0,0.0,0.0,0.0,549.5167463502597,535.2281372287844,495.10700818526806,420.86535655027456,351.0728883875185
1020,0.2833333333333333,12.0,0.0,0.0,0.0,549.3583501836501,535.0347892882845,494.89507736720293,420.7962297521305,351.23350844577226
1030,0.2861111111111111,12.0,0.0,0.0,0.0,549.199872641853,534.8415368246389,494.68372241574303,420.7274029632145,351.39333865070074
1040,0.28888888888888886,12.0,0.0,0.0,0.0,549.0413143259145,534.6483808119858,494.47294072074834,420.6588734466389,351.55238275291623
1050,0.2916666666666667,12.0,0.0,0.0,0.0,548.8826758379605,534.4553222112726,494.26272968400906,420.5906384878164,351.71064448091636
1060,0.29444444444444445,12.0,0.0,0.0,0.0,548.7239577811486,534.2623619703876,494.0530867191949,420.52269539427573,351.86812754123486
1070,0.2972222222222222,12.0,0.0,0.0,0.0,548.5651607596225,534.0695010242911,493.84400925180375,420.4550414954782,352.0248356185909
1080,0.3,12.0,0.0,0.0,0.0,548.4062853784659,533.876740295145,493.63549471911125,420.3876741426367,352.1807723760374
1090,0.30277777777777776,12.0,0.0,0.0,0.0,548.2473322436575,533.6840806924417,493.42754057012013,420.3205907085353,352.33594145510835
1100,0.3055555555555556,12.0,0.0,0.0,0.0,548.0883019620261,533.4915231131306,493.22014426550976,420.2537885873513,352.4903464759649
1110,0.30833333333333335,12.0,0.0,0.0,0.0,547.9291951412066,533.2990684417446,493.0133032775859,420.18726519447824,352.6439910375403
1120,0.3111111111111111,12.0,0.0,0.0,0.0,547.7700123895968,533.1067175505253,492.8070150902309,420.12101796635034,352.7968787176839
1130,0.3138888888888889,12.0,0.0,0.0,0.0,547.6107543163139,532.9144712995466,492.6012771988535,420.0550443602688,352.9490130733041
1140,0.31666666666666665,12.0,0.0,0.0,0.0,547.4514215311525,532.7223305368369,492.3960871103394,419.9893418542297,353.10039764051004
1150,0.3194444444444444,12.0,0.0,0.0,0.0,547.292014644543,532.5302960985016,492.1914423430016,419.92390794675254,353.25103593475217
1160,0.32222222222222224,12.0,0.0,0.0,0.0,547.1325342675098,532.3383688088426,491.98734042653103,419.85874015671135,353.4009314509622
1170,0.325,12.0,0.0,0.0,0.0,546.9729810116308,532.1465494804779,491.7837789019475,419.79383602316636,353.5500876636916
1180,0.3277777777777778,12.0,0.0,0.0,0.0,546.8133554889974,531.95483891446,491.5807553215507,419.72919310519757,353.69850802724915
1190,0.33055555555555555,12.0,0.0,0.0,0.0,546.6536583121745,531.7632379003925,491.3782672488713,419.66480898173955,353.8461959758375
1200,0.3333333333333333,12.0,0.0,0.0,0.0,546.4938900941612,531.5717472165466,491.17631225862215,419.60068125141777,353.9931549236888
1210,0.33611111111111114,12.0,0.0,0.0,0.0,546.3340514483527,531.3803676299756,490.97488793665013,419.5368075323862,354.1393882651991
1220,0.3388888888888889,12.0,0.0,0.0,0.0,546.1741429885019,531.1890998966292,490.7739918798877,419.4731854621665,354.2848993750621
1230,0.3416666666666667,12.0,0.0,0.0,0.0,546.0141653286815,530.9979447614659,490.57362169630477,419.4098126974881,354.42969160840136
1240,0.34444444444444444,12.0,0.0,0.0,0.0,545.8541190832475,530.8069029585649,490.3737750048606,419.34668691413043,354.5737683009021
1250,0.3472222222222222,12.0,0.0,0.0,0.0,545.694004866802,530.615975211237,490.17444943545627,419.28380580676566,354.7171327689416
1260,0.35,12.0,0.0,0.0,0.0,545.5338232941572,530.425162232134,489.97564262888693,419.2211670888033,354.85978830971897
1270,0.3527777777777778,12.0,0.0,0.0,0.0,545.3735749803,530.2344647233575,489.77735223679434,419.1587684922361,355.0017382013836
1280,0.35555555555555557,12.0,0.0,0.0,0.0,545.2132605403566,530.0438833765668,489.5795759216198,419.09660776748694,355.1429857031629
1290,0.35833333333333334,12.0,0.0,0.0,0.0,545.052880589558,529.853418873085,489.38231135655667,419.0346826832573,355.28353405548904
1300,0.3611111111111111,12.0,0.0,0.0,0.0,544.8924357432054,529.6630718840054,489.18555622550394,418.9729910263769,355.42338648012475
1310,0.3638888888888889,12.0,0.0,0.0,0.0,544.731926616637,529.4728430702954,488.9893082230191,418.9115306016549,355.56254618028805
1320,0.36666666666666664,12.0,0.0,0.0,0.0,544.5713538251943,529.282733082901,488.79356505427177,418.85029923173164,355.7010163407763
1330,0.36944444444444446,12.0,0.0,0.0,0.0,544.4107179841892,529.092742562849,488.5983244349971,418.7892947569327,355.83880012808913
1340,0.37222222222222223,12.0,0.0,0.0,0.0,544.2500197088721,528.902872141349,488.4035840914498,418.72851503512317,355.97590069055065
1350,0.375,12.0,0.0,0.0,0.0,544.0892596143995,528.7131224398943,488.2093417603578,418.66795794156377,356.1123211584304
1360,0.37777777777777777,12.0,0.0,0.0,0.0,543.9284383158026,528.5234940703617,488.0155951888767,418.60762136876815,356.24806464406396
1370,0.38055555555555554,12.0,0.0,0.0,0.0,543.7675564279566,528.3339876351106,487.82234213454376,418.5475032263611,356.383134241972
1380,0.38333333333333336,12.0,0.0,0.0,0.0,543.6066145655494,528.1446037270808,487.62958036523236,418.4876014409382,356.51753302897913
1390,0.3861111111111111,12.0,0.0,0.0,0.0,543.4456133430522,527.95534292989,487.4373076591068,418.4279139559267,356.65126406433126
1400,0.3888888888888889,12.0,0.0,0.0,0.0,543.2845533746889,527.7662058179296,487.24552180457704,418.3684387314474,356.7843303898126
1410,0.39166666666666666,12.0,0.0,0.0,0.0,543.1234352744076,527.5771929564606,487.05422060025353,418.3091737441777,356.91673502986146
1420,0.39444444444444443,12.0,0.0,0.0,0.0,542.962259655851,527.3883049017076,486.86340185490246,418.25011698721624,357.0484809916853
1430,0.3972222222222222,12.0,0.0,0.0,0.0,542.8010271323279,527.1995422009524,486.67306338740104,418.1912664699479,357.179571265375
1440,0.4,12.0,0.0,0.0,0.0,542.6397383167858,527.0109053926268,486.483203026693,418.13262021791064,357.31000882401815
1450,0.4027777777777778,12.0,0.0,0.0,0.0,542.4783938217824,526.8223950064046,486.2938186117441,418.0741762726633,357.4397966238117
1460,0.40555555555555556,12.0,0.0,0.0,0.0,542.3169942594586,526.6340115632921,486.1049079914981,418.0159326916542,357.56893760417347
1470,0.4083333333333333,12.0,0.0,0.0,0.0,542.1555402415114,526.4457555757187,485.91646902483274,417.95788754809126,357.69743468785333
1480,0.4111111111111111,12.0,0.0,0.0,0.0,541.9940323791677,526.2576275476259,485.7284995805156,417.9000389308131,357.825290781043
1490,0.41388888888888886,12.0,0.0,0.0,0.0,541.8324712831579,526.0696279745556,485.5409975371607,417.842384944161,357.9525087734855
1500,0.4166666666666667,12.0,0.0,0.0,0.0,541.6708575636902,525.8817573437381,485.353960783185,417.7849237078522,358.0790915385833
1510,0.41944444444444445,12.0,0.0,0.0,0.0,541.5091918304252,525.6940161341785,485.16738721676484,417.7276533568543,358.20504193350655
1520,0.4222222222222222,12.0,0.0,0.0,0.0,541.3474746924506,525.5064048167429,484.98127474579286,417.6705720412606,358.3303627992994
1530,0.425,12.0,0.0,0.0,0.0,541.1857067582573,525.3189238542437,484.79562128783493,417.6136779261662,358.4550569609863
1540,0.42777777777777776,12.0,0.0,0.0,0.0,541.0238886357145,525.1315737015234,484.6104247700874,417.556969191546,358.5791272276774
1550,0.4305555555555556,12.0,0.0,0.0,0.0,540.8620209320457,524.9443548055386,484.42568312933423,417.50044403213275,358.702576392673
1560,0.43333333333333335,12.0,0.0,0.0,0.0,540.7001042538055,524.757267605443,484.24139431190474,417.4441006572968,358.8254072335673
1570,0.4361111111111111,12.0,0.0,0.0,0.0,540.5381392068564,524.5703125326687,484.05755627363095,417.38793729092663,358.9476225123516
1580,0.4388888888888889,12.0,0.0,0.0,0.0,540.3761263963456,524.3834900110082,483.8741669798056,417.3319521713102,359.06922497551625
1590,0.44166666666666665,12.0,0.0,0.0,0.0,540.2140664266828,524.1968004566944,483.6912244051399,417.27614355101775,359.1902173541525
1600,0.4444444444444444,12.0,0.0,0.0,0.0,540.051959901518,524.0102442784803,483.508726533722,417.2205096967852,359.31060236405307
1610,0.44722222222222224,12.0,0.0,0.0,0.0,539.8898074237193,523.8238218777183,483.32667135897486,417.16504888939875,359.43038270581235
1620,0.45,12.0,0.0,0.0,0.0,539.7276095953519,523.6375336484382,483.1450568836151,417.1097594235803,359.5495610649255
1630,0.4527777777777778,12.0,0.0,0.0,0.0,539.5653670176566,523.4513799774246,482.96388111961136,417.0546396078739,359.66814011188734
1640,0.45555555555555555,12.0,0.0,0.0,0.0,539.4030802910294,523.2653612442939,482.7831420881432,416.9996877645334,359.78612250228997
1650,0.4583333333333333,12.0,0.0,0.0,0.0,539.2407500150002,523.07947782157,482.60283781956014,416.94490222941045,359.90351087692005
1660,0.46111111111111114,12.0,0.0,0.0,0.0,539.0783767882134,522.89373007476,482.4229663533405,416.8902813518441,360.02030786185526
1670,0.4638888888888889,12.0,0.0,0.0,0.0,538.9159612084076,522.7081183624285,482.24352573805083,416.835823494551,360.13651606856
1680,0.4666666666666667,12.0,0.0,0.0,0.0,538.7535038723961,522.5226430362716,482.06451403130546,416.78152703351634,360.25213809398053
1690,0.46944444444444444,12.0,0.0,0.0,0.0,538.5910053760479,522.3373044411901,481.88592929972594,416.7273903578863,360.36717652063925
1700,0.4722222222222222,12.0,0.0,0.0,0.0,538.4284663142682,522.152102915362,481.7077696189008,416.6734118698608,360.48163391672847
1710,0.475,12.0,0.0,0.0,0.0,538.2658872809807,521.9670387903143,481.5300330733454,416.6195899845874,360.5955128362034
1720,0.4777777777777778,12.0,0.0,0.0,0.0,538.103268869108,521.7821123909943,481.35271775646225,416.56592313005615,360.7088158188744
1730,0.48055555555555557,12.0,0.0,0.0,0.0,537.9406116705546,521.5973240358397,481.17582177050105,416.5124097469953,360.8215453904989
1740,0.48333333333333334,12.0,0.0,0.0,0.0,537.777916276189,521.4126740368489,480.999343226519,416.45904828876775,360.93370406287204
1750,0.4861111111111111,12.0,0.0,0.0,0.0,537.6151832758255,521.2281626996496,480.82328024434156,416.4058372212686,361.04529433391724
1760,0.4888888888888889,12.0,0.0,0.0,0.0,537.452413258208,521.0437903235677,480.64763095252306,416.35277502282327,361.1563186877759
1770,0.49166666666666664,12.0,0.0,0.0,0.0,537.2896068109926,520.859557201695,480.4723934883076,416.29986018408675,361.26677959489643
1780,0.49444444444444446,12.0,0.0,0.0,0.0,537.1267645207311,520.6754636209563,480.2975659975899,416.24709120794364,361.37667951212245
1790,0.49722222222222223,12.0,0.0,0.0,0.0,536.9638869728544,520.491509862176,480.1231466348768,416.1944666094087,361.48602088278085
1800,0.5,18.0,0.0,0.0,0.0,536.8009747516572,520.3076962001443,479.94913356324827,416.14198491552895,361.5948061367688
1810,0.5027777777777778,18.0,0.0,0.0,0.0,536.6380284402813,520.1240229036819,479.7755249543191,416.08964466528573,361.70303769064026
1820,0.5055555555555555,18.0,0.0,0.0,0.0,536.4750486207009,519.940490235705,479.6023189882006,416.0374444094983,361.8107179476918
1830,0.5083333333333333,18.0,0.0,0.0,0.0,536.3120358737067,519.7570984532899,479.429513853462,415.98538271072766,361.9178492980478
1840,0.5111111111111111,18.0,0.0,0.0,0.0,536.1489907788914,519.5738478077354,479.25710774709313,415.93345814318184,362.02443411874555
1850,0.5138888888888888,18.0,0.0,0.0,0.0,535.9859139146347,519.3907385446263,479.0850988744657,415.88166929262127,362.1304747738186
1860,0.5166666666666667,18.0,0.0,0.0,0.0,535.8228058580889,519.2077709038955,478.9134854492963,415.83001475626554,362.2359736143808
1870,0.5194444444444445,18.0,0.0,0.0,0.0,535.6596671851651,519.0249451198858,478.7422656936082,415.7784931427006,362.3409329787087
1880,0.5222222222222223,18.0,0.0,0.0,0.0,535.4964984705183,518.8422614214107,478.5714378376945,415.7271030717867,362.44535519232414
1890,0.525,18.0,0.0,0.0,0.0,535.3333002875348,518.6597200318151,478.4010001200803,415.67584317456743,362.5492425680757
1900,0.5277777777777778,18.0,0.0,0.0,0.0,535.1700732083181,518.477321169035,478.23095078748617,415.6247120931792,362.6525974062199
1910,0.5305555555555556,18.0,0.0,0.0,0.0,535.0068178036755,518.2950650456571,478.06128809479054,415.5737084807617,362.7554219945015
1920,0.5333333333333333,18.0,0.0,0.0,0.0,534.843534643106,518.1129518689772,477.8920103049934,415.52283100136884,362.8577186082336
1930,0.5361111111111111,18.0,0.0,0.0,0.0,534.6802242947864,517.930981841059,477.7231156891794,415.4720783298808,362.9594895103769
1940,0.5388888888888889,18.0,0.0,0.0,0.0,534.5168873255599,517.7491551587908,477.55460252648135,415.4214491519165,363.06073695161854
1950,0.5416666666666666,18.0,0.0,0.0,0.0,534.3535243009229,517.5674720139438,477.38646910404384,415.37094216374686,363.16146317045025
1960,0.5444444444444444,18.0,0.0,0.0,0.0,534.1901357850138,517.3859325932274,477.21871371698717,415.3205560722092,363.26167039324594
1970,0.5472222222222223,18.0,0.0,0.0,0.0,534.0267223406006,517.2045370783463,477.05133466837106,415.2702895946214,363.361360834339
1980,0.55,18.0,0.0,0.0,0.0,533.8632845290696,517.0232856460555,476.88433026915885,415.2201414586979,363.4605366960987
1990,0.5527777777777778,18.0,0.0,0.0,0.0,533.6998229104137,516.8421784682148,476.71769883818183,415.17011040246587,363.5592001690062
2000,0.5555555555555556,18.0,0.0,0.0,0.0,533.5363380432217,516.661215711844,476.5514387021034,415.1201951741816,363.6573534317301
2010,0.5583333333333333,18.0,0.0,0.0,0.0,533.3728304846671,516.4803975391764,476.3855481953837,415.07039453224866,363.7549986512012
2020,0.5611111111111111,18.0,0.0,0.0,0.0,533.2093007904977,516.299724107712,476.2200256602444,415.0207072451358,363.8521379826873
2030,0.5638888888888889,18.0,0.0,0.0,0.0,533.0457495150245,516.1191955702709,476.05486944663335,414.97113209129606,363.94877356986643
2040,0.5666666666666667,18.0,0.0,0.0,0.0,532.8821772111119,515.9388120750451,475.89007791218955,414.92166785908637,364.0449075449008
2050,0.5694444444444444,18.0,0.0,0.0,0.0,532.7185844301677,515.7585737656506,475.7256494222084,414.8723133466878,364.1405420285093
2060,0.5722222222222222,18.0,0.0,0.0,0.0,532.5549717221327,515.5784807811787,475.56158234960685,414.8230673620266,364.2356791300398
2070,0.575,18.0,0.0,0.0,0.0,532.3913396354716,515.3985332562469,475.3978750748888,414.77392872269576,364.3303209475411
2080,0.5777777777777777,18.0,0.0,0.0,0.0,532.2276887171631,515.2187313210493,475.2345259861108,414.7248962558772,364.4244695678342
2090,0.5805555555555556,18.0,0.0,0.0,0.0,532.064019512691,515.0390751014064,475.0715334788474,414.67596879826493,364.51812706658285
2100,0.5833333333333334,18.0,0.0,0.0,0.0,531.9003325660345,514.8595647188145,474.9088959561575,414.6271451959885,364.6112955083641
2110,0.5861111111111111,18.0,0.0,0.0,0.0,531.7366284196603,514.6802002904944,474.7466118285497,414.57842430453695,364.70397694673795
2120,0.5888888888888889,18.0,0.0,0.0,0.0,531.572907614513,514.5009819294406,474.58467951394897,414.52980498868413,364.7961734243167
2130,0.5916666666666667,18.0,0.0,0.0,0.0,531.409170690007,514.3219097444684,474.42309743766265,414.4812861224138,364.88788697283366
2140,0.5944444444444444,18.0,0.0,0.0,0.0,531.2454181840183,514.1429838402616,474.2618640323469,414.43286658884574,364.9791196132116
2150,0.5972222222222222,18.0,0.0,0.0,0.0,531.0816506328757,513.9642043174204,474.1009777379732,414.3845452801626,365.0698733556305
2160,0.6,18.0,0.0,0.0,0.0,530.917868571354,513.7855712725066,473.94043700179515,414.3363210975371,365.1601501995948
2170,0.6027777777777777,18.0,0.0,0.0,0.0,530.7540725326651,513.6070847980909,473.7802402783152,414.2881929510599,365.2499521340006
2180,0.6055555555555555,18.0,0.0,0.0,0.0,530.590263048451,513.4287449827982,473.6203860292517,414.2401597596682,365.3392811372016
2190,0.6083333333333333,18.0,0.0,0.0,0.0,530.4264406487763,513.2505519113528,473.46087272350576,414.1922204510748,365.42813917707565
2200,0.6111111111111112,18.0,0.0,0.0,0.0,530.262605862121,513.0725056646231,473.301698837129,414.14437396169774,365.5165282110896
2210,0.6138888888888889,18.0,0.0,0.0,0.0,530.0987592153731,512.8946063196665,473.14286285329035,414.0966192365907,365.6044501863648
2220,0.6166666666666667,18.0,0.0,0.0,0.0,529.9349012338223,512.7168539497728,472.9843632622441,414.04895522937375,365.6919070397413
2230,0.6194444444444445,18.0,0.0,0.0,0.0,529.7710324411528,512.539248624508,472.8261985612971,414.0013809021648,365.7789006978423
2240,0.6222222222222222,18.0,0.0,0.0,0.0,529.6071533594368,512.3617904097573,472.6683672547769,413.9538952255116,365.86543307713754
2250,0.625,18.0,0.0,0.0,0.0,529.4432645091282,512.184479367768,472.5108678539995,413.9064971783243,365.9515060840067
2260,0.6277777777777778,18.0,0.0,0.0,0.0,529.2793664090564,512.0073155571914,472.35369887723755,413.85918574780857,366.0371216148021
2270,0.6305555555555555,18.0,0.0,0.0,0.0,529.11545957642,511.8302990331251,472.1968588496884,413.81195992939934,366.12228155591094
2280,0.6333333333333333,18.0,0.0,0.0,0.0,528.9515445267813,511.6534298471539,472.0403463034426,413.7648187266949,366.2069877838174
2290,0.6361111111111111,18.0,0.0,0.0,0.0,528.7876217740601,511.4767080473915,471.88415977745234,413.71776115139176,366.29124216516385
2300,0.6388888888888888,18.0,0.0,0.0,0.0,528.6236918305282,511.30013367852064,471.7282978174999,413.6707862232199,366.3750465568122
2310,0.6416666666666667,18.0,0.0,0.0,0.0,528.4597552068042,511.1237067818335,471.5727589761666,413.62389296987874,366.45840280590426
2320,0.6444444444444445,18.0,0.0,0.0,0.0,528.2958124118478,510.9474273952717,471.4175418128017,413.57708042697334,366.541312749922
2330,0.6472222222222223,18.0,0.0,0.0,0.0,528.1318639529551,510.7712955534655,471.2626448934912,413.5303476379514,366.6237782167473
2340,0.65,18.0,0.0,0.0,0.0,527.9679103357532,510.59531128777314,471.10806679102717,413.48369365404085,366.70580102472144
2350,0.6527777777777778,18.0,0.0,0.0,0.0,527.8039520641956,510.4194746263193,470.953806084877,413.4371175341874,366.78738298270383
2360,0.6555555555555556,18.0,0.0,0.0,0.0,527.6399896405572,510.2437855940336,470.79986136115275,413.3906183449933,366.8685258901306
2370,0.6583333333333333,18.0,0.0,0.0,0.0,527.4760235654302,510.06824421268857,470.64623121258074,413.3441951606563,366.94923153707293
2380,0.6611111111111111,18.0,0.0,0.0,0.0,527.3120543377189,509.89285050093696,470.4929142384712,413.297847062909,367.02950170429443
2390,0.6638888888888889,18.0,0.0,0.0,0.0,527.1480824546363,509.7176044743492,470.33990904468806,413.2515731409589,367.1093381633087
2400,0.6666666666666666,18.0,0.0,0.0,0.0,526.9841084116994,509.5425061454501,470.18721424361894,413.20537249142876,367.1887426764361
2410,0.6694444444444444,18.0,0.0,0.0,0.0,526.820132702725,509.36755552375547,470.0348284541452,413.1592442182978,367.2677169968605
2420,0.6722222222222223,18.0,0.0,0.0,0.0,526.6561558198266,509.19275261580805,469.8827503016122,413.11318743284284,367.34626286868513
2430,0.675,18.0,0.0,0.0,0.0,526.4921782534097,509.0180974252134,469.7309784177993,413.0672012535805,367.4243820269885
2440,0.6777777777777778,18.0,0.0,0.0,0.0,526.3282004921689,508.84358995267525,469.57951144089077,413.02128480620934,367.5020761978797
2450,0.6805555555555556,18.0,0.0,0.0,0.0,526.1642230230839,508.6692301960305,469.42834801544603,412.97543722355306,367.57934709855346
2460,0.6833333333333333,18.0,0.0,0.0,0.0,526.0002463314164,508.49501815028424,469.2774867923705,412.9296576455036,367.6561964373446
2470,0.6861111111111111,18.0,0.0,0.0,0.0,525.8362709007068,508.3209538076436,469.12692642888646,412.88394521896504,367.7326259137824
2480,0.6888888888888889,18.0,0.0,0.0,0.0,525.6722972127711,508.1470371575523,468.97666558850386,412.8382990977979,367.80863721864426
2490,0.6916666666666667,18.0,0.0,0.0,0.0,525.5083257476979,507.973268186724,468.82670294099154,412.79271844276394,367.8842320340095
2500,0.6944444444444444,18.0,0.0,0.0,0.0,525.3443569838453,507.79964687917584,468.6770371623484,412.7472024214713,367.959412033312
2510,0.6972222222222222,18.0,0.0,0.0,0.0,525.1803913978385,507.6261732162614,468.5276669347748,412.70175020832005,368.0341788813934
2520,0.7,18.0,0.0,0.0,0.0,525.0164294645671,507.4528471767034,468.3785909466438,412.6563609844485,368.10853423455524
2530,0.7027777777777777,18.0,0.0,0.0,0.0,524.852471657182,507.27966873662615,468.22980789247293,412.6110339376796,368.1824797406109
2540,0.7055555555555556,18.0,0.0,0.0,0.0,524.688518447094,507.1066378695875,468.081316472896,412.56576826246805,368.2560170389375
2550,0.7083333333333334,18.0,0.0,0.0,0.0,524.5245703039706,506.93375454661066,467.9331153946347,412.5205631598474,368.32914776052695
2560,0.7111111111111111,18.0,0.0,0.0,0.0,524.3606276957341,506.76101873621565,467.7852033704706,412.4754178373784,368.40187352803713
2570,0.7138888888888889,18.0,0.0,0.0,0.0,524.19669108856,506.5884304044504,467.6375791192173,412.4303315090968,368.47419595584233
2580,0.7166666666666667,18.0,0.0,0.0,0.0,524.0327609468741,506.4159895149214,467.49024136569267,412.38530339546236,368.54611665008366
2590,0.7194444444444444,18.0,0.0,0.0,0.0,523.8688377333516,506.24369602882456,467.343188840691,412.3403327233078,368.6176372087187
2600,0.7222222222222222,18.0,0.0,0.0,0.0,523.7049219089147,506.07154990497503,467.1964202809557,412.29541872578864,368.6887592215714
2610,0.725,18.0,0.0,0.0,0.0,523.5410139327312,505.8995510998372,467.04993442915145,412.25056064233263,368.75948427038105
2620,0.7277777777777777,18.0,0.0,0.0,0.0,523.3771142622129,505.72769956755445,466.90373003383735,412.20575771859063,368.8298139288513
2630,0.7305555555555555,18.0,0.0,0.0,0.0,523.2132233530143,505.5559952599784,466.7578058494394,412.1610092063872,368.8997497626988
2640,0.7333333333333333,18.0,0.0,0.0,0.0,523.049341659031,505.3844381266976,466.6121606362236,412.1163143636716,368.9692933297011
2650,0.7361111111111112,18.0,0.0,0.0,0.0,522.8854696323987,505.21302811506683,466.4667931602688,412.0716724544698,369.03844617974494
2660,0.7388888888888889,18.0,0.0,0.0,0.0,522.7216077234918,505.04176517023507,466.3217021934401,412.027082748836,369.1072098548736
2670,0.7416666666666667,18.0,0.0,0.0,0.0,522.5577563809229,504.87064923517374,466.1768865133619,411.9825445228052,369.1755858893342
2680,0.7444444444444445,18.0,0.0,0.0,0.0,522.393916051541,504.6996802507047,466.03234490339145,411.93805705834603,369.24357580962464
2690,0.7472222222222222,18.0,0.0,0.0,0.0,522.2300871804315,504.52885815552776,465.8880761525922,411.8936196433138,369.3111811345402
2700,0.75,18.0,0.0,0.0,0.0,522.0662702109147,504.3581828862479,465.7440790557076,411.84923157140406,369.3784033752199
2710,0.7527777777777778,18.0,0.0,0.0,0.0,521.9024655845458,504.1876543774025,465.6003524131347,411.8048921421065,369.4452440351922
2720,0.7555555555555555,18.0,0.0,0.0,0.0,521.7386737411139,504.01727256148797,465.4568950308983,411.7606006606593,369.5117046104212
2730,0.7583333333333333,18.0,0.0,0.0,0.0,521.5748951186415,503.8470373689862,465.3137057206244,411.71635643800374,369.5777865893513
2740,0.7611111111111111,18.0,0.0,0.0,0.0,521.4111301533845,503.6769487283909,465.1707832995147,411.67215879073916,369.6434914529529
2750,0.7638888888888888,18.0,0.0,0.0,0.0,521.2473792798314,503.5070065662336,465.02812659032077,411.62800704107855,369.70882067476674
2760,0.7666666666666667,18.0,0.0,0.0,0.0,521.0836429307033,503.33721080710916,464.88573442131815,411.58390051680414,369.77377572094844
2770,0.7694444444444445,18.0,0.0,0.0,0.0,520.9199215369538,503.1675613737014,464.74360562628095,411.53983855122357,369.83835805031265
2780,0.7722222222222223,18.0,0.0,0.0,0.0,520.7562155277689,502.9980581868082,464.60173904445645,411.4958204831265,369.90256911437694
2790,0.775,18.0,0.0,0.0,0.0,520.592525330567,502.8287011653664,464.46013352053956,411.45184565674134,369.96641035740527
2800,0.7777777777777778,18.0,0.0,0.0,0.0,520.428851370999,502.65949022647663,464.31878790464776,411.40791342169234,370.0298832164512
2810,0.7805555555555556,18.0,0.0,0.0,0.0,520.2651940729486,502.49042528542753,464.1777010522959,411.3640231329574,370.09298912140105
2820,0.7833333333333333,18.0,0.0,0.0,0.0,520.1015538585323,502.3215062557201,464.03687182437113,411.3201741508257,370.1557294950163
2830,0.7861111111111111,18.0,0.0,0.0,0.0,519.9379311481,502.15273304909164,463.89629908710816,411.2763658408562,370.2181057529762
2840,0.7888888888888889,18.0,0.0,0.0,0.0,519.7743263602356,501.9841055755393,463.75598171206434,411.2325975738359,370.2801193039197
2850,0.7916666666666666,18.0,0.0,0.0,0.0,519.6107399117568,501.81562374334356,463.61591857609505,411.188868725739,370.34177154948736
2860,0.7944444444444444,18.0,0.0,0.0,0.0,519.4471722177165,501.6472874590917,463.4761085613291,411.145178677686,370.4030638843628
2870,0.7972222222222223,18.0,0.0,0.0,0.0,519.2836236914027,501.47909662770036,463.3365505551443,411.10152681590336,370.4639976963139
2880,0.8,18.0,0.0,0.0,0.0,519.1200947443399,501.3110511524387,463.19724345014305,411.0579125316834,370.5245743662342
2890,0.8027777777777778,18.0,0.0,0.0,0.0,518.9565857862896,501.14315093495065,463.05818614412823,411.01433522134465,370.584795268183
2900,0.8055555555555556,18.0,0.0,0.0,0.0,518.7930972252509,500.9753958752773,462.91937754007887,410.970794286192,370.64466176942597
2910,0.8083333333333333,18.0,0.0,0.0,0.0,518.6296294674618,500.8077858718789,462.78081654612635,410.92728913247805,370.7041752304757
2920,0.8111111111111111,18.0,0.0,0.0,0.0,518.4661829174,500.6403208216567,462.6425020755303,410.88381917136405,370.76333700513106
2930,0.8138888888888889,18.0,0.0,0.0,0.0,518.3027579777844,500.4730006199747,462.50443304665475,410.84038381888155,370.8221484405171
2940,0.8166666666666667,18.0,0.0,0.0,0.0,518.1393550495753,500.3058251606808,462.3666083829447,410.796982495894,370.88061087712424
2950,0.8194444444444444,18.0,0.0,0.0,0.0,517.9759745319768,500.13879433612817,462.2290270129023,410.75361462805915,370.93872564884765
2960,0.8222222222222222,18.0,0.0,0.0,0.0,517.812616822437,499.97190803719604,462.0916878700633,410.71027964579133,370.9964940830257
2970,0.825,18.0,0.0,0.0,0.0,517.64928231665,499.8051661533106,461.9545898929739,410.6669769842243,371.05391750047886
2980,0.8277777777777777,18.0,0.0,0.0,0.0,517.4859714085571,499.6385685724655,461.8177320251672,410.6237060831741,371.1109972155478
2990,0.8305555555555556,18.0,0.0,0.0,0.0,517.3226844903483,499.4721151812419,461.6811132151402,410.5804663871028,371.16773453613155
3000,0.8333333333333334,18.0,0.0,0.0,0.0,517.1594219524635,499.30580586482904,461.54473241633076,410.53725734508157,371.2241307637252
3010,0.8361111111111111,18.0,0.0,0.0,0.0,516.9961841835947,499.1396405070437,461.40858858709436,410.4940784107552,371.28018719345766
3020,0.8388888888888889,18.0,0.0,0.0,0.0,516.832971570687,498.9736189903501,461.27268069068145,410.450929042306,371.33590511412876
3030,0.8416666666666667,18.0,0.0,0.0,0.0,516.6697844989409,498.8077411958794,461.1370076952147,410.4078087024183,371.3912858082464
3040,0.8444444444444444,18.0,0.0,0.0,0.0,516.5066233518135,498.64200700344895,461.0015685736663,410.3647168582436,371.4463305520633
3050,0.8472222222222222,18.0,0.0,0.0,0.0,516.3434885110205,498.4764162915815,460.8663623038352,410.3216529813651,371.50104061561353
3060,0.85,18.0,0.0,0.0,0.0,516.1803803565384,498.3109689375237,460.731387868325,410.2786165477637,371.55541726274913
3070,0.8527777777777777,18.0,0.0,0.0,0.0,516.0172992666061,498.1456648172653,460.59664425452115,410.2356070377832,371.6094617511758
3080,0.8555555555555555,18.0,0.0,0.0,0.0,515.8542456177267,497.98050380555736,460.4621304545692,410.1926239360965,371.6631753324889
3090,0.8583333333333333,18.0,0.0,0.0,0.0,515.6912197846701,497.81548577593065,460.3278454653522,410.1496667316716,371.7165592522091
3100,0.8611111111111112,18.0,0.0,0.0,0.0,515.5282221404744,497.65061060071366,460.1937882884688,410.10673491773827,371.76961474981766
3110,0.8638888888888889,18.0,0.0,0.0,0.0,515.3652530564488,497.48587815105066,460.0599579302114,410.0638279917548,371.8223430587918
3120,0.8666666666666667,18.0,0.0,0.0,0.0,515.202312902175,497.32128829691936,459.92635340154413,410.02094545537494,371.87474540663914
3130,0.8694444444444445,18.0,0.0,0.0,0.0,515.0394020455101,497.1568409071486,459.7929737180811,409.9780868144151,371.92682301493284
3140,0.8722222222222222,18.0,0.0,0.0,0.0,514.8765208525884,496.99253584943557,459.6598179000648,409.9352515788222,371.97857709934584
3150,0.875,18.0,0.0,0.0,0.0,514.7136696878243,496.8283729903631,459.5268849723445,409.8924392626412,372.03000886968505
3160,0.8777777777777778,18.0,0.0,0.0,0.0,514.5508489139139,496.66435219541665,459.3941739643547,409.8496493839832,372.0811195299254
3170,0.8805555555555555,18.0,0.0,0.0,0.0,514.3880588918382,496.5004733290011,459.26168391009395,409.80688146499404,372.13191027824354
3180,0.8833333333333333,18.0,0.0,0.0,0.0,514.2252999808651,496.33673625445755,459.12941384810335,409.76413503182266,372.18238230705157
3190,0.8861111111111111,18.0,0.0,0.0,0.0,514.0625725385521,496.1731408340796,458.99736282144545,409.72140961458996,372.23253680303014
3200,0.8888888888888888,18.0,0.0,0.0,0.0,513.899876920749,496.0096869291299,458.86552987768323,409.6787047473579,372.2823749471617
3210,0.8916666666666667,18.0,0.0,0.0,0.0,513.7372134816001,495.8463743998561,458.733914068859,409.636019968099,372.3318979147633
3220,0.8944444444444445,18.0,0.0,0.0,0.0,513.5745825735473,495.6832031055069,458.6025144514736,409.59335481866566,372.3811068755193
3230,0.8972222222222223,18.0,0.0,0.0,0.0,513.4119845473327,495.5201729043479,458.4713300864655,409.5507088447602,372.43000299351394
3240,0.9,18.0,0.0,0.0,0.0,513.2494197520011,495.35728365367714,458.34036003919016,409.50808159590497,372.4785874272633
3250,0.9027777777777778,18.0,0.0,0.0,0.0,513.0868885349032,495.1945352098407,458.20960337939937,409.4654726254124,372.52686132974765
3260,0.9055555555555556,18.0,0.0,0.0,0.0,512.9243912416979,495.0319274282479,458.07905918122077,409.4228814903559,372.57482584844314
3270,0.9083333333333333,18.0,0.0,0.0,0.0,512.7619282163557,494.86946016338646,457.9487265231374,409.38030775154033,372.6224821253534
3280,0.9111111111111111,18.0,0.0,0.0,0.0,512.5994998011613,494.70713326883754,457.8186044879673,409.3377509734733,372.6698312970409
3290,0.9138888888888889,18.0,0.0,0.0,0.0,512.4371063367165,494.54494659729056,457.68869216284344,409.29521072433636,372.7168744946583
3300,0.9166666666666666,18.0,0.0,0.0,0.0,512.2747481619434,494.38290000055787,457.5589886391933,409.25268657595626,372.7636128439795
3310,0.9194444444444444,18.0,0.0,0.0,0.0,512.1124256140874,494.22099332958913,457.42949301271904,409.2101781037771,372.81004746543005
3320,0.9222222222222223,18.0,0.0,0.0,0.0,511.9501390287201,494.059226434486,457.3002043833775,409.16768488683186,372.8561794741182
3330,0.925,18.0,0.0,0.0,0.0,511.7878887397424,493.897599164516,457.1711218553602,409.12520650771484,372.9020099798651
3340,0.9277777777777778,18.0,0.0,0.0,0.0,511.62567507938786,493.7361113681268,457.04224453707366,409.08274255255395,372.94754008723504
3350,0.9305555555555556,18.0,0.0,0.0,0.0,511.46349837822555,493.57476289295994,456.9135715411196,409.0402926109834,372.9927708955654
3360,0.9333333333333333,18.0,0.0,0.0,0.0,511.30135896516356,493.41355358586475,456.78510198427546,408.99785627611635,373.03770349899656
3370,0.9361111111111111,18.0,0.0,0.0,0.0,511.139257167452,493.25248329291196,456.6568349874747,408.9554331445182,373.0823389865014
3380,0.9388888888888889,18.0,0.0,0.0,0.0,510.9771933106864,493.09155185940705,456.5287696757876,408.9130228161799,373.12667844191475
3390,0.9416666666666667,18.0,0.0,0.0,0.0,510.8151677188109,492.93075912990366,456.4009051784017,408.87062489449096,373.17072294396286
3400,0.9444444444444444,18.0,0.0,0.0,0.0,510.6531807141218,492.7701049482168,456.2732406286026,408.8282389862138,373.21447356629204
3410,0.9472222222222222,18.0,0.0,0.0,0.0,510.49123261727055,492.60958915743566,456.14577516375493,408.7858647014572,373.2579313774978
3420,0.95,18.0,0.0,0.0,0.0,510.32932374726755,492.44921159993686,456.01850792528313,408.74350165365064,373.3010974411535
3430,0.9527777777777777,18.0,0.0,0.0,0.0,510.16745442148533,492.28897211739695,455.8914380586524,408.70114945951843,373.34397281583875
3440,0.9555555555555556,18.0,0.0,0.0,0.0,510.0056249556621,492.1288705508052,455.76456471334996,408.65880773905445,373.38655855516777
3450,0.9583333333333334,18.0,0.0,0.0,0.0,509.8438356639051,491.96890674047586,455.63788704286617,408.6164761154967,373.4288557078174
3460,0.9611111111111111,18.0,0.0,0.0,0.0,509.68208685869433,491.80908052606077,455.51140420467567,408.57415421530237,373.4708653175552
3470,0.9638888888888889,18.0,0.0,0.0,0.0,509.52037885088595,491.6493917465614,455.3851153602189,408.5318416681229,373.5125884232672
3480,0.9666666666666667,18.0,0.0,0.0,0.0,509.3587119497158,491.4898402403409,455.2590196748834,408.48953810677943,373.55402605898524
3490,0.9694444444444444,18.0,0.0,0.0,0.0,509.1970864628032,491.33042584513646,455.1331163179855,408.44724316723807,373.5951792539147
3500,0.9722222222222222,18.0,0.0,0.0,0.0,509.0355026961543,491.17114839807044,455.00740446275177,408.4049564885859,373.6360490324615
3510,0.975,18.0,0.0,0.0,0.0,508.87396095416597,491.0120077356627,454.88188328630065,408.36267771300675,373.6766364142592
3520,0.9777777777777777,18.0,0.0,0.0,0.0,508.71246153962926,490.85300369384174,454.75655196962447,408.3204064857573,373.71694241419596
3530,0.9805555555555555,18.0,0.0,0.0,0.0,508.55100475373337,490.69413610795647,454.63140969757103,408.27814245514355,373.75696804244114
3540,0.9833333333333333,18.0,0.0,0.0,0.0,508.38959089606914,490.53540481278725,454.50645565882576,408.235885272497,373.79671430447195
3550,0.9861111111111112,18.0,0.0,0.0,0.0,508.22822026463285,490.37680964255725,454.3816890458936,408.1936345921516,373.8361822010996
3560,0.9888888888888889,18.0,0.0,0.0,0.0,508.0668931558301,490.2183504309435,454.2571090550812,408.15139007142056,373.8753727284957
3570,0.9916666666666667,18.0,0.0,0.0,0.0,507.90560986447935,490.06002701108775,454.13271488647894,408.1091513705732,373.91428687821826
3580,0.9944444444444445,18.0,0.0,0.0,0.0,507.74437068381604,489.9018392156074,454.00850574394343,408.0669181528125,373.95292563723746
3590,0.9972222222222222,18.0,0.0,0.0,0.0,507.58317590549626,489.7437868766062,453.88448083507967,408.0246900842522,373.9912899879614
3600,1.0,25.0,0.0,0.0,0.0,507.42202581960066,489.58586982568465,453.7606393712235,407.9824668338946,374.0293809082616
3610,1.0027777777777778,25.0,0.0,0.0,0.0,507.2609207146383,489.4280878939509,453.6369805674242,407.9402480736083,374.0671993714984
3620,1.0055555555555555,25.0,0.0,0.0,0.0,507.09986087755055,489.2704409120306,453.513503642427,407.898033478106,374.1047463465462
3630,1.0083333333333333,25.0,0.0,0.0,0.0,506.938846593715,489.11292871007754,453.3902078186558,407.8558227249228,374.14202279781847
3640,1.011111111111111,25.0,0.0,0.0,0.0,506.7778781469495,488.9555511177836,453.26709232219594,407.8136154943944,374.1790296852925
3650,1.0138888888888888,25.0,0.0,0.0,0.0,506.61695581951597,488.79830796438875,453.1441563827768,407.77141146963555,374.2157679645344
3660,1.0166666666666666,25.0,0.0,0.0,0.0,506.45607989212454,488.6411990786911,453.0213992337551,407.72921033651875,374.2522385867234
3670,1.0194444444444444,25.0,0.0,0.0,0.0,506.29525064393744,488.4842242890565,452.89882011209755,407.687011783653,374.28844249867655
3680,1.0222222222222221,25.0,0.0,0.0,0.0,506.134468352573,488.3273834234284,452.776418258364,407.6448155023628,374.32438064287265
3690,1.025,25.0,0.0,0.0,0.0,505.97373329410976,488.17067630933735,452.65419291669065,407.60262118666725,374.36005395747657
3700,1.0277777777777777,25.0,0.0,0.0,0.0,505.8130457430905,488.0141027739105,452.5321433347732,407.5604285332594,374.3954633763632
3710,1.0305555555555554,25.0,0.0,0.0,0.0,505.65240597252637,487.857662643881,452.4102687638502,407.51823724148585,374.4306098291412
3720,1.0333333333333334,25.0,0.0,0.0,0.0,505.49181425390077,487.7013557455971,452.28856845868637,407.47604701332597,374.4654942411766
3730,1.0361111111111112,25.0,0.0,0.0,0.0,505.33127085717365,487.5451819050315,452.1670416775561,407.43385755337215,374.5001175336164
3740,1.038888888888889,25.0,0.0,0.0,0.0,505.17077605078555,487.38914094779034,452.0456876822268,407.39166856880956,374.5344806234118
3750,1.0416666666666667,25.0,0.0,0.0,0.0,505.0103301016618,487.2332326991222,451.9245057379428,407.3494797693962,374.56858442334163
3760,1.0444444444444445,25.0,0.0,0.0,0.0,504.84993327521653,487.07745698392677,451.8034951134088,407.30729086744327,374.60242984203506
3770,1.0472222222222223,25.0,0.0,0.0,0.0,504.6895858353569,486.9218136267639,451.6826550807737,407.2651015777955,374.6360177839949
3780,1.05,25.0,0.0,0.0,0.0,504.52928804448743,486.76630245186186,451.5619849156144,407.2229116178119,374.66934914962
3790,1.0527777777777778,25.0,0.0,0.0,0.0,504.3690401635139,486.6109232831264,451.44148389691964,407.18072070734627,374.7024248352282
3800,1.0555555555555556,25.0,0.0,0.0,0.0,504.2088424518477,486.4556759441487,451.32115130707405,407.13852856872825,374.73524573307856
3810,1.0583333333333333,25.0,0.0,0.0,0.0,504.04869516741013,486.3005602582141,451.2009864318423,407.09633492674425,374.76781273139386
3820,1.0611111111111111,25.0,0.0,0.0,0.0,503.88859856663646,486.14557604831015,451.0809885603529,407.05413950861873,374.80012671438266
3830,1.0638888888888889,25.0,0.0,0.0,0.0,503.7285529044803,485.990723137135,450.9611569850829,407.0119420439954,374.83218856226154
3840,1.0666666666666667,25.0,0.0,0.0,0.0,503.5685584344178,485.83600134710514,450.84149100184146,406.969742264919,374.8639991512768
3850,1.0694444444444444,25.0,0.0,0.0,0.0,503.40861540845185,485.68141050036377,450.7219899097549,406.92753990581633,374.8955593537265
3860,1.0722222222222222,25.0,0.0,0.0,0.0,503.2487240771165,485.5269504187885,450.60265301125065,406.8853347034788,374.9268700379819
3870,1.075,25.0,0.0,0.0,0.0,503.0888846894811,485.3726209239991,450.4834796120419,406.8431263970437,374.957932068509
3880,1.0777777777777777,25.0,0.0,0.0,0.0,502.92909749315476,485.2184218373653,450.3644690211121,406.8009147279766,374.98874630589006
3890,1.0805555555555555,25.0,0.0,0.0,0.0,502.7693627342904,485.0643529800145,450.2456205506997,406.7586994400533,375.01931360684466
3900,1.0833333333333333,25.0,0.0,0.0,0.0,502.6096806575893,484.9104141728392,450.12693351628263,406.71648027934253,375.049634824251
3910,1.086111111111111,25.0,0.0,0.0,0.0,502.45005150630544,484.7566052365043,450.00840723656336,406.67425699418806,375.0797108071666
3920,1.0888888888888888,25.0,0.0,0.0,0.0,502.2904755222496,484.60292599145487,449.8900410334534,406.6320293351915,375.1095424008495
3930,1.0916666666666666,25.0,0.0,0.0,0.0,502.1309529457939,484.44937625792306,449.77183423205844,406.589797055195,375.13913044677867
3940,1.0944444444444446,25.0,0.0,0.0,0.0,501.9714840158761,484.2959558559355,449.6537861606634,406.5475599092642,375.1684757826748
3950,1.0972222222222223,25.0,0.0,0.0,0.0,501.81206897000396,484.1426646053203,449.5358961507172,406.50531765467116,375.1975792425207
3960,1.1,25.0,0.0,0.0,0.0,501.6527080442596,483.9895023257141,449.418163536818,406.46307005087755,375.2264416565815
3970,1.1027777777777779,25.0,0.0,0.0,0.0,501.49340147330395,483.83646883656905,449.3005876566985,406.4208168595179,375.2550638514252
3980,1.1055555555555556,25.0,0.0,0.0,0.0,501.3341494903809,483.6835639571597,449.18316785121107,406.3785578443831,375.2834466499422
3990,1.1083333333333334,25.0,0.0,0.0,0.0,501.1749523273221,483.5307875065898,449.0659034643131,406.336292771404,375.3115908713659
4000,1.1111111111111112,25.0,0.0,0.0,0.0,501.01581021455087,483.3781393037988,448.94879384305244,406.2940214086347,375.3394973312921
4010,1.113888888888889,25.0,0.0,0.0,0.0,500.856723381087,483.2256191675687,448.83183833755265,406.25174352623696,375.3671668416987
4020,1.1166666666666667,25.0,0.0,0.0,0.0,500.697692054551,483.07322691653064,448.71503630099886,406.2094588964636,375.39460021096556
4030,1.1194444444444445,25.0,0.0,0.0,0.0,500.53871646116846,482.92096236917115,448.59838708962303,406.1671672936429,375.4217982438938
4040,1.1222222222222222,25.0,0.0,0.0,0.0,500.37979682577463,482.7688253438386,448.4818900626899,406.12486849416246,375.44876174172515
4050,1.125,25.0,0.0,0.0,0.0,500.22093337181866,482.6168156587497,448.36554458248247,406.08256227645387,375.4754915021611
4060,1.1277777777777778,25.0,0.0,0.0,0.0,500.06212632136817,482.46493313199556,448.2493500142879,406.0402484209768,375.50198831938224
4070,1.1305555555555555,25.0,0.0,0.0,0.0,499.9033758951137,482.31317758154785,448.13330572638347,405.9979267102039,375.528252984067
4080,1.1333333333333333,25.0,0.0,0.0,0.0,499.744682312373,482.161548825265,448.01741109002216,405.9555969286051,375.5542862834107
4090,1.136111111111111,25.0,0.0,0.0,0.0,499.58604579109567,482.0100466808983,447.90166547941914,405.9132588626325,375.58008900114413
4100,1.1388888888888888,25.0,0.0,0.0,0.0,499.4274665478675,481.8586709660976,447.78606827173735,405.87091230070564,375.6056619175523
4110,1.1416666666666666,25.0,0.0,0.0,0.0,499.26894479791486,481.7074214984172,447.6706188470739,405.828557033196,375.6310058094931
4120,1.1444444444444444,25.0,0.0,0.0,0.0,499.1104807551093,481.55629809532206,447.5553165884462,405.7861928524124,375.65612145041536
4130,1.1472222222222221,25.0,0.0,0.0,0.0,498.9520746319719,481.4053005741931,447.44016088177807,405.74381955258633,375.6810096103775
4140,1.15,25.0,0.0,0.0,0.0,498.79372663967797,481.254428752333,447.32515111588623,405.7014369298571,375.70567105606546
4150,1.1527777777777777,25.0,0.0,0.0,0.0,498.6354369880611,481.1036824469719,447.2102866824666,405.6590447822575,375.730106550811
4160,1.1555555555555554,25.0,0.0,0.0,0.0,498.47720588561793,480.95306147527276,447.0955669760806,405.6166429096994,375.75431685460944
4170,1.1583333333333334,25.0,0.0,0.0,0.0,498.31903353951265,480.802565654337,446.9809913941419,405.57423111395934,375.77830272413763
4180,1.1611111111111112,25.0,0.0,0.0,0.0,498.16092015558127,480.6521948012098,446.8665593369028,405.53180919866446,375.8020649127717
4190,1.163888888888889,25.0,0.0,0.0,0.0,498.0028659383363,480.50194873288547,446.75227020744103,405.48937696927834,375.82560417060466
4200,1.1666666666666667,25.0,0.0,0.0,0.0,497.8448710909711,480.35182726631257,446.6381234116461,405.4469342330872,375.8489212444639
4210,1.1694444444444445,25.0,0.0,0.0,0.0,497.68693581536434,480.2018302183993,446.52411835820647,405.4044807991858,375.87201687792873
4220,1.1722222222222223,25.0,0.0,0.0,0.0,497.5290603120846,480.05195740601874,446.410254458596,405.3620164784641,375.8948918113475
4230,1.175,25.0,0.0,0.0,0.0,497.3712447803948,479.9022086460135,446.2965311270611,405.31954108359315,375.9175467818551
4240,1.1777777777777778,25.0,0.0,0.0,0.0,497.21348941825664,479.7525837552011,446.18294778060744,405.2770544290118,375.93998252338963
4250,1.1805555555555556,25.0,0.0,0.0,0.0,497.05579442233517,479.6030825503788,446.06950383898703,405.23455633091334,375.9621997667098
4260,1.1833333333333333,25.0,0.0,0.0,0.0,496.89815998800316,479.4537048483286,445.95619872468535,405.19204660723204,375.98419923941157
4270,1.1861111111111111,25.0,0.0,0.0,0.0,496.74058630934564,479.3044504658218,445.84303186290833,405.1495250776301,376.00598166594517
4280,1.1888888888888889,25.0,0.0,0.0,0.0,496.5830735791645,479.155319219624,445.73000268156966,405.1069915634842,376.0275477676316
4290,1.1916666666666667,25.0,0.0,0.0,0.0,496.42562198898275,479.00631092649974,445.61711061127784,405.064445887873,376.0488982626792
4300,1.1944444444444444,25.0,0.0,0.0,0.0,496.2682317290492,478.8574254032171,445.50435508532365,405.0218878755637,376.07003386620033
4310,1.1972222222222222,25.0,0.0,0.0,0.0,496.1109029883429,478.7086624665525,445.39173553966737,404.9793173529997,376.09095529022755
4320,1.2,25.0,0.0,0.0,0.0,495.95363595457746,478.5600219332948,445.2792514129263,404.9367341482875,376.11166324373005
4330,1.2027777777777777,25.0,0.0,0.0,0.0,495.7964308142058,478.4115036202503,445.16690214636225,404.8941380911842,376.13215843262975
4340,1.2055555555555555,25.0,0.0,0.0,0.0,495.63928775242437,478.26310734424675,445.0546871838688,404.85152901308516,376.1524415598174
4350,1.2083333333333333,25.0,0.0,0.0,0.0,495.48220695317787,478.11483292213785,444.94260597195915,404.8089067470114,376.1725133251687
4360,1.211111111111111,25.0,0.0,0.0,0.0,495.32518859916354,477.96668017080765,444.8306579597538,404.76627112759735,376.19237442556
4370,1.2138888888888888,25.0,0.0,0.0,0.0,495.16823287183576,477.8186489071747,444.7188425989681,404.7236219910785,376.2120255548842
4380,1.2166666666666666,25.0,0.0,0.0,0.0,495.01133995141043,477.6707389481962,444.60715934389987,404.68095917527944,376.23146740406645
4390,1.2194444444444446,25.0,0.0,0.0,0.0,494.85451001686954,477.5229501108722,444.49560765141763,404.6382825196017,376.2507006610798
4400,1.2222222222222223,25.0,0.0,0.0,0.0,494.69774324596557,477.3752822122499,444.3841869809481,404.59559186501195,376.26972601096065
4410,1.225,25.0,0.0,0.0,0.0,494.541039815226,477.2277350694272,444.27289679446426,404.55288705402984,376.28854413582417
4420,1.2277777777777779,25.0,0.0,0.0,0.0,494.3843998999577,477.08030849955713,444.16173655647344,404.5101679307166,376.3071557148797
4430,1.2305555555555556,25.0,0.0,0.0,0.0,494.22782367425157,476.9330023198516,444.05070573400513,404.46743434066303,376.3255614244458
4440,1.2333333333333334,25.0,0.0,0.0,0.0,494.07131131098674,476.78581634758524,443.9398037965993,404.4246861309783,376.34376193796584
4450,1.2361111111111112,25.0,0.0,0.0,0.0,493.91486298183526,476.63875040009935,443.8290302162943,404.381923150278,376.36175792602245
4460,1.238888888888889,25.0,0.0,0.0,0.0,493.7584788572664,476.49180429480566,443.7183844676154,404.33914524867316,376.37955005635285
4470,1.2416666666666667,25.0,0.0,0.0,0.0,493.60215910655126,476.3449778491899,443.6078660275628,404.2963522777586,376.3971389938638
4480,1.2444444444444445,25.0,0.0,0.0,0.0,493.44590389776704,476.1982708808157,443.49747437559995,404.25354409060196,376.414525400646
4490,1.2472222222222222,25.0,0.0,0.0,0.0,493.2897133978017,476.0516832073281,443.38720899364205,404.21072054173237,376.4317099359893
4500,1.25,25.0,0.0,0.0,0.0,493.13358777235806,475.9052146464571,443.27706936604443,404.1678814871295,376.44869325639684
4510,1.2527777777777778,25.0,0.0,0.0,0.0,492.97752718595865,475.7588650160214,443.167054979591,404.12502678421237,376.46547601559985
4520,1.2555555555555555,25.0,0.0,0.0,0.0,492.82153180194985,475.6126341339316,443.0571653234827,404.0821562918289,376.48205886457197
4530,1.2583333333333333,25.0,0.0,0.0,0.0,492.6656017825064,475.4665218181938,442.94739988932633,404.0392698702446,376.4984424515436
4540,1.261111111111111,25.0,0.0,0.0,0.0,492.509737288636,475.32052788691317,442.83775817112297,403.9963673811322,376.51462742201625
4550,1.2638888888888888,25.0,0.0,0.0,0.0,492.35393848018333,475.17465215829685,442.7282396652567,403.95344868756086,376.53061441877657
4560,1.2666666666666666,25.0,0.0,0.0,0.0,492.19820551583484,475.02889445065773,442.61884387048343,403.9105136539857,376.5464040819106
4570,1.2694444444444444,25.0,0.0,0.0,0.0,492.042538553123,474.8832545824174,442.50957028791964,403.86756214623705,376.5619970488177
4580,1.2722222222222221,25.0,0.0,0.0,0.0,491.88693774843074,474.73773237210946,442.4004184210313,403.8245940315105,376.5773939542245
4590,1.275,25.0,0.0,0.0,0.0,491.73140325699586,474.5923276383828,442.2913877756227,403.78160917835623,376.59259543019857
4600,1.2777777777777777,25.0,0.0,0.0,0.0,491.5759352329154,474.44704020000455,442.1824778598253,403.7386074566689,376.6076021061625
4610,1.2805555555555554,25.0,0.0,0.0,0.0,491.42053382915003,474.30186987586325,442.0736881840871,403.69558873767744,376.6224146089074
4620,1.2833333333333334,25.0,0.0,0.0,0.0,491.2651991975285,474.15681648497196,441.9650182611612,403.652552893935,376.6370335626063
4630,1.2861111111111112,25.0,0.0,0.0,0.0,491.10993148875184,474.0118798464711,441.8564676060954,403.609499799309,376.6514595888281
4640,1.288888888888889,25.0,0.0,0.0,0.0,490.95473085239803,473.8670597796316,441.7480357362209,403.56642932897097,376.6656933065507
4650,1.2916666666666667,25.0,0.0,0.0,0.0,490.7995974369261,473.7223561038576,441.63972217114195,403.5233413593871,376.67973533217435
4660,1.2944444444444445,25.0,0.0,0.0,0.0,490.64453138968065,473.5777686386895,441.5315264327247,403.480235768308,376.6935862795351
4670,1.2972222222222223,25.0,0.0,0.0,0.0,490.4895328568962,473.4332972038069,441.4234480450869,403.4371124347593,376.7072467599179
4680,1.3,25.0,0.0,0.0,0.0,490.3346019837013,473.288941619031,441.31548653458685,403.39397123903194,376.7207173820696
4690,1.3027777777777778,25.0,0.0,0.0,0.0,490.17973891412333,473.1447017043277,441.20764142981324,403.3508120626727,376.7339987522123
4700,1.3055555555555556,25.0,0.0,0.0,0.0,490.0249437910924,473.0005772798103,441.0999122615743,403.3076347884744,376.747091474056
4710,1.3083333333333333,25.0,0.0,0.0,0.0,489.87021675644604,472.856568165742,440.99229856288736,403.2644393004669,376.75999614881164
4720,1.3111111111111111,25.0,0.0,0.0,0.0,489.71555795093315,472.7126741825386,440.8847998689686,403.2212254839075,376.7727133752039
4730,1.3138888888888889,25.0,0.0,0.0,0.0,489.5609675142187,472.5688951507713,440.7774157172224,403.1779932252718,376.785243749484
4740,1.3166666666666667,25.0,0.0,0.0,0.0,489.40644558488776,472.425230891169,440.67014564723115,403.13474241224435,376.7975878654421
4750,1.3194444444444444,25.0,0.0,0.0,0.0,489.25199230045,472.28168122462097,440.5629892007449,403.09147293370967,376.80974631442024
4760,1.3222222222222222,25.0,0.0,0.0,0.0,489.0976077973438,472.13824597217933,440.4559459216711,403.0481846797431,376.8217196853247
4770,1.325,25.0,0.0,0.0,0.0,488.9432922109408,471.99492495506144,440.34901535606457,403.0048775416018,376.83350856463835
4780,1.3277777777777777,25.0,0.0,0.0,0.0,488.7890456755499,471.85171799465235,440.24219705211704,402.96155141171596,376.84511353643313
4790,1.3305555555555555,25.0,0.0,0.0,0.0,488.63486832442175,471.7086249125073,440.1354905601473,402.91820618367984,376.8565351823823
4800,1.3333333333333333,25.0,0.0,0.0,0.0,488.4807602897529,471.56564553035383,440.028895432591,402.874841752243,376.86777408177267
4810,1.336111111111111,25.0,0.0,0.0,0.0,488.3267217026901,471.4227796700944,439.9224112239908,402.8314580133015,376.8788308115168
4820,1.3388888888888888,25.0,0.0,0.0,0.0,488.1727526933347,471.2800271538084,439.8160374909863,402.78805486388944,376.889705946165
4830,1.3416666666666666,25.0,0.0,0.0,0.0,488.01885339074664,471.1373878037545,439.7097737923039,402.7446322021701,376.90040005791735
4840,1.3444444444444446,25.0,0.0,0.0,0.0,487.86502392294886,470.99486144237284,439.60361968874753,402.7011899274278,376.9109137166357
4850,1.3472222222222223,25.0,0.0,0.0,0.0,487.7112644169315,470.8524478922873,439.4975747431882,402.6577279400589,376.92124748985555
4860,1.35,25.0,0.0,0.0,0.0,487.5575749986561,470.7101469763075,439.3916385205545,402.614246141564,376.93140194279766
4870,1.3527777777777779,25.0,0.0,0.0,0.0,487.4039557930599,470.567958517431,439.285810587823,402.5707444345392,376.94137763838006
4880,1.3555555555555556,25.0,0.0,0.0,0.0,487.25040692405986,470.42588233884544,439.1800905140082,402.527222722668,376.9511751372294
4890,1.3583333333333334,25.0,0.0,0.0,0.0,487.0969285145572,470.28391826393045,439.0744778701534,402.48368091071296,376.960794997693
4900,1.3611111111111112,25.0,0.0,0.0,0.0,486.9435206864412,470.1420661162597,438.96897222932046,402.4401189045077,376.97023777584974
4910,1.363888888888889,25.0,0.0,0.0,0.0,486.79018356059373,470.0003257196029,438.86357316658086,402.39653661094883,376.97950402552215
4920,1.3666666666666667,25.0,0.0,0.0,0.0,486.6369172568932,469.8586968979279,438.75828025900586,402.35293393798776,376.9885942982874
4930,1.3694444444444445,25.0,0.0,0.0,0.0,486.4837218942188,469.71717947540236,438.6530930856571,402.3093107946229,376.99750914348874
4940,1.3722222222222222,25.0,0.0,0.0,0.0,486.33059759045466,469.57577327639575,438.54801122757715,402.2656670908916,377.00624910824683
4950,1.375,25.0,0.0,0.0,0.0,486.1775444624941,469.4344781254813,438.44303426778026,402.2220027378626,377.0148147374709
4960,1.3777777777777778,25.0,0.0,0.0,0.0,486.0245626262436,469.2932938474377,438.338161791243,402.1783176476279,377.02320657386974
4970,1.3805555555555555,25.0,0.0,0.0,0.0,485.8716521966271,469.15222026725104,438.23339338489484,402.1346117332953,377.031425157963
4980,1.3833333333333333,25.0,0.0,0.0,0.0,485.71881328758997,469.01125721011636,438.1287286376091,402.0908849089805,377.03947102809195
4990,1.386111111111111,25.0,0.0,0.0,0.0,485.5660460121033,468.8704045014397,438.02416714019347,402.04713708979983,377.0473447204307
5000,1.3888888888888888,25.0,0.0,0.0,0.0,485.4133504821679,468.7296619668395,437.9197084853813,402.0033681918623,377.0550467689968
5010,1.3916666666666666,25.0,0.0,0.0,0.0,485.2607268088184,468.5890294321486,437.81535226782205,401.9595781322624,377.06257770566225
5020,1.3944444444444444,25.0,0.0,0.0,0.0,485.1081751021274,468.4485067234157,437.7110980840725,401.9157668290725,377.0699380601641
5030,1.3972222222222221,25.0,0.0,0.0,0.0,484.9556954712095,468.3080936669069,437.60694553258753,401.87193420133553,377.0771283601152
5040,1.4,25.0,0.0,0.0,0.0,484.8032880242254,468.1677900891077,437.5028942137114,401.82808016905784,377.0841491310149
5050,1.4027777777777777,25.0,0.0,0.0,0.0,484.65095286838607,468.0275958167241,437.3989437296685,401.7842046532015,377.0910008962595
5060,1.4055555555555554,25.0,0.0,0.0,0.0,484.49869010995656,467.88751067668454,437.29509368455456,401.74030757567755,377.09768417715287
5070,1.4083333333333334,25.0,0.0,0.0,0.0,484.34649985426023,467.74753449614116,437.19134368432805,401.6963888593384,377.10419949291673
5080,1.4111111111111112,25.0,0.0,0.0,0.0,484.1943822056828,467.6076671024714,437.0876933368009,401.6524484279712,377.11054736070116
5090,1.413888888888889,25.0,0.0,0.0,0.0,484.0423372676763,467.4679083232796,436.9841422516301,401.6084862062903,377.1167282955949
5100,1.4166666666666667,25.0,0.0,0.0,0.0,483.89036514276313,467.32825798639817,436.8806900403088,401.56450211993064,377.1227428106356
5110,1.4194444444444445,25.0,0.0,0.0,0.0,483.73846593254007,467.1887159198893,436.77733631615774,401.52049609544054,377.12859141682003
5120,1.4222222222222223,25.0,0.0,0.0,0.0,483.5866397376823,467.04928195204616,436.67408069431633,401.47646806027495,377.1342746231142
5130,1.425,25.0,0.0,0.0,0.0,483.43488665794723,466.9099559113944,436.57092279173435,401.43241794278856,377.13979293646355
5140,1.4277777777777778,25.0,0.0,0.0,0.0,483.2832067921788,466.7707376266933,436.46786222716327,401.38834567222904,377.14514686180286
5150,1.4305555555555556,25.0,0.0,0.0,0.0,483.1316002383112,466.63162692693743,436.3648986211477,401.3442511787302,377.1503369020662
5160,1.4333333333333333,25.0,0.0,0.0,0.0,482.98006709337284,466.4926236413576,436.2620315960168,401.3001343933054,377.15536355819705
5170,1.4361111111111111,25.0,0.0,0.0,0.0,482.8286074534904,466.3537275994225,436.159260775876,401.25599524784093,377.160227329158
5180,1.4388888888888889,25.0,0.0,0.0,0.0,482.6772214138928,466.21493863083947,436.05658578659865,401.2118336750892,377.16492871194043
5190,1.4416666666666667,25.0,0.0,0.0,0.0,482.5259090689151,466.0762565655562,435.95400625581726,401.16764960866254,377.16946820157455
5200,1.4444444444444444,25.0,0.0,0.0,0.0,482.3746705120023,465.9376812337617,435.8515218129157,401.12344298302634,377.17384629113894
5210,1.4472222222222222,25.0,0.0,0.0,0.0,482.2235058357134,465.79921246588754,435.7491320890204,401.0792137334929,377.17806347177014
5220,1.45,25.0,0.0,0.0,0.0,482.0724151317253,465.660850092609,435.6468367169926,401.03496179621493,377.18212023267233
5230,1.4527777777777777,25.0,0.0,0.0,0.0,481.92139849083657,465.5225939448463,435.54463533141967,400.9906871081791,377.18601706112673
5240,1.4555555555555555,25.0,0.0,0.0,0.0,481.7704560029715,465.38444385376545,435.4425275686072,400.9463896071999,377.1897544425013
5250,1.4583333333333333,25.0,0.0,0.0,0.0,481.61958775718387,465.2463996507797,435.34051306657085,400.90206923191323,377.19333286025983
5260,1.461111111111111,25.0,0.0,0.0,0.0,481.46879384166084,465.10846116755044,435.23859146502815,400.8577259217704,377.1967527959717
5270,1.4638888888888888,25.0,0.0,0.0,0.0,481.31807434372683,464.97062823598816,435.1367624053905,400.8133596170317,377.2000147293208
5280,1.4666666666666666,25.0,0.0,0.0,0.0,481.1674293498473,464.8329006882537,435.0350255307552,400.76897025876053,377.203119138115
5290,1.4694444444444446,25.0,0.0,0.0,0.0,481.01685894563263,464.69527835675905,434.9333804858974,400.7245577888171,377.20606649829546
5300,1.4722222222222223,25.0,0.0,0.0,0.0,480.866363215842,464.5577610741685,434.831826917262,400.6801221498526,377.20885728394546
5310,1.475,25.0,0.0,0.0,0.0,480.7159422443871,464.42034867339964,434.7303644729561,400.63566328530317,377.2114919672998
5320,1.4777777777777779,25.0,0.0,0.0,0.0,480.565596114336,464.28304098762413,434.6289928027409,400.5911811393839,377.2139710187538
5330,1.4805555555555556,25.0,0.0,0.0,0.0,480.4153249079169,464.1458378502687,434.5277115580239,400.5466756570829,377.2162949068721
5340,1.4833333333333334,25.0,0.0,0.0,0.0,480.2651287065219,464.0087390950162,434.42652039185094,400.5021467841557,377.21846409839793
5350,1.4861111111111112,25.0,0.0,0.0,0.0,480.11500759071095,463.87174455580634,434.32541895889875,400.45759446711907,377.2204790582617
5360,1.488888888888889,25.0,0.0,0.0,0.0,479.96496164021534,463.7348540668366,434.22440691546706,400.41301865324556,377.22234024958993
5370,1.4916666666666667,25.0,0.0,0.0,0.0,479.81499093394166,463.5980674625631,434.12348391947086,400.3684192905577,377.22404813371435
5380,1.4944444444444445,25.0,0.0,0.0,0.0,479.6650955499755,463.4613845777015,434.0226496304328,400.32379632782227,377.22560317018014
5390,1.4972222222222222,25.0,0.0,0.0,0.0,479.51527556558506,463.3248052472277,433.92190370947566,400.27914971454464,377.227005816755
5400,1.5,32.0,0.0,0.0,0.0,479.365531057225,463.18832930637865,433.82124581931464,400.2344794009633,377.2282565294377
5410,1.5027777777777778,32.0,0.0,0.0,0.0,479.21586210054016,463.05195659065333,433.7206756242499,400.18978533804426,377.22935576246664
5420,1.5055555555555555,32.0,0.0,0.0,0.0,479.0662687703692,462.9156869358132,433.62019279015897,400.1450674774754,377.2303039683284
5430,1.5083333333333333,32.0,0.0,0.0,0.0,478.9167511407483,462.7795201778832,433.51979698448935,400.10032577166123,377.23110159776644
5440,1.511111111111111,32.0,0.0,0.0,0.0,478.76730928491486,462.6434561531524,433.419487876251,400.0555601737173,377.23174909978917
5450,1.5138888888888888,32.0,0.0,0.0,0.0,478.61794327531106,462.5074946981746,433.3192651360091,400.01077063746493,377.2322469216788
5460,1.5166666666666666,32.0,0.0,0.0,0.0,478.4686531835878,462.37163564976925,433.2191284358764,399.9659571174257,377.23259550899934
5470,1.5194444444444444,32.0,0.0,0.0,0.0,478.319439080608,462.23587884502194,433.1190774495062,399.9211195688163,377.2327953056052
5480,1.5222222222222221,32.0,0.0,0.0,0.0,478.17030103645055,462.1002241212851,433.0191118520848,399.8762579475432,377.23284675364914
5490,1.525,32.0,0.0,0.0,0.0,478.02123912041367,461.96467131617874,432.91923132032434,399.83137221019723,377.2327502935909
5500,1.5277777777777777,32.0,0.0,0.0,0.0,477.8722534010187,461.8292202675909,432.81943553245566,399.78646231404883,377.2325063642051
5510,1.5305555555555554,32.0,0.0,0.0,0.0,477.7233439460137,461.6938708136786,432.71972416822086,399.74152821704246,377.23211540258933
5520,1.5333333333333334,32.0,0.0,0.0,0.0,477.57451082237685,461.5586227928679,432.6200969088664,399.6965698777917,377.2315778441724
5530,1.5361111111111112,32.0,0.0,0.0,0.0,477.4257540963203,461.423476043855,432.5205534371358,399.65158725557416,377.2308941227224
5540,1.538888888888889,32.0,0.0,0.0,0.0,477.2770738332937,461.2884304056065,432.4210934372626,399.60658031032636,377.2300646703545
5550,1.5416666666666667,32.0,0.0,0.0,0.0,477.1284700979875,461.1534857173601,432.32171659496333,399.56154900263874,377.22908991753906
5560,1.5444444444444445,32.0,0.0,0.0,0.0,476.97994295433676,461.0186418186251,432.22242259743047,399.51649329375084,377.2279702931095
5570,1.5472222222222223,32.0,0.0,0.0,0.0,476.8314924655247,460.8838985491828,432.1232111333253,399.47141314554614,377.2267062242702
5580,1.55,32.0,0.0,0.0,0.0,476.68311869398616,460.7492557490871,432.0240818927712,399.4263085205473,377.2252981366042
5590,1.5527777777777778,32.0,0.0,0.0,0.0,476.534821701411,460.6147132586652,431.92503456734664,399.3811793819113,377.22374645408115
5600,1.5555555555555556,32.0,0.0,0.0,0.0,476.38660154874776,460.48027091851753,431.82606885007806,399.33602569342463,377.2220515990649
5610,1.5583333333333333,32.0,0.0,0.0,0.0,476.2384582962073,460.3459285695189,431.7271844354333,399.2908474194984,377.2202139923213
5620,1.5611111111111111,32.0,0.0,0.0,0.0,476.09039200326583,460.2116860528184,431.6283810193146,399.24564452516364,377.2182340530257
5630,1.5638888888888889,32.0,0.0,0.0,0.0,475.94240272866887,460.07754320984,431.5296582990519,399.2004169760667,377.2161121987707
5640,1.5666666666666667,32.0,0.0,0.0,0.0,475.7944905304344,459.9434998822831,431.43101597339603,399.1551647384644,377.21384884557364
5650,1.5694444444444444,32.0,0.0,0.0,0.0,475.6466554658566,459.8095559121228,431.33245374251186,399.10988777921943,377.2114444078842
5660,1.5722222222222222,32.0,0.0,0.0,0.0,475.498897591509,459.67571114161035,431.2339713079718,399.06458606579577,377.2088992985917
5670,1.575,32.0,0.0,0.0,0.0,475.35121696324796,459.5419654132735,431.135568372749,399.01925956625416,377.20621392903274
5680,1.5777777777777777,32.0,0.0,0.0,0.0,475.20361363621635,459.4083185699168,431.0372446412107,398.97390824924736,377.20338870899855
5690,1.5805555555555555,32.0,0.0,0.0,0.0,475.0560876648467,459.2747704546221,430.93899981911176,398.9285320840159,377.2004240467423
5700,1.5833333333333333,32.0,0.0,0.0,0.0,474.9086391028647,459.14132091074885,430.8408336135879,398.8831310403833,377.1973203489863
5710,1.586111111111111,32.0,0.0,0.0,0.0,474.76126800329257,459.00796978193426,430.74274573314926,398.837705088752,377.1940780209296
5720,1.5888888888888888,32.0,0.0,0.0,0.0,474.61397441845253,458.8747169120939,430.64473588767385,398.7922542000985,377.19069746625496
5730,1.5916666666666666,32.0,0.0,0.0,0.0,474.46675839997,458.7415621454217,430.546803788401,398.7467783459694,377.18717908713603
5740,1.5944444444444446,32.0,0.0,0.0,0.0,474.31961999877706,458.60850532639057,430.4489491479252,398.7012774984767,377.1835232842447
5750,1.5972222222222223,32.0,0.0,0.0,0.0,474.1725592651158,458.4755462997523,430.35117168018917,398.65575163029376,377.179730456758
5760,1.6,32.0,0.0,0.0,0.0,474.02557624854165,458.34268491053814,430.25347110047795,398.61020071465083,377.17580100236546
5770,1.6027777777777779,32.0,0.0,0.0,0.0,473.8786709979267,458.2099210040589,430.15584712541227,398.5646247253309,377.1717353172759
5780,1.6055555555555556,32.0,0.0,0.0,0.0,473.731843561463,458.0772544259053,430.0582994729423,398.5190236366653,377.16753379622435
5790,1.6083333333333334,32.0,0.0,0.0,0.0,473.5850939866659,457.94468502194803,429.96082786234126,398.4733974235298,377.1631968324794
5800,1.6111111111111112,32.0,0.0,0.0,0.0,473.43842232037736,457.8122126383381,429.8634320141993,398.42774606134014,377.1587248178498
5810,1.613888888888889,32.0,0.0,0.0,0.0,473.29182860876904,457.67983712150703,429.76611165041714,398.3820695260482,377.15411814269146
5820,1.6166666666666667,32.0,0.0,0.0,0.0,473.14531289734595,457.54755831816703,429.6688664941999,398.33636779413763,377.1493771959142
5830,1.6194444444444445,32.0,0.0,0.0,0.0,472.9988752309493,457.4153760753112,429.57169627005084,398.29064084261984,377.1445023649888
5840,1.6222222222222222,32.0,0.0,0.0,0.0,472.85251565376,457.28329024021366,429.4746007037653,398.2448886490301,377.1394940359534
5850,1.625,32.0,0.0,0.0,0.0,472.7062342093019,457.1513006604298,429.3775795224246,398.1991111914233,377.1343525934206
5860,1.6277777777777778,32.0,0.0,0.0,0.0,472.56003094044485,457.0194071837964,429.2806324543897,398.1533084483703,377.129078420584
5870,1.6305555555555555,32.0,0.0,0.0,0.0,472.41390588940806,456.8876096584316,429.18375922929556,398.10748039895356,377.12367189922475
5880,1.6333333333333333,32.0,0.0,0.0,0.0,472.26785909776333,456.7559079327354,429.0869595780446,398.0616270227635,377.11813340971844
5890,1.636111111111111,32.0,0.0,0.0,0.0,472.1218906064381,456.62430185538943,428.99023323280113,398.01574829989454,377.1124633310415
5900,1.6388888888888888,32.0,0.0,0.0,0.0,471.9760004557188,456.4927912753573,428.89357992698496,397.9698442109412,377.10666204077785
5910,1.6416666666666666,32.0,0.0,0.0,0.0,471.83018868525386,456.36137604188457,428.79699939526586,397.92391473699416,377.10072991512527
5920,1.6444444444444444,32.0,0.0,0.0,0.0,471.684455334057,456.2300560044988,428.7004913735573,397.87795985963675,377.09466732890206
5930,1.6472222222222221,32.0,0.0,0.0,0.0,471.53880044051044,456.0988310130099,428.60405559901085,397.8319795609408,377.08847465555334
5940,1.65,32.0,0.0,0.0,0.0,471.39322404236776,455.96770091750983,428.5076918100099,397.7859738234631,377.08215226715765
5950,1.6527777777777777,32.0,0.0,0.0,0.0,471.24772617675734,455.83666556837295,428.41139974616414,397.73994263024167,377.07570053443317
5960,1.6555555555555554,32.0,0.0,0.0,0.0,471.1023068801853,455.705724816256,428.31517914830374,397.69388596479195,377.0691198267441
5970,1.6583333333333334,32.0,0.0,0.0,0.0,470.95696618853873,455.5748785120981,428.2190297584734,397.6478038111032,377.062410512107
5980,1.6611111111111112,32.0,0.0,0.0,0.0,470.8117041370886,455.4441265071208,428.1229513199267,397.60169615363475,377.05557295719706
5990,1.663888888888889,32.0,0.0,0.0,0.0,470.66652076049314,455.3134686528281,428.0269435771203,397.5555629773126,377.04860752735425
6000,1.6666666666666667,32.0,0.0,0.0,0.0,470.5214160928006,455.1829048010065,427.9310062757082,397.5094042675255,377.0415145865897
6010,1.6694444444444445,32.0,0.0,0.0,0.0,470.3763901674526,455.052434803725,427.8351391625364,397.4632200101217,377.03429449759176
6020,1.6722222222222223,32.0,0.0,0.0,0.0,470.23144301728695,454.92205851333523,427.73934198563666,397.4170101914051,377.0269476217322
6030,1.675,32.0,0.0,0.0,0.0,470.0865746745408,454.79177578247106,427.6436144942213,397.370774798132,377.0194743190721
6040,1.6777777777777778,32.0,0.0,0.0,0.0,469.94178517085373,454.66158646404904,427.54795643867755,397.32451381750747,377.01187494836836
6050,1.6805555555555556,32.0,0.0,0.0,0.0,469.7970745372707,454.5314904112681,427.45236757056176,397.27822723718185,377.0041498670793
6060,1.6833333333333333,32.0,0.0,0.0,0.0,469.652442804245,454.40148747760963,427.3568476425942,397.2319150452474,376.99629943137097
6070,1.6861111111111111,32.0,0.0,0.0,0.0,469.5078900016415,454.2715775168374,427.2613964086532,397.18557723023474,376.988323996123
6080,1.6888888888888889,32.0,0.0,0.0,0.0,469.3634161587393,454.1417603829974,427.16601362376986,397.1392137811097,376.9802239149344
6090,1.6916666666666667,32.0,0.0,0.0,0.0,469.219021304235,454.01203593041805,427.07069904412253,397.0928246872696,376.9719995401299
6100,1.6944444444444444,32.0,0.0,0.0,0.0,469.0747054662455,453.88240401370996,426.97545242703137,397.04640993854036,376.96365122276535
6110,1.6972222222222222,32.0,0.0,0.0,0.0,468.93046867231106,453.7528644877658,426.8802735309528,396.9999695251727,376.95517931263385
6120,1.7,32.0,0.0,0.0,0.0,468.7863109493981,453.6234172077604,426.7851621154744,396.95350343783906,376.94658415827155
6130,1.7027777777777777,32.0,0.0,0.0,0.0,468.64223232390236,453.4940620291505,426.69011794130927,396.90701166763046,376.9378661069634
6140,1.7055555555555555,32.0,0.0,0.0,0.0,468.4982328216517,453.3647988076748,426.59514077029087,396.860494206053,376.9290255047488
6150,1.7083333333333333,32.0,0.0,0.0,0.0,468.3543124679089,453.2356273993537,426.50023036536754,396.81395104502474,376.9200626964274
6160,1.711111111111111,32.0,0.0,0.0,0.0,468.21047128737496,453.10654766048935,426.4053864905974,396.7673821768726,376.91097802556504
6170,1.7138888888888888,32.0,0.0,0.0,0.0,468.0667093041914,452.97755944766544,426.3106089111428,396.72078759432907,376.90177183449896
6180,1.7166666666666666,32.0,0.0,0.0,0.0,467.9230265419437,452.8486626177471,426.2158973932656,396.67416729052894,376.8924444643437
6190,1.7194444444444446,32.0,0.0,0.0,0.0,467.779423023664,452.7198570278807,426.12125170432125,396.62752125900636,376.8829962549968
6200,1.7222222222222223,32.0,0.0,0.0,0.0,467.63589877183364,452.591142535494,426.0266716127542,396.58084949369163,376.87342754514407
6210,1.725,32.0,0.0,0.0,0.0,467.4924538083866,452.4625189982955,425.9321568880925,396.5341519889082,376.8637386722654
6220,1.7277777777777779,32.0,0.0,0.0,0.0,467.34908815471186,452.33398627427476,425.83770730094244,396.4874287393694,376.85392997264023
6230,1.7305555555555556,32.0,0.0,0.0,0.0,467.20580183165646,452.2055442217021,425.74332262298395,396.4406797401757,376.84400178135286
6240,1.7333333333333334,32.0,0.0,0.0,0.0,467.06259485952825,452.0771926991283,425.649002626965,396.3939049868114,376.8339544322981
6250,1.7361111111111112,32.0,0.0,0.0,0.0,466.9194672580988,451.9489315653846,425.55474708669686,396.34710447514163,376.8237882581867
6260,1.738888888888889,32.0,0.0,0.0,0.0,466.776419046606,451.82076067958246,425.46055577704885,396.30027820140975,376.8135035905505
6270,1.7416666666666667,32.0,0.0,0.0,0.0,466.6334502437571,451.6926799011133,425.3664284739435,396.2534261622339,376.80310075974813
6280,1.7444444444444445,32.0,0.0,0.0,0.0,466.49056086773135,451.56468908964854,425.27236495435136,396.2065483546043,376.79258009497016
6290,1.7472222222222222,32.0,0.0,0.0,0.0,466.34775093618265,451.4367881051392,425.1783649962862,396.1596447758804,376.7819419242444
6300,1.75,32.0,0.0,0.0,0.0,466.2050204662427,451.3089768078157,425.08442837879994,396.1127154237878,376.7711865744413
6310,1.7527777777777778,32.0,0.0,0.0,0.0,466.0623694745232,451.18125505818784,424.9905548819778,396.06576029641553,376.7603143712791
6320,1.7555555555555555,32.0,0.0,0.0,0.0,465.91979797711923,451.05362271704433,424.89674428693337,396.01877939221316,376.7493256393291
6330,1.7583333333333333,32.0,0.0,0.0,0.0,465.77730598961136,450.92607964545283,424.8029963758037,395.9717727099878,376.73822070202084
6340,1.761111111111111,32.0,0.0,0.0,0.0,465.6348935270688,450.7986257047596,424.70931093174437,395.92474024890157,376.7269998816474
6350,1.7638888888888888,32.0,0.0,0.0,0.0,465.49256060405196,450.6712607565892,424.615687738925,395.8776820084686,376.71566349937024
6360,1.7666666666666666,32.0,0.0,0.0,0.0,465.35030723461506,450.5439846628445,424.5221265825239,395.8305979885522,376.70421187522476
6370,1.7694444444444444,32.0,0.0,0.0,0.0,465.20813343230895,450.416797285706,424.4286272487239,395.7834881893624,376.69264532812497
6380,1.7722222222222221,32.0,0.0,0.0,0.0,465.06603921018376,450.2896984876323,424.33518952470695,395.7363526114529,376.6809641758688
6390,1.775,32.0,0.0,0.0,0.0,464.9240245807915,450.16268813135895,424.2418131986499,395.6891912557186,376.669168735143
6400,1.7777777777777777,32.0,0.0,0.0,0.0,464.7820895561889,450.035766079899,424.1484980597194,395.64200412339267,376.65725932152833
6410,1.7805555555555554,32.0,0.0,0.0,0.0,464.64023414793985,449.90893219654237,424.0552438980675,395.5947912160441,376.6452362495044
6420,1.7833333333333334,32.0,0.0,0.0,0.0,464.4984583671181,449.78218634485546,423.9620505048268,395.54755253557477,376.6330998324547
6430,1.7861111111111112,32.0,0.0,0.0,0.0,464.3567622243098,449.6555283886812,423.8689176721058,395.5002880842172,376.6208503826714
6440,1.788888888888889,32.0,0.0,0.0,0.0,464.2151457296165,449.5289581921386,423.7758451929843,395.4529978645315,376.60848821136045
6450,1.7916666666666667,32.0,0.0,0.0,0.0,464.07360889265726,449.40247561962246,423.6828328615089,395.4056818794031,376.5960136286463
6460,1.7944444444444445,32.0,0.0,0.0,0.0,463.9321517225715,449.27608053580315,423.5898804726882,395.35834013204004,376.58342694357685
6470,1.7972222222222223,32.0,0.0,0.0,0.0,463.7907742280217,449.1497728056263,423.49698782248834,395.3109726259703,376.57072846412836
6480,1.8,32.0,0.0,0.0,0.0,463.64947641719556,449.02355229431254,423.4041547078285,395.26357936503945,376.55791849721
6490,1.8027777777777778,32.0,0.0,0.0,0.0,463.5082582978091,448.8974188673571,423.31138092657636,395.21616035340804,376.54499734866874
6500,1.8055555555555556,32.0,0.0,0.0,0.0,463.36711987710885,448.7713723905296,423.2186662775435,395.168715595549,376.53196532329434
6510,1.8083333333333333,32.0,0.0,0.0,0.0,463.22606116187444,448.64541272987384,423.126010560481,395.1212450962453,376.51882272482374
6520,1.8111111111111111,32.0,0.0,0.0,0.0,463.0850821584213,448.5195397517072,423.033413576075,395.07374886058733,376.5055698559459
6530,1.8138888888888889,32.0,0.0,0.0,0.0,462.9441828726031,448.3937533226206,422.9408751259423,395.02622689397066,376.4922070183066
6540,1.8166666666666667,32.0,0.0,0.0,0.0,462.8033633098142,448.2680533094781,422.8483950126257,394.9786792020933,376.47873451251286
6550,1.8194444444444444,32.0,0.0,0.0,0.0,462.66262347499213,448.1424395794165,422.75597303958995,394.9311057909535,376.46515263813774
6560,1.8222222222222222,32.0,0.0,0.0,0.0,462.5219633726204,448.0169119998451,422.6636090112171,394.88350666684727,376.4514616937249
6570,1.825,32.0,0.0,0.0,0.0,462.3813830067306,447.89147043844537,422.57130273280234,394.83588183636607,376.4376619767932
6580,1.8277777777777777,32.0,0.0,0.0,0.0,462.24088238090496,447.7661147631706,422.4790540105495,394.78823130639427,376.42375378384116
6590,1.8305555555555555,32.0,0.0,0.0,0.0,462.1004614982791,447.6408448422456,422.3868626515668,394.7405550841069,376.40973741035174
6600,1.8333333333333333,32.0,0.0,0.0,0.0,461.9601203615442,447.51566054416617,422.2947284638626,394.69285317696745,376.3956131507965
6610,1.836111111111111,32.0,0.0,0.0,0.0,461.81985897294953,447.39056173769904,422.20265125634114,394.6451255927252,376.3813812986404
6620,1.8388888888888888,32.0,0.0,0.0,0.0,461.6796773343048,447.2655482918814,422.1106308387982,394.59737233941325,376.36704214634614
6630,1.8416666666666666,32.0,0.0,0.0,0.0,461.53957544698284,447.14062007602035,422.01866702191694,394.54959342534613,376.35259598537857
6640,1.8444444444444446,32.0,0.0,0.0,0.0,461.39955331192175,447.01577695969297,421.9267596172636,394.5017888591174,376.3380431062091
6650,1.8472222222222223,32.0,0.0,0.0,0.0,461.2596109296275,446.89101881274553,421.83490843728345,394.4539586495976,376.32338379832026
6660,1.85,32.0,0.0,0.0,0.0,461.11974830017624,446.76634550529343,421.74311329529644,394.4061028059318,376.3086183502099
6670,1.8527777777777779,32.0,0.0,0.0,0.0,460.9799654232167,446.64175690772066,421.65137400549327,394.35822133753766,376.29374704939545
6680,1.8555555555555556,32.0,0.0,0.0,0.0,460.8402622979725,446.5172528906795,421.559690382931,394.3103142541028,376.27877018241867
6690,1.8583333333333334,32.0,0.0,0.0,0.0,460.7006389232447,446.3928333250902,421.4680622435292,394.2623815655831,376.26368803484945
6700,1.8611111111111112,32.0,0.0,0.0,0.0,460.561095297414,446.2684980821404,421.3764894040656,394.2144232822001,376.2485008912904
6710,1.863888888888889,32.0,0.0,0.0,0.0,460.4216314184432,446.14424703328507,421.28497168217217,394.166439414439,376.23320903538104
6720,1.8666666666666667,32.0,0.0,0.0,0.0,460.2822472838795,446.02008005024584,421.1935088963311,394.1184299730468,376.217812749802
6730,1.8694444444444445,32.0,0.0,0.0,0.0,460.1429428908567,445.89599700501077,421.1021008658706,394.0703949690295,376.20231231627935
6740,1.8722222222222222,32.0,0.0,0.0,0.0,460.0037182360979,445.7719977698339,421.01074741096113,394.0223344136507,376.1867080155885
6750,1.875,32.0,0.0,0.0,0.0,459.86457331591726,445.6480822172349,420.9194483526111,393.974248318429,376.1710001275589
6760,1.8777777777777778,32.0,0.0,0.0,0.0,459.7255081262229,445.5242502199987,420.8282035126631,393.9261366951361,376.1551889310776
6770,1.8805555555555555,32.0,0.0,0.0,0.0,459.58652266251875,445.4005016511749,420.7370127137899,393.8779995557949,376.1392747040938
6780,1.8833333333333333,32.0,0.0,0.0,0.0,459.44761691990703,445.27683638407774,420.6458757794905,393.82983691267697,376.12325772362277
6790,1.886111111111111,32.0,0.0,0.0,0.0,459.30879089309053,445.15325429228534,420.5547925340862,393.7816487783011,376.10713826575
6800,1.8888888888888888,32.0,0.0,0.0,0.0,459.17004457637483,445.02975524963944,420.4637628027166,393.7334351654307,376.0909166056353
6810,1.8916666666666666,32.0,0.0,0.0,0.0,459.03137796367054,444.90633913024504,420.372786411336,393.6851960870723,376.07459301751675
6820,1.8944444444444444,32.0,0.0,0.0,0.0,458.8927910484956,444.7830058084699,420.2818631867092,393.6369315564732,376.0581677747147
6830,1.8972222222222221,32.0,0.0,0.0,0.0,458.7542838239775,444.6597551589443,420.19099295640785,393.5886415871195,376.04164114963606
6840,1.9,32.0,0.0,0.0,0.0,458.6158562828556,444.5365870565602,420.1001755488066,393.54032619273437,376.02501341377786
6850,1.9027777777777777,32.0,0.0,0.0,0.0,458.477508417483,444.41350137647146,420.00941079307916,393.49198538727586,376.00828483773154
6860,1.9055555555555554,32.0,0.0,0.0,0.0,458.3392402198294,444.29049799409285,419.91869851919466,393.443619184935,375.99145569118673
6870,1.9083333333333334,32.0,0.0,0.0,0.0,458.2010516814826,444.1675767850999,419.8280385579139,393.3952276001341,375.9745262429353
6880,1.9111111111111112,32.0,0.0,0.0,0.0,458.06294279365125,444.0447376254286,419.7374307407853,393.34681064752436,375.9574967608752
6890,1.913888888888889,32.0,0.0,0.0,0.0,457.92491354716657,443.9219803912745,419.6468749001416,393.2983683419845,375.9403675120142
6900,1.9166666666666667,32.0,0.0,0.0,0.0,457.786963932485,443.7993049590928,419.55637086909576,393.2499006986185,375.9231387624739
6910,1.9194444444444445,32.0,0.0,0.0,0.0,457.64909393968986,443.6767112055977,419.4659184815374,393.2014077327538,375.9058107774938
6920,1.9222222222222223,32.0,0.0,0.0,0.0,457.5113035584941,443.55419900776195,419.3755175721292,393.1528894599396,375.8883838214346
6930,1.925,32.0,0.0,0.0,0.0,457.3735927782418,443.4317682428164,419.285167976303,393.1043458959448,375.87085815778244
6940,1.9277777777777778,32.0,0.0,0.0,0.0,457.2359615879109,443.3094187882497,419.1948695302565,393.05577705675626,375.8532340491525
6950,1.9305555555555556,32.0,0.0,0.0,0.0,457.0984099761148,443.1871505218076,419.1046220709492,393.007182958577,375.83551175729275
6960,1.9333333333333333,32.0,0.0,0.0,0.0,456.96093793110504,443.0649633214929,419.0144254360991,392.9585636178243,375.81769154308785
6970,1.9361111111111111,32.0,0.0,0.0,0.0,456.8235454407729,442.9428570655645,418.92427946417905,392.90991905112804,375.7997736665627
6980,1.9388888888888889,32.0,0.0,0.0,0.0,456.6862324926518,442.82083163253753,418.834183994413,392.8612492753287,375.7817583868863
6990,1.9416666666666667,32.0,0.0,0.0,0.0,456.5489990739194,442.6988869011824,418.7441388667727,392.8125543074758,375.7636459623752
7000,1.9444444444444444,32.0,0.0,0.0,0.0,456.4118451713994,442.57702275052463,418.65414392197374,392.76383416482605,375.7454366504976
7010,1.9472222222222222,32.0,0.0,0.0,0.0,456.2747707715641,442.4552390598444,418.5641990014725,392.7150888648416,375.7271307078765
7020,1.95,32.0,0.0,0.0,0.0,456.13777586053595,442.333535708676,418.4743039474624,392.66631842518836,375.70872839029363
7030,1.9527777777777777,32.0,0.0,0.0,0.0,456.00086042409004,442.21191257680726,418.3844586028702,392.61752286373405,375.69022995269313
7040,1.9555555555555555,32.0,0.0,0.0,0.0,455.8640244476558,442.09036954427944,418.29466281135296,392.5687021985469,375.67163564918485
7050,1.9583333333333333,32.0,0.0,0.0,0.0,455.7272679163195,441.9689064913865,418.20491641729427,392.51985644789346,375.6529457330482
7060,1.961111111111111,32.0,0.0,0.0,0.0,455.5905908148256,441.84752329867473,418.1152192658008,392.47098563023735,375.63416045673563
7070,1.9638888888888888,32.0,0.0,0.0,0.0,455.4539931275795,441.72621984694223,418.02557120269904,392.42208976423734,375.6152800718761
7080,1.9666666666666666,32.0,0.0,0.0,0.0,455.3174748386491,441.6049960172386,417.93597207453166,392.3731688687457,375.5963048292787
7090,1.9694444444444446,32.0,0.0,0.0,0.0,455.181035931767,441.48385169086424,417.84642172855433,392.3242229628067,375.57723497893613
7100,1.9722222222222223,32.0,0.0,0.0,0.0,455.0446763903323,441.3627867493702,417.75692001273217,392.2752520656546,375.55807077002817
7110,1.975,32.0,0.0,0.0,0.0,454.9083961974129,441.2418010745573,417.6674667757365,392.22625619671265,375.5388124509251
7120,1.9777777777777779,32.0,0.0,0.0,0.0,454.77219533574726,441.12089454847614,417.57806186694137,392.1772353755907,375.5194602691913
7130,1.9805555555555556,32.0,0.0,0.0,0.0,454.6360737877464,441.0000670534263,417.4887051364203,392.12818962208434,375.5000144715886
7140,1.9833333333333334,32.0,0.0,0.0,0.0,454.50003153549596,440.87931847195586,417.399396434943,392.07911895617264,375.4804753040797
7150,1.9861111111111112,32.0,0.0,0.0,0.0,454.364068560758,440.7586486868612,417.3101356139719,392.0300233980171,375.46084301183146
7160,1.988888888888889,32.0,0.0,0.0,0.0,454.22818484497316,440.6380575811862,417.2209225256591,391.9809029679597,375.4411178392185
7170,1.9916666666666667,32.0,0.0,0.0,0.0,454.09238036926234,440.51754503822207,417.13175702284286,391.9317576865216,375.42130002982657
7180,1.9944444444444445,32.0,0.0,0.0,0.0,453.95665511442894,440.39711094150664,417.0426389590445,391.88258757440144,375.4013898264556
7190,1.9972222222222222,32.0,0.0,0.0,0.0,453.82100906096053,440.276755174824,416.95356818846506,391.83339265247383,375.38138747112333
7200,2.0,28.0,0.0,0.0,0.0,453.6854421890309,440.1564776222041,416.86454456598216,391.7841729417878,375.36129320506853
7210,2.0027777777777778,28.0,0.0,0.0,0.0,453.5499544785019,440.036278167922,416.7755679471467,391.73492846356527,375.34110726875434
7220,2.0055555555555555,28.0,0.0,0.0,0.0,453.41454590892533,439.91615669649764,416.6866381881798,391.6856592391997,375.32082990187143
7230,2.0083333333333333,28.0,0.0,0.0,0.0,453.279216459545,439.79611309269535,416.5977551459694,391.63636529025433,375.3004613433414
7240,2.011111111111111,28.0,0.0,0.0,0.0,453.14396610929833,439.6761472415232,416.5089186780673,391.58704663846095,375.28000183132
7250,2.013888888888889,28.0,0.0,0.0,0.0,453.0087948368185,439.5562590282327,416.4201286426859,391.5377033057182,375.2594516032004
7260,2.0166666666666666,28.0,0.0,0.0,0.0,452.87370262043606,439.4364483383182,416.33138489869503,391.4883353140902,375.2388108956162
7270,2.0194444444444444,28.0,0.0,0.0,0.0,452.73868943818104,439.3167150575165,416.242687305619,391.43894268580516,375.218079944445
7280,2.022222222222222,28.0,0.0,0.0,0.0,452.6037552677846,439.1970590718062,416.1540357236333,391.3895254432538,375.1972589848112
7290,2.025,28.0,0.0,0.0,0.0,452.46890008668106,439.07748026740757,416.0654300135616,391.340083608988,375.1763482510895
7300,2.0277777777777777,28.0,0.0,0.0,0.0,452.33412387200957,438.95797853078153,415.9768700368727,391.2906172057194,375.1553479769078
7310,2.0305555555555554,28.0,0.0,0.0,0.0,452.19942660061594,438.8385537486296,415.88835565567734,391.2411262563179,375.1342583951506
7320,2.033333333333333,28.0,0.0,0.0,0.0,452.0648082490546,438.7192058078933,415.7998867327254,391.19161078381023,375.11307973796175
7330,2.036111111111111,28.0,0.0,0.0,0.0,451.93026879359024,438.59993459575355,415.71146313140247,391.14207081137863,375.09181223674796
7340,2.0388888888888888,28.0,0.0,0.0,0.0,451.7958082101998,438.4807399996304,415.6230847157273,391.09250636235953,375.0704561221816
7350,2.0416666666666665,28.0,0.0,0.0,0.0,451.6614264745741,438.36162190718215,415.5347513503484,391.042917460242,375.049011624204
7360,2.0444444444444443,28.0,0.0,0.0,0.0,451.5271235621197,438.24258020630543,415.4464629005413,390.9933041286664,375.02747897202835
7370,2.047222222222222,28.0,0.0,0.0,0.0,451.39289944796064,438.1236147851342,415.3582192322054,390.9436663914233,375.00585839414276
7380,2.05,28.0,0.0,0.0,0.0,451.25875410694033,438.00472553203946,415.27002021186115,390.89400427245164,374.98415011831344
7390,2.0527777777777776,28.0,0.0,0.0,0.0,451.1246875136231,437.8859123356288,415.18186570664705,390.84431779583787,374.9623543715875
7400,2.0555555555555554,28.0,0.0,0.0,0.0,450.99069964229614,437.7671750847458,415.0937555843167,390.7946069858143,374.94047138029606
7410,2.058333333333333,28.0,0.0,0.0,0.0,450.8567904669712,437.6485136684697,415.00568971323577,390.744871866758,374.9185013700574
7420,2.061111111111111,28.0,0.0,0.0,0.0,450.7229599613862,437.5299279761147,414.91766796237937,390.6951124631892,374.8964445657796
7430,2.063888888888889,28.0,0.0,0.0,0.0,450.5892080990073,437.4114178972296,414.8296902013289,390.64532879977037,374.8743011916637
7440,2.066666666666667,28.0,0.0,0.0,0.0,450.4555348530302,437.2929833215974,414.7417563002693,390.59552090130455,374.85207147120667
7450,2.0694444444444446,28.0,0.0,0.0,0.0,450.3219401963821,437.17462413923437,414.6538661299861,390.5456887927344,374.8297556272043
7460,2.0722222222222224,28.0,0.0,0.0,0.0,450.18842410172346,437.0563402403901,414.56601956186273,390.49583249914053,374.80735388175395
7470,2.075,28.0,0.0,0.0,0.0,450.05498654144947,436.9381315155468,414.4782164678775,390.44595204574074,374.78486645625776
7480,2.077777777777778,28.0,0.0,0.0,0.0,449.921627487692,436.81999785541865,414.39045672060075,390.39604745788824,374.76229357142523
7490,2.0805555555555557,28.0,0.0,0.0,0.0,449.78834691232106,436.70193915095143,414.30274019319234,390.3461187610707,374.7396354472763
7500,2.0833333333333335,28.0,0.0,0.0,0.0,449.65514478694666,436.5839552933221,414.2150667593985,390.2961659809091,374.7168923031442
7510,2.0861111111111112,28.0,0.0,0.0,0.0,449.52202108292045,436.4660461739382,414.1274362935492,390.2461891431562,374.69406435767814
7520,2.088888888888889,28.0,0.0,0.0,0.0,449.38897577133724,436.34821168443733,414.0398486705554,390.19618827369544,374.67115182884623
7530,2.091666666666667,28.0,0.0,0.0,0.0,449.2560088230368,436.23045171668673,413.9523037659062,390.14616339853984,374.6481549339383
7540,2.0944444444444446,28.0,0.0,0.0,0.0,449.1231202086054,436.11276616278275,413.8648014556663,390.09611454383065,374.62507388956874
7550,2.0972222222222223,28.0,0.0,0.0,0.0,448.99030989837775,435.99515491505036,413.77734161647294,390.0460417358362,374.6019089116792
7560,2.1,28.0,0.0,0.0,0.0,448.8575778624381,435.8776178660426,413.6899241255335,389.9959450009507,374.57866021554133
7570,2.102777777777778,28.0,0.0,0.0,0.0,448.7249240706224,435.7601549085402,413.6025488606225,389.9458243656931,374.55532801575976
7580,2.1055555555555556,28.0,0.0,0.0,0.0,448.59234849251953,435.6427659355509,413.5152157000793,389.8956798567059,374.5319125262746
7590,2.1083333333333334,28.0,0.0,0.0,0.0,448.4598510974731,435.52545084030925,413.427924522805,389.8455115007539,374.5084139603643
7600,2.111111111111111,28.0,0.0,0.0,0.0,448.32743185458315,435.4082095162757,413.3406752082599,389.79531932472315,374.48483253064836
7610,2.113888888888889,28.0,0.0,0.0,0.0,448.1950907327075,435.2910418571364,413.2534676364611,389.7451033556198,374.46116844909
7620,2.1166666666666667,28.0,0.0,0.0,0.0,448.06282770046346,435.1739477568027,413.1663016879795,389.6948636205688,374.43742192699887
7630,2.1194444444444445,28.0,0.0,0.0,0.0,447.93064272622945,435.05692710941054,413.0791772439374,389.644600146813,374.41359317503367
7640,2.1222222222222222,28.0,0.0,0.0,0.0,447.7985357781466,434.9399798093199,412.9920941860058,389.5943129617118,374.38968240320503
7650,2.125,28.0,0.0,0.0,0.0,447.6665068241201,434.82310575111444,412.9050523964017,389.54400209274024,374.3656898208779
7660,2.1277777777777778,28.0,0.0,0.0,0.0,447.53455583182114,434.70630482960104,412.8180517578857,389.49366756748776,374.34161563677424
7670,2.1305555555555555,28.0,0.0,0.0,0.0,447.402682768688,434.58957693980904,412.7310921537594,389.44330941365706,374.3174600589758
7680,2.1333333333333333,28.0,0.0,0.0,0.0,447.27088760192805,434.47292197699005,412.6441734678626,389.3929276590631,374.29322329492675
7690,2.136111111111111,28.0,0.0,0.0,0.0,447.139170298519,434.3563398366172,412.55729558457097,389.34252233163204,374.2689055514359
7700,2.138888888888889,28.0,0.0,0.0,0.0,447.0075308252105,434.23983041438487,412.4704583887935,389.29209345940006,374.2445070346798
7710,2.1416666666666666,28.0,0.0,0.0,0.0,446.8759691485257,434.12339360620797,412.38366176596975,389.2416410705123,374.220027950205
7720,2.1444444444444444,28.0,0.0,0.0,0.0,446.74448523476275,434.0070293082216,412.2969056020676,389.1911651932218,374.1954685029306
7730,2.147222222222222,28.0,0.0,0.0,0.0,446.6130790499963,433.89073741678044,412.21018978358074,389.1406658558886,374.1708288971511
7740,2.15,28.0,0.0,0.0,0.0,446.4817505600791,433.7745178284584,412.1235141975258,389.09014308697834,374.1461093365386
7750,2.1527777777777777,28.0,0.0,0.0,0.0,446.35049973064326,433.6583704400479,412.0368787314403,389.0395969150617,374.12131002414543
7760,2.1555555555555554,28.0,0.0,0.0,0.0,446.21932652710206,433.5422951485597,411.95028327337997,388.9890273688128,374.09643116240676
7770,2.158333333333333,28.0,0.0,0.0,0.0,446.08823091465115,433.42629185122195,411.8637277119163,388.9384344770087,374.07147295314303
7780,2.161111111111111,28.0,0.0,0.0,0.0,445.9572128582703,433.3103604454801,411.7772119361341,388.887818268528,374.0464355975625
7790,2.1638888888888888,28.0,0.0,0.0,0.0,445.8262723227245,433.19450082899624,411.6907358356292,388.8371787723501,374.0213192962636
7800,2.1666666666666665,28.0,0.0,0.0,0.0,445.6954092725659,433.07871289964856,411.6042993005058,388.78651601755394,373.9961242492375
7810,2.1694444444444443,28.0,0.0,0.0,0.0,445.5646236721348,432.96299655553094,411.5179022213741,388.73583003331714,373.97085065587055
7820,2.172222222222222,28.0,0.0,0.0,0.0,445.43391548556144,432.8473516949524,411.431544489348,388.685120848915,373.94549871494667
7830,2.175,28.0,0.0,0.0,0.0,445.3032846767673,432.7317782164366,411.3452259960428,388.63438849371954,373.9200686246499
7840,2.1777777777777776,28.0,0.0,0.0,0.0,445.1727312094665,432.6162760187214,411.2589466335725,388.5836329971984,373.89456058256667
7850,2.1805555555555554,28.0,0.0,0.0,0.0,445.0422550471674,432.5008450007583,411.17270629454777,388.53285438891396,373.8689747856883
7860,2.183333333333333,28.0,0.0,0.0,0.0,444.9118561531737,432.385485061712,411.08650487207325,388.48205269852247,373.8433114304134
7870,2.186111111111111,28.0,0.0,0.0,0.0,444.7815344905863,432.2701961009598,411.00034225974554,388.43122795577284,373.81757071255015
7880,2.188888888888889,28.0,0.0,0.0,0.0,444.65129002230435,432.1549780180913,410.9142183516507,388.3803801905059,373.7917528273188
7890,2.191666666666667,28.0,0.0,0.0,0.0,444.5211227110268,432.0398307129076,410.8281330423618,388.3295094326533,373.76585796935404
7900,2.1944444444444446,28.0,0.0,0.0,0.0,444.3910325192538,431.92475408542117,410.742086226937,388.2786157122368,373.73988633270716
7910,2.1972222222222224,28.0,0.0,0.0,0.0,444.2610194092881,431.8097480358551,410.6560778009167,388.22769905936696,373.7138381108486
7920,2.2,28.0,0.0,0.0,0.0,444.13108334323636,431.69481246464267,410.5701076603218,388.1767595042426,373.6877134966702
7930,2.202777777777778,28.0,0.0,0.0,0.0,444.0012242830105,431.57994727242686,410.48417570165105,388.12579707714974,373.6615126824875
7940,2.2055555555555557,28.0,0.0,0.0,0.0,443.87144219032933,431.4651523600599,410.3982818218789,388.07481180846054,373.63523586004203
7950,2.2083333333333335,28.0,0.0,0.0,0.0,443.7417370267196,431.35042762860274,410.3124259184533,388.0238037286326,373.6088832205036
7960,2.2111111111111112,28.0,0.0,0.0,0.0,443.6121087535175,431.2357729793245,410.22660788929323,387.97277286820787,373.5824549544728
7970,2.213888888888889,28.0,0.0,0.0,0.0,443.48255733187,431.12118831370213,410.1408276327868,387.921719257812,373.5559512519828
7980,2.216666666666667,28.0,0.0,0.0,0.0,443.3530827227363,431.00667353341976,410.05508504778874,387.8706429281532,373.52937230250205
7990,2.2194444444444446,28.0,0.0,0.0,0.0,443.2236848868889,430.89222854036825,409.96938003361834,387.8195439100215,373.50271829493636
8000,2.2222222222222223,28.0,0.0,0.0,0.0,443.09436378491523,430.77785323664483,409.8837124900571,387.76842223428775,373.4759894176312
8010,2.225,28.0,0.0,0.0,0.0,442.9651193772188,430.66354752455237,409.7980823173468,387.717277931903,373.44918585837377
8020,2.227777777777778,28.0,0.0,0.0,0.0,442.83595162402054,430.5493113065991,409.71248941618705,387.6661110338974,373.4223078043954
8030,2.2305555555555556,28.0,0.0,0.0,0.0,442.7068604853602,430.4351444854981,409.6269336877331,387.6149215713792,373.3953554423737
8040,2.2333333333333334,28.0,0.0,0.0,0.0,442.57784592109755,430.32104696416656,409.54141503359403,387.5637095755345,373.36832895843474
8050,2.236111111111111,28.0,0.0,0.0,0.0,442.4489078909138,430.2070186457257,409.4559333558301,387.5124750776257,373.3412285381551
8060,2.238888888888889,28.0,0.0,0.0,0.0,442.32004635431275,430.0930594335,409.37048855695105,387.4612181089911,373.31405436656445
8070,2.2416666666666667,28.0,0.0,0.0,0.0,442.19126127062225,429.9791692310167,409.2850805399136,387.4099387010438,373.2868066281472
8080,2.2444444444444445,28.0,0.0,0.0,0.0,442.0625525989953,429.8653479420056,409.19970920811977,387.3586368852712,373.259485506845
8090,2.2472222222222222,28.0,0.0,0.0,0.0,441.93392029841146,429.7515954703981,409.1143744654142,387.3073126932339,373.2320911860588
8100,2.25,28.0,0.0,0.0,0.0,441.80536432767815,429.63791172032717,409.0290762160825,387.2559661565648,373.204623848651
8110,2.2527777777777778,28.0,0.0,0.0,0.0,441.67688464543176,429.52429659612665,408.943814364849,387.20459730696865,373.1770836769475
8120,2.2555555555555555,28.0,0.0,0.0,0.0,441.548481210139,429.41075000233076,408.85858881687466,387.153206176221,373.1494708527399
8130,2.2583333333333333,28.0,0.0,0.0,0.0,441.4201539800982,429.2972718436737,408.773399477755,387.10179279616733,373.12178555728747
8140,2.261111111111111,28.0,0.0,0.0,0.0,441.2919029134404,429.183862025089,408.688246253518,387.0503571987225,373.09402797131946
8150,2.263888888888889,28.0,0.0,0.0,0.0,441.16372796813096,429.07052045170934,408.6031290506222,386.99889941586974,373.066198275037
8160,2.2666666666666666,28.0,0.0,0.0,0.0,441.03562910197024,428.95724702886577,408.51804777595447,386.9474194796599,373.03829664811525
8170,2.2694444444444444,28.0,0.0,0.0,0.0,440.90760627259533,428.84404166208736,408.43300233682805,386.8959174222108,373.01032326970545
8180,2.272222222222222,28.0,0.0,0.0,0.0,440.7796594374809,428.7309042571007,408.3479926409806,386.84439327570635,372.982278318437
8190,2.275,28.0,0.0,0.0,0.0,440.6517885539408,428.61783471982943,408.26301859657195,386.7928470723958,372.95416197241946
8200,2.2777777777777777,28.0,0.0,0.0,0.0,440.5239935791288,428.5048329563938,408.1780801121825,386.74127884459296,372.9259744092446
8210,2.2805555555555554,28.0,0.0,0.0,0.0,440.3962744700402,428.39189887311005,408.0931770968108,386.68968862467545,372.8977158059884
8220,2.283333333333333,28.0,0.0,0.0,0.0,440.26863118351304,428.2790323764901,408.00830945987184,386.63807644508404,372.86938633921324
8230,2.286111111111111,28.0,0.0,0.0,0.0,440.14106367622884,428.1662333732409,407.9234771111949,386.58644233832166,372.84098618496955
8240,2.2888888888888888,28.0,0.0,0.0,0.0,440.0135719047143,428.05350177026423,407.8386799610218,386.53478633695295,372.81251551879825
8250,2.2916666666666665,28.0,0.0,0.0,0.0,439.88615582534214,427.9408374746559,407.75391792000465,386.48310847360335,372.7839745157323
8260,2.2944444444444443,28.0,0.0,0.0,0.0,439.75881539433254,427.82824039370547,407.6691908992041,386.43140878095846,372.7553633502991
8270,2.297222222222222,28.0,0.0,0.0,0.0,439.6315505677541,427.71571043489575,407.5844988100875,386.37968729176316,372.72668219652206
8280,2.3,28.0,0.0,0.0,0.0,439.50436130152514,427.60324750590223,407.4998415645266,386.327944038821,372.6979312279228
8290,2.3027777777777776,28.0,0.0,0.0,0.0,439.3772475514147,427.49085151459275,407.415219074796,386.2761790549935,372.66911061752313
8300,2.3055555555555554,28.0,0.0,0.0,0.0,439.250209273044,427.37852236902694,407.33063125357114,386.22439237319946,372.6402205378468
8310,2.308333333333333,28.0,0.0,0.0,0.0,439.1232464218872,427.2662599774557,407.2460780139262,386.1725840264141,372.6112611609216
8320,2.311111111111111,28.0,0.0,0.0,0.0,438.9963589532728,427.15406424832094,407.1615592693325,386.1207540476684,372.58223265828116
8330,2.313888888888889,28.0,0.0,0.0,0.0,438.8695468223848,427.0419350902548,407.0770749336563,386.0689024700487,372.553135200967
8340,2.316666666666667,28.0,0.0,0.0,0.0,438.7428099842636,426.9298724120795,406.99262492115736,386.0170293266956,372.5239689595304
8350,2.3194444444444446,28.0,0.0,0.0,0.0,438.6161483938074,426.8178761228065,406.90820914648657,385.96513465080335,372.4947341040341
8360,2.3222222222222224,28.0,0.0,0.0,0.0,438.48956200577317,426.70594613163655,406.8238275246845,385.91321847561943,372.46543080405445
8370,2.325,28.0,0.0,0.0,0.0,438.3630507747778,426.59408234795865,406.73947997117926,385.8612808344436,372.4360592286832
8380,2.327777777777778,28.0,0.0,0.0,0.0,438.2366146552991,426.48228468135,406.65516640178487,385.80932176062737,372.40661954652927
8390,2.3305555555555557,28.0,0.0,0.0,0.0,438.11025360167713,426.3705530415753,406.5708867326993,385.75734128757324,372.3771119257207
8400,2.3333333333333335,28.0,0.0,0.0,0.0,437.98396756811513,426.2588873385865,406.4866408805027,385.7053394487341,372.34753653390663
8410,2.3361111111111112,28.0,0.0,0.0,0.0,437.85775650868067,426.147287482522,406.4024287621556,385.65331627761253,372.3178935382589
8420,2.338888888888889,28.0,0.0,0.0,0.0,437.73162037730674,426.0357533837066,406.31825029499703,385.60127180776016,372.2881831054739
8430,2.341666666666667,28.0,0.0,0.0,0.0,437.60555912779284,425.92428495265074,406.23410539674285,385.54920607277705,372.2584054017746
8440,2.3444444444444446,28.0,0.0,0.0,0.0,437.47957271380596,425.81288210005016,406.1499939854838,385.497119106311,372.22856059291234
8450,2.3472222222222223,28.0,0.0,0.0,0.0,437.3536610888819,425.70154473678537,406.06591597968384,385.4450109420569,372.19864884416836
8460,2.35,28.0,0.0,0.0,0.0,437.22782420642596,425.59027277392124,405.98187129817836,385.3928816137561,372.16867032035594
8470,2.352777777777778,28.0,0.0,0.0,0.0,437.1020620197144,425.47906612270657,405.8978598601724,385.3407311551959,372.1386251858219
8480,2.3555555555555556,28.0,0.0,0.0,0.0,436.9763744818953,425.36792469457356,405.81388158523885,385.28855960020866,372.1085136044488
8490,2.3583333333333334,28.0,0.0,0.0,0.0,436.8507615459895,425.25684840113735,405.72993639331685,385.2363669826714,372.07833573965604
8500,2.361111111111111,28.0,0.0,0.0,0.0,436.7252231648919,425.14583715419565,405.6460242047098,385.1841533365052,372.04809175440244
8510,2.363888888888889,28.0,0.0,0.0,0.0,436.59975929137227,425.03489086572824,405.56214494008395,385.13191869567424,372.0177818111873
8520,2.3666666666666667,28.0,0.0,0.0,0.0,436.4743698780765,424.9240094478965,405.47829852046635,385.0796630941858,371.98740607205264
8530,2.3694444444444445,28.0,0.0,0.0,0.0,436.3490548775275,424.81319281304286,405.3944848672434,385.0273865660889,371.95696469858456
8540,2.3722222222222222,28.0,0.0,0.0,0.0,436.22381424212625,424.7024408736906,405.31070390215905,384.9750891454745,371.92645785191536
8550,2.375,28.0,0.0,0.0,0.0,436.0986479241528,424.5917535425432,405.226955547313,384.92277086647414,371.8958856927249
8560,2.3777777777777778,28.0,0.0,0.0,0.0,435.9735558757672,424.48113073248385,405.1432397251592,384.8704317632599,371.86524838124257
8570,2.3805555555555555,28.0,0.0,0.0,0.0,435.84853804901087,424.3705723565751,405.05955635850404,384.8180718700435,371.83454607724883
8580,2.3833333333333333,28.0,0.0,0.0,0.0,435.72359439580714,424.2600783280585,404.9759053705047,384.76569122107594,371.8037789400771
8590,2.386111111111111,28.0,0.0,0.0,0.0,435.5987248679626,424.14964856035397,404.89228668466745,384.7132898506467,371.77294712861533
8600,2.388888888888889,28.0,0.0,0.0,0.0,435.4739294171678,424.0392829670594,404.8087002248462,384.66086779308324,371.7420508013077
8610,2.3916666666666666,28.0,0.0,0.0,0.0,435.34920799499866,423.9289814619503,404.7251459152405,384.60842508275056,371.71109011615624
8620,2.3944444444444444,28.0,0.0,0.0,0.0,435.224560552917,423.8187439589792,404.6416236803942,384.55596175405043,371.6800652307227
8630,2.397222222222222,28.0,0.0,0.0,0.0,435.0999870422718,423.70857037227535,404.55813344519373,384.50347784142093,371.6489763021299
8640,2.4,28.0,0.0,0.0,0.0,434.9754874143,423.5984606161441,404.47467513486635,384.45097337933584,371.61782348706373
8650,2.4027777777777777,28.0,0.0,0.0,0.0,434.8510616201277,423.48841460506674,404.3912486749786,384.39844840230415,371.58660694177456
8660,2.4055555555555554,28.0,0.0,0.0,0.0,434.726709610771,423.3784322536997,404.3078539914349,384.3459029448695,371.555326822079
8670,2.408333333333333,28.0,0.0,0.0,0.0,434.60243133713686,423.26851347687443,404.2244910104756,384.29333704160956,371.5239832833615
8680,2.411111111111111,28.0,0.0,0.0,0.0,434.4782267500242,423.15865818959674,404.14115965867563,384.24075072713543,371.49257648057585
8690,2.4138888888888888,28.0,0.0,0.0,0.0,434.3540958001248,423.04886630704647,404.05785986294285,384.1881440360913,371.4611065682471
8700,2.4166666666666665,28.0,0.0,0.0,0.0,434.2300384380243,422.93913774457707,403.9745915505164,384.1355170031537,371.42957370047276
8710,2.4194444444444443,28.0,0.0,0.0,0.0,434.106054614203,422.82947241771495,403.89135464896515,384.0828696630312,371.39797803092483
8720,2.422222222222222,28.0,0.0,0.0,0.0,433.9821442790371,422.7198702421594,403.8081490861863,384.03020205046363,371.36631971285107
8730,2.425,28.0,0.0,0.0,0.0,433.8583073827991,422.6103311337818,403.7249747904035,383.9775142002216,371.33459889907675
8740,2.4277777777777776,28.0,0.0,0.0,0.0,433.7345438756595,422.5008550086254,403.6418316901657,383.9248061471062,371.3028157420062
8750,2.4305555555555554,28.0,0.0,0.0,0.0,433.61085370768683,422.3914417829049,403.5587197143453,383.8720779259482,371.2709703936244
8760,2.433333333333333,28.0,0.0,0.0,0.0,433.4872368288493,422.2820913730058,403.4756387921366,383.8193295716077,371.23906300549845
8770,2.436111111111111,28.0,0.0,0.0,0.0,433.36369318901535,422.17280369548416,403.3925888530545,383.76656111897347,371.2070937287793
8780,2.438888888888889,28.0,0.0,0.0,0.0,433.24022273795464,422.06357866706617,403.30956982693294,383.7137726029627,371.1750627142031
8790,2.441666666666667,28.0,0.0,0.0,0.0,433.116825425339,421.9544162046476,403.22658164392317,383.6609640585202,371.1429701120928
8800,2.4444444444444446,28.0,0.0,0.0,0.0,432.9935012007433,421.8453162252935,403.1436242344924,383.6081355206181,371.11081607236
8810,2.4472222222222224,28.0,0.0,0.0,0.0,432.8702500136463,421.7362786462377,403.0606975294223,383.5552870242551,371.078600744506
8820,2.45,28.0,0.0,0.0,0.0,432.74707181343155,421.6273033848822,402.97780145980755,383.5024186044564,371.04632427762357
8830,2.452777777777778,28.0,0.0,0.0,0.0,432.62396654938834,421.51839035879726,402.89493595705414,383.4495302962728,371.0139868203985
8840,2.4555555555555557,28.0,0.0,0.0,0.0,432.5009341707126,421.40953948572036,402.8121009528782,383.39662213478044,370.98158852111095
8850,2.4583333333333335,28.0,0.0,0.0,0.0,432.37797462650764,421.3007506835562,402.72929637930434,383.3436941550802,370.9491295276372
8860,2.4611111111111112,28.0,0.0,0.0,0.0,432.2550878657852,421.19202387037603,402.64652216866415,383.29074639229725,370.91660998745084
8870,2.463888888888889,28.0,0.0,0.0,0.0,432.1322738374661,421.08335896441747,402.5637782535949,383.2377788815807,370.88403004762455
8880,2.466666666666667,28.0,0.0,0.0,0.0,432.00953249038133,420.97475588408383,402.4810645670379,383.1847916581029,370.8513898548314
8890,2.4694444444444446,28.0,0.0,0.0,0.0,431.88686377327286,420.86621454794385,402.39838104223725,383.131784757059,370.81868955534634
8900,2.4722222222222223,28.0,0.0,0.0,0.0,431.76426763479435,420.7577348747312,402.3157276127383,383.07875821366673,370.78592929504777
8910,2.475,28.0,0.0,0.0,0.0,431.64174402351216,420.6493167833442,402.23310421238625,383.02571206316566,370.7531092194189
8920,2.477777777777778,28.0,0.0,0.0,0.0,431.51929288790615,420.5409601928451,402.1505107753246,382.9726463408169,370.72022947354924
8930,2.4805555555555556,28.0,0.0,0.0,0.0,431.39691417637044,420.43266502246,402.06794723599404,382.91956108190243,370.6872902021361
8940,2.4833333333333334,28.0,0.0,0.0,0.0,431.2746078372144,420.3244311915783,401.98541352913065,382.866456321725,370.65429154948606
8950,2.486111111111111,28.0,0.0,0.0,0.0,431.15237381866325,420.2162586197522,401.9029095897648,382.81333209560745,370.6212336595161
8960,2.488888888888889,28.0,0.0,0.0,0.0,431.03021206885927,420.10814722669636,401.82043535321964,382.7601884388921,370.5881166757555
8970,2.4916666666666667,28.0,0.0,0.0,0.0,430.9081225358623,420.0000969322876,401.73799075510965,382.70702538694064,370.55494074134685
8980,2.4944444444444445,28.0,0.0,0.0,0.0,430.7861051676506,419.8921076565642,401.6555757313394,382.6538429751335,370.5217059990478
8990,2.4972222222222222,28.0,0.0,0.0,0.0,430.66415991212176,419.78417931972575,401.57319021810207,382.60064123886946,370.4884125912322
9000,2.5,22.0,0.0,0.0,0.0,430.5422867170936,419.67631184213263,401.4908341518781,382.54742021356515,370.45506065989167
9010,2.5027777777777778,22.0,0.0,0.0,0.0,430.42048553030463,419.5685051443057,401.4085074694339,382.4941799346547,370.4216503466369
9020,2.5055555555555555,22.0,0.0,0.0,0.0,430.2987562994153,419.46075914692557,401.3262101078204,382.44092043758934,370.3881817926992
9030,2.5083333333333333,22.0,0.0,0.0,0.0,430.1770989720085,419.35307377083274,401.24394200437155,382.3876417578368,370.3546551389316
9040,2.511111111111111,22.0,0.0,0.0,0.0,430.0555134955904,419.24544893702665,401.1617030967035,382.33434393088095,370.3210705258106
9050,2.513888888888889,22.0,0.0,0.0,0.0,429.9339998175913,419.1378845666656,401.0794933227126,382.2810269922216,370.2874280934372
9060,2.5166666666666666,22.0,0.0,0.0,0.0,429.8125578853665,419.03038058106625,400.99731262057463,382.22769097737375,370.2537279815384
9070,2.5194444444444444,22.0,0.0,0.0,0.0,429.69118764619685,418.92293690170317,400.91516092874303,382.17433592186734,370.2199703294687
9080,2.522222222222222,22.0,0.0,0.0,0.0,429.5698890472897,418.81555345020854,400.83303818594794,382.12096186124694,370.1861552762112
9090,2.525,22.0,0.0,0.0,0.0,429.44866203577965,418.7082301483716,400.75094433119466,382.06756883107107,370.1522829603791
9100,2.5277777777777777,22.0,0.0,0.0,0.0,429.32750655872934,418.60096691813845,400.6688793037624,382.01415686691206,370.1183535202171
9110,2.5305555555555554,22.0,0.0,0.0,0.0,429.2064225631302,418.4937636816114,400.5868430432031,381.9607260043555,370.08436709360257
9120,2.533333333333333,22.0,0.0,0.0,0.0,429.08540999590315,418.3866203610489,400.5048354893398,381.9072762789998,370.05032381804693
9130,2.536111111111111,22.0,0.0,0.0,0.0,428.96446880389936,418.2795368788648,400.4228565822659,381.853807726456,370.0162238306971
9140,2.5388888888888888,22.0,0.0,0.0,0.0,428.8435989339012,418.1725131576281,400.34090626234337,381.8003203823472,369.9820672683366
9150,2.5416666666666665,22.0,0.0,0.0,0.0,428.72280033262274,418.06554912006254,400.25898447020165,381.7468142823081,369.94785426738713
9160,2.5444444444444443,22.0,0.0,0.0,0.0,428.6020729467107,417.9586446890463,400.17709114673653,381.69328946198476,369.9135849639096
9170,2.547222222222222,22.0,0.0,0.0,0.0,428.48141672274494,417.8517997876115,400.09522623310863,381.6397459570343,369.8792594936057
9180,2.55,22.0,0.0,0.0,0.0,428.36083160723956,417.74501433894386,400.01338967074236,381.58618380312413,369.8448779918188
9190,2.5527777777777776,22.0,0.0,0.0,0.0,428.24031754664327,417.6382882663822,399.93158140132454,381.5326030359321,369.8104405935358
9200,2.5555555555555554,22.0,0.0,0.0,0.0,428.1198744873404,417.5316214934181,399.8498013668032,381.47900369114564,369.77594743338796
9210,2.558333333333333,22.0,0.0,0.0,0.0,427.99950237565145,417.4250139436956,399.76804950938634,381.4253858044617,369.7413986456523
9220,2.561111111111111,22.0,0.0,0.0,0.0,427.8792011578339,417.3184655410108,399.68632577154074,381.3717494115862,369.7067943642529
9230,2.563888888888889,22.0,0.0,0.0,0.0,427.75897078008296,417.21197620931133,399.60463009599056,381.3180945482338,369.6721347227623
9240,2.566666666666667,22.0,0.0,0.0,0.0,427.6388111885322,417.10554587269604,399.52296242571634,381.2644212501273,369.63741985440237
9250,2.5694444444444446,22.0,0.0,0.0,0.0,427.5187223292542,416.9991744554146,399.4413227039537,381.21072955299763,369.60264989204603
9260,2.5722222222222224,22.0,0.0,0.0,0.0,427.3987041482616,416.89286188186725,399.35971087419205,381.1570194925832,369.5678249682182
9270,2.575,22.0,0.0,0.0,0.0,427.2787565915073,416.7866080766042,399.2781268801735,381.1032911046295,369.53294521509713
9280,2.577777777777778,22.0,0.0,0.0,0.0,427.15887960488567,416.68041296432534,399.1965706658916,381.049544424889,369.4980107645157
9290,2.5805555555555557,22.0,0.0,0.0,0.0,427.0390731342328,416.5742764698799,399.1150421755902,380.99577948912076,369.46302174796244
9300,2.5833333333333335,22.0,0.0,0.0,0.0,426.9193371253275,416.46819851826604,399.03354135376213,380.9419963330898,369.4279782965831
9310,2.5861111111111112,22.0,0.0,0.0,0.0,426.7996715238919,416.3621790346304,398.95206814514825,380.8881949925669,369.39288054118146
9320,2.588888888888889,22.0,0.0,0.0,0.0,426.68007627559217,416.25621794426786,398.870622494736,380.8343755033285,369.35772861222097
9330,2.591666666666667,22.0,0.0,0.0,0.0,426.56055132603905,416.150315172621,398.78920434775847,380.7805379011559,369.3225226398256
9340,2.5944444444444446,22.0,0.0,0.0,0.0,426.44109662078864,416.04447064527983,398.70781364969304,380.7266822218354,369.28726275378125
9350,2.5972222222222223,22.0,0.0,0.0,0.0,426.32171210534324,415.9386842879814,398.6264503462604,380.6728085011575,369.2519490835369
9360,2.6,22.0,0.0,0.0,0.0,426.2023977251517,415.8329560266094,398.5451143834233,380.61891677491684,369.2165817582058
9370,2.602777777777778,22.0,0.0,0.0,0.0,426.0831534256103,415.72728578719375,398.46380570738535,380.56500707891183,369.1811609065667
9380,2.6055555555555556,22.0,0.0,0.0,0.0,425.96397915206336,415.62167349591033,398.38252426459,380.51107944894426,369.1456866570649
9390,2.6083333333333334,22.0,0.0,0.0,0.0,425.84487484980394,415.5161190790805,398.30127000171933,380.45713392081905,369.1101591378137
9400,2.611111111111111,22.0,0.0,0.0,0.0,425.7258404640744,415.41062246317085,398.2200428656929,380.4031705303438,369.07457847659515
9410,2.613888888888889,22.0,0.0,0.0,0.0,425.6068759400672,415.3051835747926,398.13884280366665,380.34918931332857,369.03894480086166
9420,2.6166666666666667,22.0,0.0,0.0,0.0,425.4879812229254,415.19980234070147,398.0576697630318,380.2951903055855,369.0032582377369
9430,2.6194444444444445,22.0,0.0,0.0,0.0,425.3691562577434,415.0944786877973,397.9765236914138,380.2411735429285,368.967518914017
9440,2.6222222222222222,22.0,0.0,0.0,0.0,425.25040098956754,414.9892125431234,397.895404536671,380.18713906117296,368.93172695617176
9450,2.625,22.0,0.0,0.0,0.0,425.13171536339684,414.88400383386664,397.81431224689373,380.1330868961354,368.8958824903458
9460,2.6277777777777778,22.0,0.0,0.0,0.0,425.0130993241835,414.7788524873566,397.7332467704032,380.07901708363323,368.85998564235956
9470,2.6305555555555555,22.0,0.0,0.0,0.0,424.8945528168336,414.6737584310655,397.65220805575024,380.02492965948426,368.8240365377107
9480,2.6333333333333333,22.0,0.0,0.0,0.0,424.7760757862077,414.56872159260786,397.5711960517145,379.9708246595066,368.78803530157495
9490,2.636111111111111,22.0,0.0,0.0,0.0,424.65766817712154,414.46374189973994,397.490210707303,379.9167021195182,368.75198205880747
9500,2.638888888888889,22.0,0.0,0.0,0.0,424.5393299343466,414.35881928035957,397.4092519717494,379.8625620753367,368.7158769339438
9510,2.6416666666666666,22.0,0.0,0.0,0.0,424.42106100261066,414.2539536625056,397.32831979451277,379.8084045627789,368.679720051201
9520,2.6444444444444444,22.0,0.0,0.0,0.0,424.30286132659865,414.1491449743576,397.24741412527635,379.75422961766066,368.643511534479
9530,2.647222222222222,22.0,0.0,0.0,0.0,424.1847308509529,414.0443931442358,397.1665349139468,379.70003727579655,368.6072515073613
9540,2.65,22.0,0.0,0.0,0.0,424.06666952027416,413.9396981006002,397.08568211065295,379.64582757299945,368.57094009311646
9550,2.6527777777777777,22.0,0.0,0.0,0.0,423.94867727912185,413.83505977205056,397.0048556657448,379.5916005450805,368.5345774146989
9560,2.6555555555555554,22.0,0.0,0.0,0.0,423.83075407201494,413.730478087326,396.9240555297925,379.5373562278485,368.4981635947502
9570,2.658333333333333,22.0,0.0,0.0,0.0,423.7128998434323,413.6259529753046,396.8432816535852,379.48309465710975,368.4616987556002
9580,2.661111111111111,22.0,0.0,0.0,0.0,423.5951145378135,413.52148436500306,396.76253398813026,379.4288158686679,368.42518301926776
9590,2.6638888888888888,22.0,0.0,0.0,0.0,423.4773980995593,413.41707218557633,396.68181248465174,379.3745198983235,368.38861650746225
9600,2.6666666666666665,22.0,0.0,0.0,0.0,423.3597504730323,413.31271636631726,396.60111709458994,379.32020678187376,368.3519993415844
9610,2.6694444444444443,22.0,0.0,0.0,0.0,423.24217160255745,413.2084168366562,396.5204477695999,379.26587655511224,368.31533164272753
9620,2.672222222222222,22.0,0.0,0.0,0.0,423.1246614324227,413.1041735261609,396.4398044615508,379.21152925382864,368.2786135316783
9630,2.675,22.0,0.0,0.0,0.0,423.0072199068796,412.9999863645357,396.35918712252453,379.1571649138084,368.2418451289181
9640,2.6777777777777776,22.0,0.0,0.0,0.0,422.8898469701437,412.8958552816216,396.278595704815,379.1027835708326,368.205026554624
9650,2.6805555555555554,22.0,0.0,0.0,0.0,422.77254256639543,412.7917802073958,396.19803016092703,379.0483852606776,368.1681579286697
9660,2.683333333333333,22.0,0.0,0.0,0.0,422.6553066397804,412.6877610719711,396.1174904435752,378.99397001911467,368.1312393706267
9670,2.686111111111111,22.0,0.0,0.0,0.0,422.53813913441013,412.5837978055961,396.0369765056832,378.93953788190987,368.09427099976534
9680,2.688888888888889,22.0,0.0,0.0,0.0,422.42103999436245,412.4798903386542,395.95648830038243,378.88508888482374,368.05725293505577
9690,2.691666666666667,22.0,0.0,0.0,0.0,422.3040091636823,412.37603860166365,395.8760257810114,378.83062306361103,368.02018529516903
9700,2.6944444444444446,22.0,0.0,0.0,0.0,422.18704658638205,412.2722425252773,395.7955889011144,378.7761404540203,367.983068198478
9710,2.6972222222222224,22.0,0.0,0.0,0.0,422.0701522064423,412.1685020402819,395.7151776144408,378.72164109179397,367.94590176305854
9720,2.7,22.0,0.0,0.0,0.0,421.95332596781213,412.06481707759804,395.6347918749439,378.66712501266767,367.9086861066904
9730,2.702777777777778,22.0,0.0,0.0,0.0,421.83656781440993,411.9611875682796,395.5544316367801,378.61259225237035,367.87142134685837
9740,2.7055555555555557,22.0,0.0,0.0,0.0,421.7198776901237,411.8576134435137,395.47409685430785,378.55804284662383,367.83410760075316
9750,2.7083333333333335,22.0,0.0,0.0,0.0,421.60325553881194,411.75409463462,395.3937874820866,378.5034768311425,367.7967449852724
9760,2.7111111111111112,22.0,0.0,0.0,0.0,421.4867013043038,411.65063107305076,395.31350347487614,378.44889424163324,367.7593336170219
9770,2.713888888888889,22.0,0.0,0.0,0.0,421.37021493039975,411.5472226903901,395.23324478763533,378.394295113795,367.72187361231624
9780,2.716666666666667,22.0,0.0,0.0,0.0,421.2537963608724,411.4438694183539,395.1530113755213,378.33967948331866,367.68436508718
9790,2.7194444444444446,22.0,0.0,0.0,0.0,421.1374455394665,411.34057118878957,395.07280319388866,378.28504738588674,367.6468081573488
9800,2.7222222222222223,22.0,0.0,0.0,0.0,421.0211624099,411.2373279336753,394.9926201982882,378.23039885717316,367.60920293827013
9810,2.725,22.0,0.0,0.0,0.0,420.9049469158642,411.13413958512024,394.9124623444663,378.175733932843,367.57154954510446
9820,2.727777777777778,22.0,0.0,0.0,0.0,420.78879900102436,411.0310060753638,394.8323295883638,378.1210526485523,367.53384809272615
9830,2.7305555555555556,22.0,0.0,0.0,0.0,420.6727186090204,410.92792733677544,394.75222188611514,378.06635503994767,367.4960986957244
9840,2.7333333333333334,22.0,0.0,0.0,0.0,420.55670568346727,410.82490330185436,394.67213919404753,378.01164114266635,367.4583014684043
9850,2.736111111111111,22.0,0.0,0.0,0.0,420.4407601679553,410.72193390322917,394.59208146867996,377.9569109923356,367.42045652478765
9860,2.738888888888889,22.0,0.0,0.0,0.0,420.32488200605115,410.6190190736575,394.5120486667222,377.9021646245728,367.38256397861414
9870,2.7416666666666667,22.0,0.0,0.0,0.0,420.20907114129784,410.5161587460257,394.432040745074,377.84740207498487,367.3446239433421
9880,2.7444444444444445,22.0,0.0,0.0,0.0,420.0933275172155,410.41335285334867,394.35205766082424,377.7926233791685,367.3066365321496
9890,2.7472222222222222,22.0,0.0,0.0,0.0,419.977651077302,410.31060132876917,394.2720993712499,377.7378285727095,367.2686018579352
9900,2.75,22.0,0.0,0.0,0.0,419.86204176503315,410.2079041055579,394.1921658338153,377.6830176911827,367.2305200333192
9910,2.7527777777777778,22.0,0.0,0.0,0.0,419.7464995238633,410.10526111711283,394.1122570061711,377.62819077015195,367.19239117064416
9920,2.7555555555555555,22.0,0.0,0.0,0.0,419.631024297226,410.0026722969592,394.03237284615346,377.5733478451695,367.1542153819763
9930,2.7583333333333333,22.0,0.0,0.0,0.0,419.51561602853434,409.9001375787489,393.95251331178326,377.51848895177613,367.11599277910614
9940,2.761111111111111,22.0,0.0,0.0,0.0,419.40027466118136,409.79765689626043,393.872678361265,377.4636141255007,367.07772347354944
9950,2.763888888888889,22.0,0.0,0.0,0.0,419.2850001385408,409.69523018339834,393.7928679529861,377.4087234018601,367.0394075765483
9960,2.7666666666666666,22.0,0.0,0.0,0.0,419.1697924039673,409.592857374193,393.71308204551605,377.3538168163588,367.00104519907177
9970,2.7694444444444444,22.0,0.0,0.0,0.0,419.05465140079696,409.49053840280027,393.63332059760535,377.2988944044889,366.9626364518171
9980,2.772222222222222,22.0,0.0,0.0,0.0,418.9395770723481,409.38827320350134,393.553583568185,377.2439562017298,366.9241814452105
9990,2.775,22.0,0.0,0.0,0.0,418.8245693619212,409.2860617107021,393.47387091636523,377.189002243548,366.88568028940796
10000,2.7777777777777777,22.0,0.0,0.0,0.0,418.7096282127998,409.1839038589331,393.39418260143503,377.13403256539675,366.8471330942963
10010,2.7805555555555554,22.0,0.0,0.0,0.0,418.59475356825095,409.08179958284904,393.31451858286107,377.07904720271614,366.808539969494
10020,2.783333333333333,22.0,0.0,0.0,0.0,418.47994537152533,408.9797488172287,393.23487882028684,377.0240461909326,366.7699010243522
10030,2.786111111111111,22.0,0.0,0.0,0.0,418.3652035658581,408.8777514969744,393.155263273532,376.96902956545887,366.7312163679553
10040,2.7888888888888888,22.0,0.0,0.0,0.0,418.2505280944692,408.77580755711165,393.07567190259135,376.9139973616937,366.6924861091223
10050,2.7916666666666665,22.0,0.0,0.0,0.0,418.1359189005637,408.6739169327891,392.9961046676342,376.85894961502174,366.6537103564072
10060,2.7944444444444443,22.0,0.0,0.0,0.0,418.02137592733254,408.57207955927805,392.9165615290033,376.8038863608133,366.61488921810025
10070,2.797222222222222,22.0,0.0,0.0,0.0,417.9068991179527,408.47029537197216,392.8370424472142,376.74880763442405,366.5760228022287
10080,2.8,22.0,0.0,0.0,0.0,417.79248841558785,408.36856430638716,392.7575473829544,376.69371347119505,366.5371112165576
10090,2.8027777777777776,22.0,0.0,0.0,0.0,417.6781437633886,408.2668862981605,392.6780762970825,376.63860390645226,366.4981545685908
10100,2.8055555555555554,22.0,0.0,0.0,0.0,417.5638651044932,408.1652612830511,392.5986291506274,376.58347897550664,366.4591529655717
10110,2.808333333333333,22.0,0.0,0.0,0.0,417.4496523820277,408.0636891969391,392.51920590478755,376.5283387136537,366.42010651448425
10120,2.811111111111111,22.0,0.0,0.0,0.0,417.33550553910663,407.96216997582536,392.43980652092995,376.47318315617343,366.38101532205354
10130,2.813888888888889,22.0,0.0,0.0,0.0,417.2214245188334,407.8607035558313,392.36043096058967,376.41801233833024,366.34187949474705
10140,2.816666666666667,22.0,0.0,0.0,0.0,417.10740926430043,407.75928987319867,392.28107918546874,376.36282629537254,366.30269913877515
10150,2.8194444444444446,22.0,0.0,0.0,0.0,416.99345971859015,407.657928864289,392.2017511574356,376.3076250625326,366.2634743600921
10160,2.8222222222222224,22.0,0.0,0.0,0.0,416.8795758247749,407.5566204655835,392.12244683852407,376.2524086750266,366.224205264397
10170,2.825,22.0,0.0,0.0,0.0,416.76575752591765,407.4553646136828,392.0431661909329,376.19717716805394,366.18489195713437
10180,2.827777777777778,22.0,0.0,0.0,0.0,416.6520047650723,407.35416124530644,391.9639091770246,376.1419305767977,366.14553454349516
10190,2.8305555555555557,22.0,0.0,0.0,0.0,416.5383174852842,407.25301029729275,391.88467575932503,376.08666893642396,366.1061331284176
10200,2.8333333333333335,22.0,0.0,0.0,0.0,416.4246956295905,407.15191170659847,391.8054659005224,376.0313922820818,366.06668781658794
10210,2.8361111111111112,22.0,0.0,0.0,0.0,416.3111391410205,407.05086541029846,391.72627956346645,375.9761006489032,366.02719871244136
10220,2.838888888888889,22.0,0.0,0.0,0.0,416.19764796259625,406.9498713455854,391.6471167111679,375.92079407200265,365.98766592016267
10230,2.841666666666667,22.0,0.0,0.0,0.0,416.0842220373329,406.84892944976957,391.56797730679756,375.86547258647727,365.94808954368733
10240,2.8444444444444446,22.0,0.0,0.0,0.0,415.97086130823897,406.74803966027844,391.48886131368556,375.8101362274063,365.908469686702
10250,2.8472222222222223,22.0,0.0,0.0,0.0,415.85756571831695,406.6472019146565,391.4097686953207,375.7547850298512,365.86880645264563
10260,2.85,22.0,0.0,0.0,0.0,415.7443352105636,406.54641615056477,391.3306994153495,375.6994190288553,365.8290999447101
10270,2.852777777777778,22.0,0.0,0.0,0.0,415.63116972797025,406.4456823057808,391.25165343757567,375.64403825944373,365.78935026584105
10280,2.8555555555555556,22.0,0.0,0.0,0.0,415.5180692135235,406.3450003181981,391.17263072595927,375.58864275662324,365.74955751873864
10290,2.8583333333333334,22.0,0.0,0.0,0.0,415.4050336102054,406.24437012582604,391.09363124461595,375.533232555382,365.7097218058585
10300,2.861111111111111,22.0,0.0,0.0,0.0,415.2920628609939,406.1437916667894,391.0146549578162,375.47780769068953,365.66984322941244
10310,2.863888888888889,22.0,0.0,0.0,0.0,415.1791569088631,406.0432648793282,390.93570182998474,375.42236819749627,365.6299218913691
10320,2.8666666666666667,22.0,0.0,0.0,0.0,415.06631569678393,405.94278970179744,390.8567718256996,375.3669141107337,365.58995789345505
10330,2.8694444444444445,22.0,0.0,0.0,0.0,414.95353916772433,405.8423660726667,390.7778649096916,375.31144546531414,365.5499513371552
10340,2.8722222222222222,22.0,0.0,0.0,0.0,414.8408272646497,405.7419939305199,390.69898104684336,375.2559622961304,365.509902323714
10350,2.875,22.0,0.0,0.0,0.0,414.72817993052325,405.64167321405506,390.62012020218896,375.20046463805585,365.4698109541359
10360,2.8777777777777778,22.0,0.0,0.0,0.0,414.6155971083065,405.54140386208394,390.54128234091286,375.14495252594406,365.4296773291861
10370,2.8805555555555555,22.0,0.0,0.0,0.0,414.5030787409594,405.4411858135318,390.4624674283493,375.08942599462887,365.38950154939164
10380,2.8833333333333333,22.0,0.0,0.0,0.0,414.390624771441,405.34101900743707,390.3836754299818,375.03388507892396,365.3492837150419
10390,2.886111111111111,22.0,0.0,0.0,0.0,414.27823514270983,405.2409033829512,390.3049063114421,374.9783298136229,365.30902392618947
10400,2.888888888888889,22.0,0.0,0.0,0.0,414.1659097977239,405.1408388793383,390.2261600385097,374.922760233499,365.2687222826508
10410,2.8916666666666666,22.0,0.0,0.0,0.0,414.0536486794414,405.0408254359747,390.1474365771111,374.86717637330497,365.2283788840072
10420,2.8944444444444444,22.0,0.0,0.0,0.0,413.94145173082103,404.9408629923489,390.06873589331906,374.8115782677729,365.1879938296053
10430,2.897222222222222,22.0,0.0,0.0,0.0,413.82931889482234,404.8409514880613,389.99005795335205,374.75596595161426,365.14756721855804
10440,2.9,22.0,0.0,0.0,0.0,413.71725011440606,404.7410908628237,389.9114027235734,374.7003394595194,365.1070991497453
10450,2.9027777777777777,22.0,0.0,0.0,0.0,413.6052453325344,404.64128105645915,389.8327701704906,374.6446988261577,365.06658972181464
10460,2.9055555555555554,22.0,0.0,0.0,0.0,413.49330449217166,404.5415220089018,389.7541602607548,374.5890440861773,365.02603903318214
10470,2.908333333333333,22.0,0.0,0.0,0.0,413.38142753628426,404.4418136601964,389.67557296115996,374.53337527420496,364.98544718203306
10480,2.911111111111111,22.0,0.0,0.0,0.0,413.26961440784135,404.3421559504981,389.5970082386422,374.4776924248459,364.94481426632257
10490,2.9138888888888888,22.0,0.0,0.0,0.0,413.15786504981503,404.2425488200724,389.5184660602793,374.4219955726837,364.9041403837765
10500,2.9166666666666665,22.0,0.0,0.0,0.0,413.0461794051808,404.1429922092944,389.4399463932897,374.36628475228025,364.8634256318922
10510,2.9194444444444443,22.0,0.0,0.0,0.0,412.9345574169178,404.043486058649,389.3614492050321,374.3105599981754,364.822670107939
10520,2.922222222222222,22.0,0.0,0.0,0.0,412.82299902800924,403.9440303087305,389.2829744630048,374.25482134488686,364.78187390895926
10530,2.925,22.0,0.0,0.0,0.0,412.7115041814426,403.84462490024197,389.20452213484486,374.19906882691026,364.7410371317688
10540,2.9277777777777776,22.0,0.0,0.0,0.0,412.60007282021024,403.7452697739956,389.12609218832756,374.14330247871885,364.7001598729577
10550,2.9305555555555554,22.0,0.0,0.0,0.0,412.48870488730955,403.6459648709119,389.04768459136574,374.0875223347634,364.6592422288913
10560,2.933333333333333,22.0,0.0,0.0,0.0,412.37740032574334,403.54671013201977,388.9692993120091,374.0317284294719,364.6182842957104
10570,2.936111111111111,22.0,0.0,0.0,0.0,412.2661590785201,403.447505498456,388.8909363184437,373.9759207972499,364.57728616933235
10580,2.938888888888889,22.0,0.0,0.0,0.0,412.15498108865444,403.3483509114652,388.81259557899114,373.92009947247976,364.53624794545175
10590,2.941666666666667,22.0,0.0,0.0,0.0,412.0438662991674,403.2492463123994,388.7342770621079,373.86426448952096,364.4951697195409
10600,2.9444444444444446,22.0,0.0,0.0,0.0,411.9328146530867,403.1501916427178,388.65598073638483,373.8084158827098,364.45405158685077
10610,2.9472222222222224,22.0,0.0,0.0,0.0,411.82182609344727,403.05118684398656,388.5777065705465,373.7525536863594,364.4128936424116
10620,2.95,22.0,0.0,0.0,0.0,411.71090056329126,402.9522318578785,388.4994545334506,373.69667793475935,364.37169598103344
10630,2.952777777777778,22.0,0.0,0.0,0.0,411.6000380056687,402.8533266261728,388.42122459408705,373.64078866217574,364.33045869730717
10640,2.9555555555555557,22.0,0.0,0.0,0.0,411.4892383636375,402.7544710907549,388.3430167215777,373.584885902851,364.28918188560493
10650,2.9583333333333335,22.0,0.0,0.0,0.0,411.3785015802642,402.6556651936161,388.2648308851756,373.5289696910038,364.24786564008093
10660,2.9611111111111112,22.0,0.0,0.0,0.0,411.26782759862374,402.55690887685313,388.1866670542643,373.4730400608289,364.20651005467204
10670,2.963888888888889,22.0,0.0,0.0,0.0,411.15721636180024,402.4582020826684,388.1085251983573,373.417097046497,364.16511522309855
10680,2.966666666666667,22.0,0.0,0.0,0.0,411.0466678128871,402.3595447533691,388.0304052870974,373.3611406821547,364.12368123886483
10690,2.9694444444444446,22.0,0.0,0.0,0.0,410.9361818949873,402.2609368313676,387.95230729025604,373.3051710019243,364.08220819526
10700,2.9722222222222223,22.0,0.0,0.0,0.0,410.8257585512139,402.1623782591805,387.87423117773295,373.24918803990363,364.0406961853587
10710,2.975,22.0,0.0,0.0,0.0,410.71539772469,402.06386897942906,387.7961769195552,373.19319183016614,363.9991453020215
10720,2.977777777777778,22.0,0.0,0.0,0.0,410.6050993585494,401.9654089348384,387.71814448587673,373.13718240676064,363.95755563789584
10730,2.9805555555555556,22.0,0.0,0.0,0.0,410.4948633959369,401.8669980682376,387.6401338469779,373.0811598037111,363.9159272854166
10740,2.9833333333333334,22.0,0.0,0.0,0.0,410.3846897800081,401.7686363225592,387.5621449732647,373.0251240550167,363.8742603368068
10750,2.986111111111111,22.0,0.0,0.0,0.0,410.2745784539304,401.67032364083906,387.4841778352682,372.9690751946516,363.83255488407804
10760,2.988888888888889,22.0,0.0,0.0,0.0,410.16452936088285,401.5720599662162,387.40623240364397,372.91301325656497,363.79081101903154
10770,2.9916666666666667,22.0,0.0,0.0,0.0,410.0545424440565,401.4738452419324,387.3283086491715,372.85693827468066,363.7490288332584
10780,2.9944444444444445,22.0,0.0,0.0,0.0,409.9446176466549,401.375679411332,387.2504065427537,372.8008502828972,363.7072084181407
10790,2.9972222222222222,22.0,0.0,0.0,0.0,409.8347549118941,401.2775624178616,387.1725260554161,372.74474931508786,363.6653498648516
10800,3.0,16.0,0.0,0.0,0.0,409.7249541830032,401.17949420506994,387.0946671583064,372.68863540510023,363.6234532643565
10810,3.0027777777777778,16.0,0.0,0.0,0.0,409.61521540322457,401.08147471660754,387.0168298226939,372.6325085867563,363.58151870741335
10820,3.0055555555555555,16.0,0.0,0.0,0.0,409.505538515814,400.98350389622647,386.9390140199691,372.57636889385225,363.5395462845735
10830,3.0083333333333333,16.0,0.0,0.0,0.0,409.3959234640412,400.88558168778013,386.86121972164267,372.52021636015854,363.4975360861821
10840,3.011111111111111,16.0,0.0,0.0,0.0,409.28637019118986,400.787708035223,386.7834468993453,372.46405101941957,363.455488202379
10850,3.013888888888889,16.0,0.0,0.0,0.0,409.1768786405582,400.6898828826103,386.7056955248269,372.40787290535366,363.41340272309924
10860,3.0166666666666666,16.0,0.0,0.0,0.0,409.06744875545894,400.5921061740979,386.62796556995625,372.35168205165303,363.3712797380737
10870,3.0194444444444444,16.0,0.0,0.0,0.0,408.95808047921986,400.49437785394207,386.5502570067202,372.2954784919836,363.3291193368298
10880,3.022222222222222,16.0,0.0,0.0,0.0,408.8487737551839,400.39669786649904,386.4725698072232,372.23926225998486,363.28692160869196
10890,3.025,16.0,0.0,0.0,0.0,408.73952852670953,400.29906615622497,386.3949039436868,372.1830333892699,363.2446866427823
10900,3.0277777777777777,16.0,0.0,0.0,0.0,408.63034473717096,400.2014826676756,386.31725938844914,372.12679191342517,363.20241452802145
10910,3.0305555555555554,16.0,0.0,0.0,0.0,408.52122232995845,400.103947345506,386.23963611396425,372.0705378660105,363.1601053531289
10920,3.033333333333333,16.0,0.0,0.0,0.0,408.4121612484786,400.00646013447044,386.1620340928015,372.01427128055894,363.11775920662376
10930,3.036111111111111,16.0,0.0,0.0,0.0,408.30316143615454,399.909020979422,386.0844532976452,371.9579921905766,363.0753761768253
10940,3.0388888888888888,16.0,0.0,0.0,0.0,408.19422283642626,399.8116298253124,386.00689370129396,371.90170062954263,363.03295635185356
10950,3.0416666666666665,16.0,0.0,0.0,0.0,408.0853453927509,399.7142866171919,385.9293552766602,371.84539663090925,362.99049981963014
10960,3.0444444444444443,16.0,0.0,0.0,0.0,407.97652904860297,399.61699130020867,385.8518379967696,371.78908022810134,362.9480066678786
10970,3.047222222222222,16.0,0.0,0.0,0.0,407.86777374747453,399.51974381960906,385.7743418347604,371.73275145451663,362.905476984125
10980,3.05,16.0,0.0,0.0,0.0,407.75907943287564,399.42254412073703,385.6968667638831,371.67641034352545,362.8629108556989
10990,3.0527777777777776,16.0,0.0,0.0,0.0,407.6504460483345,399.3253921490339,385.6194127575,371.6200569284708,362.8203083697334
11000,3.0555555555555554,16.0,0.0,0.0,0.0,407.5418735373977,399.2282878500384,385.54197978908434,371.5636912426679,362.77766961316627
11010,3.058333333333333,16.0,0.0,0.0,0.0,407.43336184363045,399.131231169386,385.4645678322199,371.5073133194047,362.7349946727401
11020,3.061111111111111,16.0,0.0,0.0,0.0,407.324910910617,399.0342220528092,385.38717686060073,371.4509231919412,362.69228363500315
11030,3.063888888888889,16.0,0.0,0.0,0.0,407.21652068196073,398.93726044613675,385.3098068480302,371.39452089350954,362.64953658631003
11040,3.066666666666667,16.0,0.0,0.0,0.0,407.1081911012844,398.8403462952939,385.23245776842083,371.33810645731415,362.606753612822
11050,3.0694444444444446,16.0,0.0,0.0,0.0,406.9999221122304,398.7434795463019,385.1551295957937,371.2816799165314,362.56393480050764
11060,3.0722222222222224,16.0,0.0,0.0,0.0,406.89171365846124,398.6466601452778,385.0778223042778,371.22524130430963,362.52108023514364
11070,3.075,16.0,0.0,0.0,0.0,406.78356568365933,398.54988803843423,385.00053586810964,371.168790653769,362.47819000231516
11080,3.077777777777778,16.0,0.0,0.0,0.0,406.6754781315277,398.4531631720792,384.9232702616327,371.11232799800143,362.43526418741646
11090,3.0805555555555557,16.0,0.0,0.0,0.0,406.56745094579,398.3564854926159,384.8460254592969,371.0558533700705,362.3923028756515
11100,3.0833333333333335,16.0,0.0,0.0,0.0,406.45948407019057,398.25985494654236,384.7688014356583,370.9993668030115,362.34930615203456
11110,3.0861111111111112,16.0,0.0,0.0,0.0,406.35157744849516,398.1632714804514,384.6915981653782,370.94286832983113,362.3062741013906
11120,3.088888888888889,16.0,0.0,0.0,0.0,406.2437310244907,398.06673504103014,384.614415623223,370.88635798350754,362.2632068083562
11130,3.091666666666667,16.0,0.0,0.0,0.0,406.13594474198584,397.97024557506006,384.53725378406364,370.82983579699027,362.22010435737974
11140,3.0944444444444446,16.0,0.0,0.0,0.0,406.02821854481095,397.87380302941665,384.4601126228749,370.7733018032001,362.17696683272226
11150,3.0972222222222223,16.0,0.0,0.0,0.0,405.9205523768186,397.77740735106903,384.3829921147351,370.71675603502905,362.13379431845783
11160,3.1,16.0,0.0,0.0,0.0,405.81294618188355,397.68105848708007,384.3058922348256,370.6601985253402,362.09058689847416
11170,3.102777777777778,16.0,0.0,0.0,0.0,405.7053999039031,397.58475638460584,384.22881295843024,370.60362930696766,362.04734465647323
11180,3.1055555555555556,16.0,0.0,0.0,0.0,405.59791348679744,397.48850099089555,384.1517542609349,370.54704841271655,362.0040676759718
11190,3.1083333333333334,16.0,0.0,0.0,0.0,405.49048687450954,397.3922922532913,384.0747161178271,370.4904558753629,361.9607560403019
11200,3.111111111111111,16.0,0.0,0.0,0.0,405.38312001100576,397.2961301192279,383.9976985046952,370.43385172765346,361.9174098326114
11210,3.113888888888889,16.0,0.0,0.0,0.0,405.27581284027576,397.2000145362325,383.9207013972284,370.3772360023058,361.8740291358647
11220,3.1166666666666667,16.0,0.0,0.0,0.0,405.16856530633294,397.10394545192463,383.8437247712159,370.320608732008,361.8306140328432
11230,3.1194444444444445,16.0,0.0,0.0,0.0,405.06137735321454,397.0079228140157,383.76676860254645,370.26396994941894,361.7871646061456
11240,3.1222222222222222,16.0,0.0,0.0,0.0,404.9542489249819,396.911946570309,383.68983286720817,370.20731968716785,361.74368093818896
11250,3.125,16.0,0.0,0.0,0.0,404.8471799657207,396.81601666869926,383.6129175412878,370.1506579778545,361.70016311120867
11260,3.1277777777777778,16.0,0.0,0.0,0.0,404.74017041954113,396.72013305717263,383.5360226009703,370.093984854049,361.6566112072594
11270,3.1305555555555555,16.0,0.0,0.0,0.0,404.63322023057805,396.62429568380645,383.45914802253833,370.0373003482917,361.61302530821547
11280,3.1333333333333333,16.0,0.0,0.0,0.0,404.5263293429914,396.52850449676896,383.382293782372,369.98060449309327,361.5694054957714
11290,3.136111111111111,16.0,0.0,0.0,0.0,404.4194977009662,396.43275944431906,383.30545985694823,369.9238973209345,361.5257518514424
11300,3.138888888888889,16.0,0.0,0.0,0.0,404.31272524871287,396.33706047480615,383.22864622284027,369.8671788642663,361.48206445656507
11310,3.1416666666666666,16.0,0.0,0.0,0.0,404.2060119304674,396.2414075366699,383.15185285671737,369.81044915550956,361.43834339229767
11320,3.1444444444444444,16.0,0.0,0.0,0.0,404.0993576904916,396.14580057844006,383.0750797353443,369.75370822705514,361.3945887396209
11330,3.147222222222222,16.0,0.0,0.0,0.0,403.9927624730733,396.0502395487363,382.9983268355807,369.69695611126383,361.35080057933817
11340,3.15,16.0,0.0,0.0,0.0,403.8862262225265,395.95472439626775,382.92159413438105,369.6401928404662,361.30697899207644
11350,3.1527777777777777,16.0,0.0,0.0,0.0,403.77974888319153,395.8592550698331,382.8448816087938,369.58341844696264,361.2631240582864
11360,3.1555555555555554,16.0,0.0,0.0,0.0,403.6733303994355,395.7638315183203,382.7681892359611,369.5266329630232,361.21923585824317
11370,3.158333333333333,16.0,0.0,0.0,0.0,403.56697071565213,395.6684536907061,382.69151699311834,369.46983642088753,361.17531447204686
11380,3.161111111111111,16.0,0.0,0.0,0.0,403.4606697762623,395.5731215360562,382.61486485759383,369.41302885276497,361.13135997962297
11390,3.1638888888888888,16.0,0.0,0.0,0.0,403.3544275257141,395.4778350035249,382.53823280680814,369.3562102908342,361.087372460723
11400,3.1666666666666665,16.0,0.0,0.0,0.0,403.24824390848283,395.38259404235475,382.4616208182738,369.2993807672435,361.0433519949247
11410,3.1694444444444443,16.0,0.0,0.0,0.0,403.14211886907157,395.28739860187665,382.38502886959486,369.2425403141105,360.9992986616331
11420,3.172222222222222,16.0,0.0,0.0,0.0,403.0360523520111,395.1922486315093,382.3084569384665,369.18568896352207,360.95521254008037
11430,3.175,16.0,0.0,0.0,0.0,402.9300443018602,395.0971440807592,382.23190500267447,369.12882674753445,360.9110937093269
11440,3.1777777777777776,16.0,0.0,0.0,0.0,402.8240946632059,395.0020848992205,382.15537304009473,369.07195369817305,360.8669422482614
11450,3.1805555555555554,16.0,0.0,0.0,0.0,402.7182033806635,394.90707103657456,382.07886102869304,369.0150698474324,360.82275823560167
11460,3.183333333333333,16.0,0.0,0.0,0.0,402.6123703988768,394.81210244258995,382.00236894652454,368.95817522727623,360.7785417498949
11470,3.186111111111111,16.0,0.0,0.0,0.0,402.5065956625184,394.7171790671221,381.9258967717333,368.90126986963713,360.7342928695182
11480,3.188888888888889,16.0,0.0,0.0,0.0,402.40087911628984,394.6223008601133,381.84944448255186,368.84435380641685,360.69001167267925
11490,3.191666666666667,16.0,0.0,0.0,0.0,402.29522070492175,394.5274677715922,381.77301205730095,368.787427069486,360.64569823741664
11500,3.1944444444444446,16.0,0.0,0.0,0.0,402.18962037317397,394.432679751674,381.6965994743889,368.730489690684,360.60135264160033
11510,3.1972222222222224,16.0,0.0,0.0,0.0,402.0840780658359,394.33793675055983,381.6202067123114,368.67354170181915,360.5569749629323
11520,3.2,16.0,0.0,0.0,0.0,401.97859372772655,394.24323871853676,381.543833749651,368.6165831346685,360.5125652789469
11530,3.202777777777778,16.0,0.0,0.0,0.0,401.87316730369474,394.1485856059777,381.46748056507664,368.5596140209778,360.4681236670114
11540,3.2055555555555557,16.0,0.0,0.0,0.0,401.76779873861926,394.053977363341,381.3911471373433,368.50263439246146,360.4236502043264
11550,3.2083333333333335,16.0,0.0,0.0,0.0,401.66248797740917,393.9594139411704,381.31483344529164,368.44564428080247,360.37914496792644
11560,3.2111111111111112,16.0,0.0,0.0,0.0,401.55723496500383,393.86489529009464,381.2385394678475,368.38864371765237,360.3346080346803
11570,3.213888888888889,16.0,0.0,0.0,0.0,401.4520396463732,393.7704213608275,381.16226518402163,368.3316327346313,360.29003948129167
11580,3.216666666666667,16.0,0.0,0.0,0.0,401.34690196651775,393.6759921041675,381.0860105729092,368.27461136332767,360.24543938429946
11590,3.2194444444444446,16.0,0.0,0.0,0.0,401.241821870469,393.5816074709976,381.00977561368927,368.2175796352985,360.2008078200784
11600,3.2222222222222223,16.0,0.0,0.0,0.0,401.1367993032894,393.4872674122852,380.9335602856247,368.16053758206897,360.15614486483946
11610,3.225,16.0,0.0,0.0,0.0,401.03183421007276,393.3929718790817,380.8573645680616,368.10348523513267,360.11145059463024
11620,3.227777777777778,16.0,0.0,0.0,0.0,400.92692653594406,393.2987208225226,380.78118844042876,368.04642262595144,360.06672508533563
11630,3.2305555555555556,16.0,0.0,0.0,0.0,400.82207622606,393.2045141938271,380.7050318822376,367.98934978595526,360.021968412678
11640,3.2333333333333334,16.0,0.0,0.0,0.0,400.71728322560887,393.1103519442979,380.6288948730815,367.9322667465424,359.977180652218
11650,3.236111111111111,16.0,0.0,0.0,0.0,400.61254747981087,393.0162340253212,380.55277739263556,367.87517353907907,359.9323618793547
11660,3.238888888888889,16.0,0.0,0.0,0.0,400.50786893391825,392.9221603883662,380.4766794206562,367.81807019489975,359.88751216932627
11670,3.2416666666666667,16.0,0.0,0.0,0.0,400.4032475332154,392.8281309849852,380.4006009369807,367.76095674530677,359.84263159721036
11680,3.2444444444444445,16.0,0.0,0.0,0.0,400.2986832230191,392.73414576681324,380.32454192152693,367.7038332215705,359.7977202379245
11690,3.2472222222222222,16.0,0.0,0.0,0.0,400.19417594867866,392.64020468556794,380.24850235429284,367.6466996549293,359.7527781662268
11700,3.25,16.0,0.0,0.0,0.0,400.08972565557605,392.5463076930494,380.1724822153562,367.58955607658936,359.70780545671596
11710,3.2527777777777778,16.0,0.0,0.0,0.0,399.98533228912606,392.4524547411399,380.0964814848741,367.53240251772473,359.6628021838321
11720,3.2555555555555555,16.0,0.0,0.0,0.0,399.8809957947765,392.3586457818037,380.0205001430828,367.47523900947726,359.61776842185725
11730,3.2583333333333333,16.0,0.0,0.0,0.0,399.77671611800815,392.264880767087,379.9445381702971,367.4180655829566,359.57270424491537
11740,3.261111111111111,16.0,0.0,0.0,0.0,399.67249320433535,392.1711596491175,379.8685955469101,367.3608822692401,359.5276097269732
11750,3.263888888888889,16.0,0.0,0.0,0.0,399.56832699930567,392.0774823801045,379.7926722533928,367.3036890993728,359.4824849418406
11760,3.2666666666666666,16.0,0.0,0.0,0.0,399.46421744850034,391.9838489123386,379.71676827029376,367.2464861043673,359.43732996317095
11770,3.2694444444444444,16.0,0.0,0.0,0.0,399.36016449753436,391.8902591981913,379.64088357823863,367.18927331520393,359.39214486446156
11780,3.272222222222222,16.0,0.0,0.0,0.0,399.25616809205655,391.7967131901152,379.56501815793,367.13205076283054,359.3469297190542
11790,3.275,16.0,0.0,0.0,0.0,399.1522281777498,391.7032108406435,379.48917199014693,367.0748184781625,359.30168460013545
11800,3.2777777777777777,16.0,0.0,0.0,0.0,399.04834470033126,391.60975210239,379.4133450557444,367.01757649208264,359.2564095807373
11810,3.2805555555555554,16.0,0.0,0.0,0.0,398.9445176055523,391.5163369280488,379.3375373356532,366.96032483544127,359.21110473373733
11820,3.283333333333333,16.0,0.0,0.0,0.0,398.84074683919874,391.4229652703942,379.26174881087957,366.9030635390561,359.16577013185935
11830,3.286111111111111,16.0,0.0,0.0,0.0,398.7370323470912,391.3296370822804,379.18597946250463,366.8457926337123,359.12040584767374
11840,3.2888888888888888,16.0,0.0,0.0,0.0,398.6333740750849,391.2363523166415,379.1102292716843,366.78851215016215,359.0750119535979
11850,3.2916666666666665,16.0,0.0,0.0,0.0,398.5297719690699,391.14311092649126,379.03449821964875,366.7312221191255,359.0295885218967
11860,3.2944444444444443,16.0,0.0,0.0,0.0,398.4262259749715,391.0499128649227,378.9587862877021,366.6739225712893,358.9841356246829
11870,3.297222222222222,16.0,0.0,0.0,0.0,398.32273603875,390.9567580851083,378.883093457222,366.61661353730784,358.9386533339175
11880,3.3,16.0,0.0,0.0,0.0,398.21930210640113,390.8636465402994,378.8074197096596,366.5592950478025,358.89314172141036
11890,3.3027777777777776,16.0,0.0,0.0,0.0,398.11592412395595,390.7705781838264,378.7317650265387,366.50196713336186,358.84760085882033
11900,3.3055555555555554,16.0,0.0,0.0,0.0,398.0126020374812,390.6775529690983,378.6561293894559,366.44462982454166,358.8020308176559
11910,3.308333333333333,16.0,0.0,0.0,0.0,397.9093357930793,390.58457084960276,378.58051278007986,366.3872831518647,358.75643166927557
11920,3.311111111111111,16.0,0.0,0.0,0.0,397.80612533688856,390.4916317789057,378.5049151801513,366.329927145821,358.7108034848882
11930,3.313888888888889,16.0,0.0,0.0,0.0,397.70297061508325,390.3987357106512,378.42933657148234,366.2725618368674,358.66514633555346
11940,3.316666666666667,16.0,0.0,0.0,0.0,397.5998715738737,390.3058825985614,378.35377693595643,366.21518725542785,358.61946029218234
11950,3.3194444444444446,16.0,0.0,0.0,0.0,397.49682815950655,390.2130723964363,378.2782362555278,366.1578034318932,358.5737454255374
11960,3.3222222222222224,16.0,0.0,0.0,0.0,397.39384031826484,390.12030505815346,378.20271451222135,366.10041039662144,358.52800180623336
11970,3.325,16.0,0.0,0.0,0.0,397.29090799646804,390.027580537668,378.1272116881321,366.0430081799372,358.48222950473723
11980,3.327777777777778,16.0,0.0,0.0,0.0,397.1880311404722,389.9348987890122,378.05172776542497,365.9855968121322,358.436428591369
11990,3.3305555555555557,16.0,0.0,0.0,0.0,397.08520969667035,389.8422597662957,377.9762627263345,365.9281763234649,358.390599136302
12000,3.3333333333333335,16.0,0.0,0.0,0.0,396.98244361149216,389.7496634237048,377.90081655316436,365.8707467441607,358.34474120956315
12010,3.3361111111111112,16.0,0.0,0.0,0.0,396.8797328314044,389.6571097155028,377.82538922828724,365.8133081044117,358.2988548810335
12020,3.338888888888889,16.0,0.0,0.0,0.0,396.7770773029109,389.56459859602955,377.7499807341443,365.75586043437676,358.2529402204486
12030,3.341666666666667,16.0,0.0,0.0,0.0,396.67447697255295,389.47213001970124,377.67459105324497,365.69840376418153,358.20699729739886
12040,3.3444444444444446,16.0,0.0,0.0,0.0,396.5719317869089,389.37970394101035,377.59922016816665,365.64093812391843,358.16102618133004
12050,3.3472222222222223,16.0,0.0,0.0,0.0,396.46944169259484,389.2873203145255,377.52386806155437,365.5834635436464,358.11502694154353
12060,3.35,16.0,0.0,0.0,0.0,396.3670066362643,389.19497909489127,377.44853471612043,365.52598005339127,358.06899964719685
12070,3.352777777777778,16.0,0.0,0.0,0.0,396.26462656460865,389.10268023682784,377.3732201146441,365.46848768314527,358.0229443673039
12080,3.3555555555555556,16.0,0.0,0.0,0.0,396.16230142435705,389.01042369513107,377.2979242399713,365.4109864628674,357.9768611707356
12090,3.3583333333333334,16.0,0.0,0.0,0.0,396.06003116227663,388.91820942467217,377.22264707501427,365.35347642248325,357.9307501262201
12100,3.361111111111111,16.0,0.0,0.0,0.0,395.95781572517257,388.8260373803976,377.1473886027514,365.29595759188487,357.8846113023431
12110,3.363888888888889,16.0,0.0,0.0,0.0,395.85565505988825,388.733907517329,377.07214880622666,365.238430000931,357.8384447675484
12120,3.3666666666666667,16.0,0.0,0.0,0.0,395.7535491133053,388.64181979056264,376.9969276685496,365.1808936794467,357.79225059013834
12130,3.3694444444444445,16.0,0.0,0.0,0.0,395.6514978323439,388.54977415526974,376.9217251728947,365.12334865722363,357.7460288382739
12140,3.3722222222222222,16.0,0.0,0.0,0.0,395.54950116396265,388.45777056669607,376.84654130250135,365.06579496402003,357.69977957997537
12150,3.375,16.0,0.0,0.0,0.0,395.44755905515876,388.3658089801617,376.77137604067343,365.0082326295604,357.65350288312254
12160,3.3777777777777778,16.0,0.0,0.0,0.0,395.34567145296825,388.27388935106103,376.696229370779,364.9506616835357,357.60719881545526
12170,3.3805555555555555,16.0,0.0,0.0,0.0,395.24383830446595,388.1820116348625,376.62110127625,364.8930821556035,357.56086744457366
12180,3.3833333333333333,16.0,0.0,0.0,0.0,395.1420595567657,388.0901757871083,376.5459917405819,364.8354940753875,357.51450883793865
12190,3.386111111111111,16.0,0.0,0.0,0.0,395.0403351570203,387.9983817634146,376.47090074733353,364.77789747247783,357.46812306287217
12200,3.388888888888889,16.0,0.0,0.0,0.0,394.9386650524218,387.90662951947104,376.3958282801268,364.7202923764311,357.4217101865577
12210,3.3916666666666666,16.0,0.0,0.0,0.0,394.8370491902016,387.8149190110406,376.3207743226461,364.66267881677004,357.37527027604045
12220,3.3944444444444444,16.0,0.0,0.0,0.0,394.73548751763025,387.7232501939596,376.24573885863845,364.60505682298384,357.32880339822805
12230,3.397222222222222,16.0,0.0,0.0,0.0,394.633979982018,387.63162302413735,376.17072187191275,364.54742642452794,357.2823096198906
12240,3.4,16.0,0.0,0.0,0.0,394.5325265307146,387.5400374575562,376.0957233463399,364.489787650824,357.2357890076612
12250,3.4027777777777777,16.0,0.0,0.0,0.0,394.4311271111095,387.4484934502711,376.0207432658523,364.4321405312599,357.1892416280362
12260,3.4055555555555554,16.0,0.0,0.0,0.0,394.3297816706319,387.3569909584097,375.9457816144434,364.3744850951899,357.14266754737577
12270,3.408333333333333,16.0,0.0,0.0,0.0,394.2284901567509,387.26552993817216,375.8708383761678,364.3168213719344,357.0960668319041
12280,3.411111111111111,16.0,0.0,0.0,0.0,394.12725251697566,387.17411034583074,375.7959135351407,364.2591493907799,357.0494395477099
12290,3.4138888888888888,16.0,0.0,0.0,0.0,394.0260686988553,387.0827321377299,375.7210070755376,364.2014691809792,357.00278576074646
12300,3.4166666666666665,16.0,0.0,0.0,0.0,393.92493864997914,386.99139527028615,375.64611898159427,364.1437807717512,356.95610553683247
12310,3.4194444444444443,16.0,0.0,0.0,0.0,393.8238623179768,386.9000996999876,375.5712492376061,364.0860841922811,356.909398941652
12320,3.422222222222222,16.0,0.0,0.0,0.0,393.7228396505183,386.80884538339416,375.496397827928,364.0283794717199,356.8626660407551
12330,3.425,16.0,0.0,0.0,0.0,393.62187059531414,386.7176322771371,375.4215647369743,363.9706666391851,356.8159068995579
12340,3.4277777777777776,16.0,0.0,0.0,0.0,393.52095510011526,386.6264603379191,375.3467499492181,363.91294572376,356.7691215833433
12350,3.4305555555555554,16.0,0.0,0.0,0.0,393.42009311271335,386.5353295225141,375.2719534491914,363.85521675449417,356.72231015726106
12360,3.433333333333333,16.0,0.0,0.0,0.0,393.31928458094075,386.4442397877667,375.1971752214845,363.7974797604032,356.6754726863283
12370,3.436111111111111,16.0,0.0,0.0,0.0,393.21852945267074,386.35319109059276,375.1224152507457,363.7397347704687,356.62860923542974
12380,3.438888888888889,16.0,0.0,0.0,0.0,393.1178276758174,386.2621833879786,375.0476735216814,363.6819818136384,356.58171986931814
12390,3.441666666666667,16.0,0.0,0.0,0.0,393.01717919833595,386.17121663698117,374.9729500190555,363.624220918826,356.53480465261464
12400,3.4444444444444446,16.0,0.0,0.0,0.0,392.91658396822265,386.0802907947277,374.89824472768913,363.5664521149112,356.48786364980907
12410,3.4472222222222224,16.0,0.0,0.0,0.0,392.8160419335149,385.98940581841583,374.8235576324607,363.50867543073986,356.4408969252603
12420,3.45,16.0,0.0,0.0,0.0,392.7155530422914,385.89856166531314,374.7488887183051,363.4508908951236,356.39390454319664
12430,3.452777777777778,16.0,0.0,0.0,0.0,392.6151172426722,385.80775829275717,374.67423797021405,363.3930985368402,356.3468865677162
12440,3.4555555555555557,16.0,0.0,0.0,0.0,392.5147344828189,385.7169956581552,374.5996053732353,363.3352983846334,356.29984306278703
12450,3.4583333333333335,16.0,0.0,0.0,0.0,392.4144047109344,385.62627371898424,374.5249909124727,363.27749046721283,356.2527740922478
12460,3.4611111111111112,16.0,0.0,0.0,0.0,392.3141278752634,385.5355924327906,374.4503945730857,363.2196748132541,356.2056797198079
12470,3.463888888888889,16.0,0.0,0.0,0.0,392.2139039240923,385.4449517571901,374.37581634028936,363.1618514513987,356.15856000904785
12480,3.466666666666667,16.0,0.0,0.0,0.0,392.1137328057491,385.35435164986757,374.3012561993539,363.10402041025424,356.1114150234195
12490,3.4694444444444446,16.0,0.0,0.0,0.0,392.01361446860386,385.2637920685769,374.22671413560437,363.04618171839405,356.06424482624675
12500,3.4722222222222223,16.0,0.0,0.0,0.0,391.9135488610684,385.1732729711408,374.15219013442066,362.9883354043575,356.0170494807254
12510,3.475,16.0,0.0,0.0,0.0,391.81353593159673,385.0827943154509,374.07768418123703,362.9304814966497,355.9698290499239
12520,3.477777777777778,16.0,0.0,0.0,0.0,391.71357562868485,384.99235605946706,374.00319626154186,362.87262002374183,355.9225835967833
12530,3.4805555555555556,16.0,0.0,0.0,0.0,391.6136679008709,384.90195816121786,373.92872636087753,362.8147510140709,355.875313184118
12540,3.4833333333333334,16.0,0.0,0.0,0.0,391.51381269673533,384.8116005787999,373.85427446484005,362.75687449603976,355.8280178746158
12550,3.486111111111111,16.0,0.0,0.0,0.0,391.4140099649009,384.72128327037814,373.77984055907876,362.6989904980171,355.7806977308383
12560,3.488888888888889,16.0,0.0,0.0,0.0,391.31425965403275,384.6310061941853,373.7054246292963,362.6410990483376,355.7333528152213
12570,3.4916666666666667,16.0,0.0,0.0,0.0,391.21456171283853,384.5407693085221,373.63102666124814,362.58320017530167,355.68598319007486
12580,3.4944444444444445,16.0,0.0,0.0,0.0,391.11491609006845,384.45057257175677,373.55664664074243,362.52529390717564,355.63858891758406
12590,3.4972222222222222,16.0,0.0,0.0,0.0,391.01532273451534,384.3604159423251,373.48228455363966,362.46738027219163,355.591170059809
12600,3.5,10.0,0.0,0.0,0.0,390.91578159501466,384.27029937873044,373.4079403858526,362.40945929854763,355.5437266786851
12610,3.5027777777777778,10.0,0.0,0.0,0.0,390.81629262044476,384.18022283954315,373.33361412334597,362.35153101440744,355.49625883602386
12620,3.5055555555555555,10.0,0.0,0.0,0.0,390.7168557597267,384.0901862834008,373.259305752136,362.29359544790066,355.4487665935125
12630,3.5083333333333333,10.0,0.0,0.0,0.0,390.6174709618245,384.0001896690078,373.18501525829055,362.23565262712276,355.40125001271497
12640,3.511111111111111,10.0,0.0,0.0,0.0,390.5181381757452,383.91023295513554,373.1107426279285,362.17770258013496,355.3537091550717
12650,3.513888888888889,10.0,0.0,0.0,0.0,390.4188573505389,383.820316100622,373.0364878472198,362.11974533496436,355.30614408190036
12660,3.5166666666666666,10.0,0.0,0.0,0.0,390.3196284352987,383.7304390643716,372.9622509023851,362.0617809196038,355.2585548543958
12670,3.5194444444444444,10.0,0.0,0.0,0.0,390.22045137916103,383.6406018053552,372.8880317796955,362.00380936201196,355.2109415336308
12680,3.522222222222222,10.0,0.0,0.0,0.0,390.1213261313055,383.5508042826098,372.81383046547234,361.94583069011327,355.1633041805558
12690,3.525,10.0,0.0,0.0,0.0,390.02225264095506,383.46104645523866,372.73964694608696,361.887844931798,355.11564285599997
12700,3.5277777777777777,10.0,0.0,0.0,0.0,389.923230857376,383.37132828241084,372.6654812079605,361.8298521149222,355.06795762067077
12710,3.5305555555555554,10.0,0.0,0.0,0.0,389.82426072987806,383.2816497233612,372.5913332375636,361.7718522673076,355.0202485351548
12720,3.533333333333333,10.0,0.0,0.0,0.0,389.72534220781455,383.19201073739043,372.51720302141626,361.71384541674195,354.97251565991775
12730,3.536111111111111,10.0,0.0,0.0,0.0,389.62647524058235,383.10241128386457,372.44309054608755,361.65583159097855,354.92475905530506
12740,3.5388888888888888,10.0,0.0,0.0,0.0,389.527659777622,383.01285132221506,372.3689957981953,361.59781081773656,354.8769787815419
12750,3.5416666666666665,10.0,0.0,0.0,0.0,389.4288957684176,382.9233308119386,372.29491876440596,361.53978312470093,354.82917489873364
12760,3.5444444444444443,10.0,0.0,0.0,0.0,389.3301831624972,382.8338497125971,372.22085943143446,361.48174853952236,354.78134746686624
12770,3.547222222222222,10.0,0.0,0.0,0.0,389.2315219094325,382.74440798381727,372.14681778604387,361.4237070898173,354.7334965458063
12780,3.55,10.0,0.0,0.0,0.0,389.13291195883926,382.6550055852907,372.0727938150451,361.365658803168,354.6856221953017
12790,3.5527777777777776,10.0,0.0,0.0,0.0,389.0343532603771,382.56564247677375,371.99878750529683,361.3076037071225,354.6377244749815
12800,3.5555555555555554,10.0,0.0,0.0,0.0,388.93584576374957,382.4763186180872,371.9247988437052,361.2495418291946,354.5898034443567
12810,3.558333333333333,10.0,0.0,0.0,0.0,388.8373894187044,382.3870339691163,371.8508278172237,361.1914731968638,354.5418591628201
12820,3.561111111111111,10.0,0.0,0.0,0.0,388.7389841750334,382.2977884898106,371.77687441285275,361.1333978375755,354.49389168964706
12830,3.563888888888889,10.0,0.0,0.0,0.0,388.64062998257253,382.20858214018375,371.7029386176396,361.07531577874073,354.4459010839953
12840,3.566666666666667,10.0,0.0,0.0,0.0,388.54232679120196,382.1194148803134,371.62902041867807,361.01722704773636,354.39788740490553
12850,3.5694444444444446,10.0,0.0,0.0,0.0,388.4440745508462,382.03028667034107,371.5551198031085,360.959131671905,354.3498507113017
12860,3.5722222222222224,10.0,0.0,0.0,0.0,388.3458732114741,381.94119747047205,371.4812367581173,360.9010296785552,354.3017910619913
12870,3.575,10.0,0.0,0.0,0.0,388.2477227230989,381.8521472409751,371.4073712709368,360.84292109496096,354.2537085156655
12880,3.577777777777778,10.0,0.0,0.0,0.0,388.14962303577823,381.76313594218266,371.33352332884505,360.7848059483623,354.20560313089965
12890,3.5805555555555557,10.0,0.0,0.0,0.0,388.0515740996143,381.6741635344902,371.25969291916573,360.72668426596493,354.1574749661534
12900,3.5833333333333335,10.0,0.0,0.0,0.0,387.9535758647538,381.58522997835667,371.18588002926776,360.66855607494034,354.1093240797712
12910,3.5861111111111112,10.0,0.0,0.0,0.0,387.85562828138814,381.4963352343039,371.1120846465651,360.61042140242586,354.0611505299824
12920,3.588888888888889,10.0,0.0,0.0,0.0,387.7577312997533,381.4074792629167,371.0383067585166,360.5522802755245,354.01295437490154
12930,3.591666666666667,10.0,0.0,0.0,0.0,387.65988487012993,381.31866202484264,370.9645463526259,360.4941327213051,353.96473567252883
12940,3.5944444444444446,10.0,0.0,0.0,0.0,387.5620889428435,381.22988348079195,370.8908034164409,360.43597876680235,353.91649448075026
12950,3.5972222222222223,10.0,0.0,0.0,0.0,387.4643434682643,381.14114359153746,370.81707793755396,360.3778184390166,353.86823085733795
12960,3.6,10.0,0.0,0.0,0.0,387.3666483968074,381.0524423179143,370.74336990360126,360.3196517649141,353.8199448599504
12970,3.602777777777778,10.0,0.0,0.0,0.0,387.2690036789329,380.96377962081993,370.66967930226303,360.26147877142694,353.77163654613287
12980,3.6055555555555556,10.0,0.0,0.0,0.0,387.17140926514577,380.87515546121386,370.59600612126303,360.2032994854528,353.72330597331757
12990,3.6083333333333334,10.0,0.0,0.0,0.0,387.07386510599594,380.78656980011766,370.52235034836843,360.14511393385544,353.6749531988239
13000,3.611111111111111,10.0,0.0,0.0,0.0,386.9763711520784,380.6980225986148,370.4487119713896,360.0869221434642,353.626578279859
13010,3.613888888888889,10.0,0.0,0.0,0.0,386.8789273540333,380.6095138178504,370.37509097818014,360.02872414107435,353.57818127351766
13020,3.6166666666666667,10.0,0.0,0.0,0.0,386.7815336625459,380.52104341903134,370.3014873566362,359.97051995344697,353.5297622367828
13030,3.6194444444444445,10.0,0.0,0.0,0.0,386.68419002834656,380.4326113634258,370.2279010946966,359.91230960730894,353.4813212265258
13040,3.6222222222222222,10.0,0.0,0.0,0.0,386.586896402211,380.3442176123634,370.1543321803428,359.854093129353,353.4328582995066
13050,3.625,10.0,0.0,0.0,0.0,386.48965273496003,380.25586212723505,370.08078060159824,359.7958705462376,353.3843735123742
13060,3.6277777777777778,10.0,0.0,0.0,0.0,386.3924589774599,380.16754486949264,370.0072463465284,359.7376418845873,353.3358669216668
13070,3.6305555555555555,10.0,0.0,0.0,0.0,386.29531508062223,380.07926580064907,369.93372940324076,359.6794071709922,353.2873385838121
13080,3.6333333333333333,10.0,0.0,0.0,0.0,386.1982209954039,379.9910248822781,369.86022975988425,359.62116643200847,353.23878855512737
13090,3.636111111111111,10.0,0.0,0.0,0.0,386.1011766728074,379.9028220760142,369.78674740464936,359.56291969415804,353.1902168918202
13100,3.638888888888889,10.0,0.0,0.0,0.0,386.00418206388053,379.8146573435525,369.71328232576775,359.50466698392876,353.14162364998845
13110,3.6416666666666666,10.0,0.0,0.0,0.0,385.9072371197167,379.72653064664837,369.6398345115121,359.4464083277743,353.0930088856204
13120,3.6444444444444444,10.0,0.0,0.0,0.0,385.8103417914548,379.63844194711777,369.56640395019605,359.38814375211416,353.04437265459535
13130,3.647222222222222,10.0,0.0,0.0,0.0,385.7134960302794,379.5503912068367,369.49299063017384,359.3298732833339,352.99571501268366
13140,3.65,10.0,0.0,0.0,0.0,385.6166997874206,379.46237838774135,369.4195945398402,359.2715969477848,352.94703601554716
13150,3.6527777777777777,10.0,0.0,0.0,0.0,385.5199530141543,379.3744034518278,369.34621566763013,359.2133147717842,352.89833571873925
13160,3.6555555555555554,10.0,0.0,0.0,0.0,385.423255661802,379.28646636115195,369.2728540020188,359.1550267816152,352.84961417770535
13170,3.658333333333333,10.0,0.0,0.0,0.0,385.32660768173093,379.1985670778295,369.19950953152113,359.0967330035269,352.80087144778304
13180,3.661111111111111,10.0,0.0,0.0,0.0,385.2300090253542,379.1107055640357,369.1261822446919,359.03843346373424,352.75210758420235
13190,3.6638888888888888,10.0,0.0,0.0,0.0,385.13345964413065,379.0228817820052,369.05287213012537,358.98012818841823,352.70332264208605
13200,3.6666666666666665,10.0,0.0,0.0,0.0,385.036959489565,378.93509569403204,368.9795791764552,358.92181720372577,352.65451667645
13210,3.6694444444444443,10.0,0.0,0.0,0.0,384.9405085132078,378.8473472624695,368.90630337235416,358.8635005357696,352.60568974220314
13220,3.672222222222222,10.0,0.0,0.0,0.0,384.8441066666557,378.75963644972995,368.83304470653405,358.80517821062864,352.5568418941481
13230,3.675,10.0,0.0,0.0,0.0,384.74775390155105,378.6719632182847,368.7598031677455,358.7468502543476,352.5079731869812
13240,3.6777777777777776,10.0,0.0,0.0,0.0,384.6514501695823,378.5843275306639,368.6865787447776,358.6885166929371,352.4590836752928
13250,3.6805555555555554,10.0,0.0,0.0,0.0,384.5551954224839,378.49672934945653,368.61337142645806,358.63017755237405,352.4101734135676
13260,3.683333333333333,10.0,0.0,0.0,0.0,384.4589896120364,378.40916863731,368.5401812016528,358.5718328586011,352.36124245618487
13270,3.686111111111111,10.0,0.0,0.0,0.0,384.36283269006645,378.32164535693045,368.4670080592657,358.51348263752703,352.31229085741865
13280,3.688888888888889,10.0,0.0,0.0,0.0,384.2667246084467,378.23415947108214,368.3938519882388,358.4551269150266,352.26331867143807
13290,3.691666666666667,10.0,0.0,0.0,0.0,384.1706653190959,378.14671094258773,368.32071297755164,358.39676571694054,352.2143259523076
13300,3.6944444444444446,10.0,0.0,0.0,0.0,384.0746547739792,378.0592997343279,368.24759101622135,358.3383990690757,352.1653127539873
13310,3.6972222222222224,10.0,0.0,0.0,0.0,383.97869292510774,377.9719258092415,368.17448609330256,358.28002699720497,352.116279130333
13320,3.7,10.0,0.0,0.0,0.0,383.882779724539,377.88458913032514,368.10139819788697,358.2216495270673,352.06722513509675
13330,3.702777777777778,10.0,0.0,0.0,0.0,383.7869151243766,377.79728966063317,368.0283273191033,358.1632666843677,352.01815082192684
13340,3.7055555555555557,10.0,0.0,0.0,0.0,383.6910990767706,377.71002736327773,367.9552734461172,358.1048784947773,351.9690562443682
13350,3.7083333333333335,10.0,0.0,0.0,0.0,383.5953315339173,377.6228022014284,367.88223656813096,358.0464849839333,351.9199414558625
13360,3.7111111111111112,10.0,0.0,0.0,0.0,383.49961244805934,377.53561413831216,367.80921667438344,357.9880861774389,351.8708065097487
13370,3.713888888888889,10.0,0.0,0.0,0.0,383.4039417714857,377.4484631372133,367.73621375414973,357.9296821008636,351.82165145926297
13380,3.716666666666667,10.0,0.0,0.0,0.0,383.3083194565317,377.3613491614734,367.6632277967412,357.8712727797429,351.7724763575391
13390,3.7194444444444446,10.0,0.0,0.0,0.0,383.21274545557924,377.27427217449093,367.59025879150505,357.8128582395786,351.7232812576088
13400,3.7222222222222223,10.0,0.0,0.0,0.0,383.1172197210566,377.18723213972146,367.5173067278246,357.75443850583844,351.67406621240167
13410,3.725,10.0,0.0,0.0,0.0,383.0217422054384,377.10022902067726,367.4443715951185,357.6960136039565,351.6248312747458
13420,3.727777777777778,10.0,0.0,0.0,0.0,382.9263128612459,377.0132627809274,367.3714533828412,357.63758355933294,351.5755764973679
13430,3.7305555555555556,10.0,0.0,0.0,0.0,382.83093164104685,376.9263333840975,367.29855208048224,357.57914839733417,351.5263019328933
13440,3.7333333333333334,10.0,0.0,0.0,0.0,382.7355984974555,376.83944079386976,367.22566767756643,357.5207081432928,351.47700763384665
13450,3.736111111111111,10.0,0.0,0.0,0.0,382.64031338313265,376.75258497398266,367.15280016365364,357.4622628225076,351.42769365265167
13460,3.738888888888889,10.0,0.0,0.0,0.0,382.5450762507857,376.66576588823096,367.0799495283385,357.4038124602438,351.37836004163177
13470,3.7416666666666667,10.0,0.0,0.0,0.0,382.4498870531687,376.57898350046554,367.00711576125036,357.3453570817325,351.3290068530101
13480,3.7444444444444445,10.0,0.0,0.0,0.0,382.3547457430823,376.4922377745933,366.934298852053,357.28689671217137,351.27963413890996
13490,3.7472222222222222,10.0,0.0,0.0,0.0,382.2596522733737,376.40552867457717,366.8614987904447,357.22843137672425,351.2302419513547
13500,3.75,10.0,0.0,0.0,0.0,382.164606596937,376.3188561644357,366.78871556615786,357.1699611005212,351.1808303422683
13510,3.7527777777777778,10.0,0.0,0.0,0.0,382.0696086667127,376.2322202082433,366.71594916895884,357.1114859086588,351.13139936347545
13520,3.7555555555555555,10.0,0.0,0.0,0.0,381.97465843568824,376.14562077012977,366.643199588648,357.05300582619964,351.0819490667019
13530,3.7583333333333333,10.0,0.0,0.0,0.0,381.87975585689765,376.05905781428055,366.57046681505926,356.99452087817286,351.03247950357456
13540,3.761111111111111,10.0,0.0,0.0,0.0,381.7849008834217,375.9725313049363,366.49775083806026,356.93603108957393,350.9829907256218
13550,3.763888888888889,10.0,0.0,0.0,0.0,381.69009346838806,375.886041206393,366.425051647552,356.8775364853646,350.9334827842736
13560,3.7666666666666666,10.0,0.0,0.0,0.0,381.59533356497104,375.7995874830017,366.3523692334687,356.81903709047305,350.88395573086206
13570,3.7694444444444444,10.0,0.0,0.0,0.0,381.5006211263918,375.7131700991685,366.2797035857777,356.76053292979384,350.8344096166212
13580,3.772222222222222,10.0,0.0,0.0,0.0,381.40595610591834,375.6267890193544,366.20705469447927,356.70202402818796,350.78484449268757
13590,3.775,10.0,0.0,0.0,0.0,381.3113384568654,375.5404442080752,366.1344225496064,356.64351041048275,350.73526041010035
13600,3.7777777777777777,10.0,0.0,0.0,0.0,381.2167681325947,375.4541356299014,366.06180714122485,356.5849921014721,350.6856574198015
13610,3.7805555555555554,10.0,0.0,0.0,0.0,381.1222450865148,375.3678632494579,365.9892084594327,356.5264691259162,350.63603557263605
13620,3.783333333333333,10.0,0.0,0.0,0.0,381.027769272081,375.28162703142436,365.91662649436046,356.4679415085419,350.58639491935236
13630,3.786111111111111,10.0,0.0,0.0,0.0,380.9333406427956,375.19542694053456,365.84406123617083,356.40940927404245,350.5367355106024
13640,3.7888888888888888,10.0,0.0,0.0,0.0,380.83895915220785,375.1092629415767,365.7715126750585,356.3508724470775,350.4870573969418
13650,3.7916666666666665,10.0,0.0,0.0,0.0,380.74462475391385,375.0231349993929,365.69898080125,356.29233105227337,350.4373606288302
13660,3.7944444444444443,10.0,0.0,0.0,0.0,380.6503374015566,374.93704307887947,365.62646560500366,356.2337851142228,350.3876452566315
13670,3.797222222222222,10.0,0.0,0.0,0.0,380.5560970488262,374.8509871449866,365.55396707660935,356.17523465748525,350.3379113306141
13680,3.8,10.0,0.0,0.0,0.0,380.46190364945954,374.76496716271834,365.48148520638836,356.1166797065866,350.2881589009508
13690,3.8027777777777776,10.0,0.0,0.0,0.0,380.3677571572406,374.67898309713235,365.4090199846933,356.0581202860193,350.23838801771967
13700,3.8055555555555554,10.0,0.0,0.0,0.0,380.27365752600025,374.5930349133399,365.33657140190803,355.99955642024247,350.1885987309036
13710,3.808333333333333,10.0,0.0,0.0,0.0,380.1796047096165,374.5071225765059,365.26413944844717,355.94098813368186,350.13879109039095
13720,3.811111111111111,10.0,0.0,0.0,0.0,380.08559866201426,374.42124605184836,365.19172411475637,355.8824154507298,350.0889651459756
13730,3.813888888888889,10.0,0.0,0.0,0.0,379.99163933716545,374.3354053046388,365.1193253913119,355.8238383957454,350.0391209473572
13740,3.816666666666667,10.0,0.0,0.0,0.0,379.89772668908904,374.24960030020185,365.04694326862074,355.7652569930542,349.9892585441415
13750,3.8194444444444446,10.0,0.0,0.0,0.0,379.8038606718511,374.16383100391516,364.9745777372201,355.7066712669487,349.9393779858403
13760,3.8222222222222224,10.0,0.0,0.0,0.0,379.7100412395647,374.07809738120943,364.9022287876776,355.648081241688,349.88947932187193
13770,3.825,10.0,0.0,0.0,0.0,379.6162683463899,373.9923993975681,364.8298964105909,355.5894869414978,349.83956260156145
13780,3.827777777777778,10.0,0.0,0.0,0.0,379.522541946534,373.9067370185274,364.7575805965878,355.5308883905708,349.78962787414065
13790,3.8305555555555557,10.0,0.0,0.0,0.0,379.4288619942512,373.82111020967625,364.68528133632583,355.4722856130662,349.7396751887485
13800,3.8333333333333335,10.0,0.0,0.0,0.0,379.33522844384294,373.73551893665604,364.61299862049236,355.41367863311024,349.6897045944313
13810,3.8361111111111112,10.0,0.0,0.0,0.0,379.2416412496576,373.6499631651606,364.5407324398043,355.3550674747957,349.6397161401428
13820,3.838888888888889,10.0,0.0,0.0,0.0,379.14810036609083,373.5644428609362,364.4684827850079,355.29645216218233,349.5897098747445
13830,3.841666666666667,10.0,0.0,0.0,0.0,379.05460574758524,373.4789579897812,364.39624964687886,355.2378327192967,349.53968584700596
13840,3.8444444444444446,10.0,0.0,0.0,0.0,378.9611573486306,373.39350851754614,364.324033016222,355.17920917013225,349.4896441056047
13850,3.8472222222222223,10.0,0.0,0.0,0.0,378.8677551237638,373.3080944101336,364.25183288387126,355.1205815386493,349.43958469912684
13860,3.85,10.0,0.0,0.0,0.0,378.7743990275689,373.222715633498,364.17964924068934,355.06194984877493,349.3895076760669
13870,3.852777777777778,10.0,0.0,0.0,0.0,378.68108901467707,373.1373721536457,364.10748207756774,355.0033141244033,349.3394130848283
13880,3.8555555555555556,10.0,0.0,0.0,0.0,378.5878250397666,373.0520639366346,364.0353313854267,354.94467438939546,349.2893009737235
13890,3.8583333333333334,10.0,0.0,0.0,0.0,378.4946070575629,372.96679094857444,363.9631971552148,354.88603066757935,349.23917139097415
13900,3.861111111111111,10.0,0.0,0.0,0.0,378.4014350228386,372.88155315562625,363.8910793779092,354.82738298274995,349.1890243847113
13910,3.863888888888889,10.0,0.0,0.0,0.0,378.3083088904134,372.79635052400255,363.8189780445151,354.7687313586692,349.1388600029756
13920,3.8666666666666667,10.0,0.0,0.0,0.0,378.2152286151542,372.7111830199672,363.74689314606593,354.71007581906605,349.08867829371775
13930,3.8694444444444445,10.0,0.0,0.0,0.0,378.12219415197507,372.62605060983526,363.674824673623,354.6514163876365,349.0384793047983
13940,3.8722222222222222,10.0,0.0,0.0,0.0,378.0292054558372,372.5409532599728,363.60277261827554,354.59275308804365,348.9882630839881
13950,3.875,10.0,0.0,0.0,0.0,377.936262481749,372.45589093679706,363.53073697114047,354.53408594391755,348.9380296789685
13960,3.8777777777777778,10.0,0.0,0.0,0.0,377.84336518476596,372.370863606776,363.45871772336227,354.4754149788554,348.88777913733156
13970,3.8805555555555555,10.0,0.0,0.0,0.0,377.7505135199908,372.2858712364286,363.3867148661129,354.41674021642154,348.83751150658014
13980,3.8833333333333333,10.0,0.0,0.0,0.0,377.6577074425735,372.2009137923243,363.3147283905917,354.35806168014744,348.78722683412826
13990,3.886111111111111,10.0,0.0,0.0,0.0,377.564946907711,372.11599124108324,363.2427582880252,354.2993793935317,348.73692516730114
14000,3.888888888888889,10.0,0.0,0.0,0.0,377.47223187064753,372.03110354937616,363.1708045496669,354.24069338004006,348.68660655333554
14010,3.8916666666666666,10.0,0.0,0.0,0.0,377.37956228667457,371.9462506839241,363.0988671667974,354.18200366310555,348.63627103937995
14020,3.8944444444444444,10.0,0.0,0.0,0.0,377.28693811113067,371.8614326114985,363.02694613072396,354.1233102661284,348.58591867249464
14030,3.897222222222222,10.0,0.0,0.0,0.0,377.1943592994016,371.7766492989209,362.9550414327807,354.06461321247593,348.53554949965206
14040,3.9,10.0,0.0,0.0,0.0,377.10182580692026,371.69190071306303,362.8831530643283,354.0059125254829,348.48516356773695
14050,3.9027777777777777,10.0,0.0,0.0,0.0,377.00933758916676,371.6071868208466,362.81128101675387,353.94720822845136,348.4347609235465
14060,3.9055555555555554,10.0,0.0,0.0,0.0,376.9168946016684,371.5225075892433,362.73942528147074,353.8885003446505,348.38434161379064
14070,3.908333333333333,10.0,0.0,0.0,0.0,376.8244967999996,371.4378629852744,362.6675858499186,353.8297888973169,348.33390568509213
14080,3.911111111111111,10.0,0.0,0.0,0.0,376.73214413978206,371.3532529760113,362.59576271356326,353.7710739096546,348.28345318398686
14090,3.9138888888888888,10.0,0.0,0.0,0.0,376.6398365766845,371.2686775285747,362.5239558638963,353.7123554048349,348.232984156924
14100,3.9166666666666665,10.0,0.0,0.0,0.0,376.5475740664229,371.18413661013494,362.45216529243527,353.65363340599646,348.18249865026615
14110,3.9194444444444443,10.0,0.0,0.0,0.0,376.45535656476034,371.0996301879118,362.3803909907235,353.5949079362454,348.1319967102897
14120,3.922222222222222,10.0,0.0,0.0,0.0,376.36318402750715,371.0151582291744,362.30863295032987,353.5361790186553,348.0814783831848
14130,3.925,10.0,0.0,0.0,0.0,376.27105641052077,370.93072070124106,362.2368911628487,353.4774466762671,348.0309437150557
14140,3.9277777777777776,10.0,0.0,0.0,0.0,376.1789736697058,370.84631757147923,362.1651656198997,353.41871093208937,347.98039275192093
14150,3.9305555555555554,10.0,0.0,0.0,0.0,376.086935761014,370.7619488073055,362.093456313128,353.359971809098,347.9298255397135
14160,3.933333333333333,10.0,0.0,0.0,0.0,375.9949426404442,370.6776143761853,362.0217632342036,353.30122933023654,347.87924212428095
14170,3.936111111111111,10.0,0.0,0.0,0.0,375.90299426404255,370.5933142456331,361.95008637482175,353.24248351841607,347.8286425513858
14180,3.938888888888889,10.0,0.0,0.0,0.0,375.8110905879022,370.50904838321196,361.87842572670246,353.18373439651515,347.77802686670555
14190,3.941666666666667,10.0,0.0,0.0,0.0,375.7192315681634,370.4248167565337,361.80678128159053,353.12498198738,347.72739511583285
14200,3.9444444444444446,10.0,0.0,0.0,0.0,375.62741716101374,370.34061933325864,361.73515303125555,353.0662263138245,347.67674734427584
14210,3.9472222222222224,10.0,0.0,0.0,0.0,375.53564732268774,370.2564560810957,361.66354096749154,353.00746739863,347.62608359745826
14220,3.95,10.0,0.0,0.0,0.0,375.44392200946703,370.172326967802,361.59194508211704,352.9487052645457,347.57540392071957
14230,3.952777777777778,10.0,0.0,0.0,0.0,375.35224117768047,370.0882319611832,361.5203653669749,352.8899399342884,347.5247083593153
14240,3.9555555555555557,10.0,0.0,0.0,0.0,375.26060478370397,370.004171029093,361.4488018139322,352.83117143054255,347.4739969584171
14250,3.9583333333333335,10.0,0.0,0.0,0.0,375.16901278396057,369.9201441394333,361.37725441488016,352.7723997759604,347.423269763113
14260,3.9611111111111112,10.0,0.0,0.0,0.0,375.0774651349204,369.83615126015394,361.3057231617339,352.713624993162,347.37252681840755
14270,3.963888888888889,10.0,0.0,0.0,0.0,374.98596179310056,369.7521923592527,361.2342080464325,352.65484710473504,347.321768169222
14280,3.966666666666667,10.0,0.0,0.0,0.0,374.8945027150654,369.6682674047753,361.1627090609388,352.5960661332351,347.2709938603946
14290,3.9694444444444446,10.0,0.0,0.0,0.0,374.80308785742625,369.584376364815,361.0912261972394,352.5372821011856,347.22020393668055
14300,3.9722222222222223,10.0,0.0,0.0,0.0,374.7117171768415,369.5005192075129,361.0197594473442,352.4784950310777,347.16939844275254
14310,3.975,10.0,0.0,0.0,0.0,374.62039063001663,369.4166959010576,360.9483088032868,352.41970494537054,347.1185774232005
14320,3.977777777777778,10.0,0.0,0.0,0.0,374.5291081737041,369.3329064136852,360.87687425712403,352.3609118664911,347.06774092253227
14330,3.9805555555555556,10.0,0.0,0.0,0.0,374.4378697647036,369.249150713679,360.80545580093593,352.3021158168343,347.01688898517324
14340,3.9833333333333334,10.0,0.0,0.0,0.0,374.34667535986154,369.1654287693698,360.7340534268257,352.243316818763,346.966021655467
14350,3.986111111111111,10.0,0.0,0.0,0.0,374.2555249160716,369.0817405491355,360.6626671269196,352.184514894608,346.91513897767527
14360,3.988888888888889,10.0,0.0,0.0,0.0,374.16441839027436,368.99808602140115,360.59129689336663,352.12571006666815,346.8642409959782
14370,3.9916666666666667,10.0,0.0,0.0,0.0,374.0733557394575,368.9144651546388,360.5199427183388,352.06690235721027,346.81332775447447
14380,3.9944444444444445,10.0,0.0,0.0,0.0,373.98233692065554,368.83087791736733,360.44860459403077,352.0080917884692,346.7623992971815
14390,3.9972222222222222,10.0,0.0,0.0,0.0,373.8913618909501,368.74732427815263,360.37728251265963,351.9492783826479,346.7114556680356
