time_s,demand_MW,actual_MW,q_kg_s,T1_C,T2_C,T3_C,T4_C,T5_C
0,12.0,11.99895789293247,29.09090909090909,565.0,555.0,520.0,430.0,330.0
10,12.0,11.996866047398433,29.09090909090909,564.9522367594049,554.8620718565714,519.6545054096244,429.62817244106674,329.8688681071367
20,12.0,11.99475890263371,29.09090909090909,564.9041237463568,554.7233596399444,519.308955694927,429.2572854508675,329.73816980835704
30,12.0,11.992636386161376,29.09090909090909,564.8556592910214,554.5838662733426,518.9633545568903,428.88733685360717,329.607903610813
40,12.0,11.990498426280386,29.09090909090909,564.8068417413749,554.4435946819943,518.6177056735712,428.51832447736274,329.47806802701376
50,12.0,11.988344952062851,29.09090909090909,564.7576694631427,554.3025477930402,518.2720127002106,428.15024615408373,329.3486615748058
60,12.0,11.986175893351355,29.09090909090909,564.708140839738,554.16072853544,517.9262792693409,427.7830997195922,329.219682777353
70,12.0,11.983991180756242,29.09090909090909,564.6582542721992,554.0181398398817,517.5805089908952,427.4168830135829,329.09113016311665
80,12.0,11.981790745652905,29.09090909090909,564.6080081791285,553.8747846386905,517.2347054523141,427.05159387962317,328.9630022658358
90,12.0,11.979574520179083,29.09090909090909,564.5574009966296,553.7306658657392,516.8888722186531,426.6872301651531,328.8352976245075
100,12.0,11.977342437232155,29.09090909090909,564.5064311782452,553.5857864563586,516.5430128326896,426.32378972148535,328.70801478336705
110,12.0,11.975094430466378,29.09090909090909,564.4550971948952,553.4401493472495,516.1971308150286,425.96127040380503,328.5811522918684
120,12.0,11.972830434290215,29.09090909090909,564.4033975348138,553.2937574763947,515.8512296642087,425.59967007116944,328.454708704665
130,12.0,11.970550383863555,29.09090909090909,564.3513307034876,553.1466137829723,515.5053128568079,425.238986586508,328.32868258158993
140,12.0,11.968254215095019,29.09090909090909,564.2988952235921,552.9987212072695,515.1593838475475,424.8792178166219,328.20307248763686
150,12.0,11.965941864639197,29.09090909090909,564.2460896349297,552.8500826905972,514.8134460693975,424.52036163218366,328.0778769929407
160,12.0,11.963613269893914,29.09090909090909,564.1929124943669,552.7007011752055,514.4675029336802,424.1624159077368,327.9530946727583
170,12.0,11.96126836899749,29.09090909090909,564.1393623757709,552.5505796041994,514.1215578301735,423.8053785216954,327.82872410744955
180,12.0,11.95890710082599,29.09090909090909,564.0854378699474,552.3997209214558,513.7756141272146,423.4492473563437,327.70476388245817
190,12.0,11.956529404990464,29.09090909090909,564.0311375845771,552.2481280715413,513.429675171802,423.0940202978353,327.5812125882928
200,12.0,11.954135221834207,29.09090909090909,563.9764601441525,552.0958039996298,513.0837442896985,422.7396952361929,327.45806882050806
210,12.0,11.95172449242999,29.09090909090909,563.9214041899153,551.942751651422,512.7378247855323,422.3862700653074,327.3353311796858
220,12.0,11.949297158577307,29.09090909090909,563.8659683797927,551.788973973065,512.3919199428985,422.0337426829372,327.2129982714163
230,12.0,11.946853162799616,29.09090909090909,563.8101513883341,551.6344739110725,512.0460330244605,421.6821109907077,327.0910687062797
240,12.0,11.944392448341548,29.09090909090909,563.7539519066484,551.4792544122461,511.7001672720499,421.3313728941103,326.9695410998271
250,12.0,11.94191495916617,29.09090909090909,563.6973686423394,551.3233184235966,511.3543259067669,420.9815263025015,326.84841407256243
260,12.0,11.939420639952205,29.09090909090909,563.6404003194435,551.166668892267,511.0085121290799,420.63256912910225,326.7276862499237
270,12.0,11.936909436091236,29.09090909090909,563.5830456783658,551.0093087654556,510.66272911892463,420.2844992909968,326.60735626226466
280,12.0,11.934381293684982,29.09090909090909,563.525303475816,550.8512409903393,510.31698003580294,419.93731470913184,326.48742274483664
290,12.0,11.931836159542462,29.09090909090909,563.4671724847457,550.6924685139991,509.9712680188813,419.59101330831544,326.36788433777014
300,12.0,11.998701070873677,29.260229900096434,563.408651494284,550.5329942833442,509.6255961870886,419.2455930172159,326.24873968605664
310,12.0,11.996094504673778,29.260229900096434,563.3494617919522,550.3719427141712,509.2780354376965,418.89906838875066,326.1292150619716
320,12.0,11.993470493023386,29.260229900096434,563.2898752026507,550.2101873633737,508.93052113169455,418.55343029893726,326.0100866405434
330,12.0,11.990828984390566,29.260229900096434,563.2298905441367,550.0477312247383,508.58305638074796,418.2086766584082,325.8913530547649
340,12.0,11.988169927956168,29.260229900096434,563.1695066504401,549.8845772915943,508.2356442762407,417.8648053816963,325.773012942544
350,12.0,11.985493273610937,29.260229900096434,563.1087223717982,549.7207285567404,507.8882878893739,417.521814387234,325.6550649466852
360,12.0,11.982798971952644,29.260229900096434,563.0475365745899,549.556188012372,507.5409902712636,417.17970159735165,325.5375077148711
370,12.0,11.980086974283214,29.260229900096434,562.9859481412702,549.3909586500089,507.1937544530384,416.838464938277,325.4203398996445
380,12.0,11.977357232605831,29.260229900096434,562.9239559703049,549.2250434604236,506.8465834459365,416.49810234013364,325.30356015838987
390,12.0,11.974609699622084,29.260229900096434,562.8615589761042,549.058445433571,506.4994802414021,416.15861173693963,325.18716715331544
400,12.0,11.971844328729041,29.260229900096434,562.7987560889582,548.8911675585173,506.152447811182,415.8199910666066,325.0711595514349
410,12.0,11.969061074016404,29.260229900096434,562.7355462549699,548.7232128233709,505.80548910742107,415.482238270938,324.9555360245497
420,12.0,11.96625989026362,29.260229900096434,562.6719284359908,548.5545842152137,505.4586070627578,415.14535129562813,324.84029524923096
430,12.0,11.963440732937002,29.260229900096434,562.6079016095545,548.3852847200324,505.1118045904192,414.8093280902603,324.72543590680164
440,12.0,11.960603558186818,29.260229900096434,562.5434647688108,548.2153173226508,504.7650845843155,414.4741666083056,324.61095668331876
450,12.0,11.95774832284443,29.260229900096434,562.478616922461,548.0446850066633,504.4184499191342,414.13986480712134,324.4968562695558
460,12.0,11.954874984419423,29.260229900096434,562.413357094691,547.8733907543677,504.07190345043387,413.8064206479495,324.38313336098497
470,12.0,11.951983501096686,29.260229900096434,562.3476843251065,547.7014375467004,503.7254480147374,413.47383209591504,324.26978665775965
480,12.0,11.949073831733568,29.260229900096434,562.2815976686666,547.5288283631702,503.3790864296252,413.1420971200244,324.15681486469686
490,12.0,11.946145935856958,29.260229900096434,562.2150961956189,547.3555661817944,503.0328214938274,412.81121369316367,324.04421669125986
500,12.0,11.943199773660426,29.260229900096434,562.1481789914333,547.181653979035,502.6866559873163,412.48117979209695,323.93199085154083
510,12.0,11.940235306001343,29.260229900096434,562.0808451567361,547.0070947297347,502.3405926713981,412.15199339746454,323.82013606424357
520,12.0,11.937252494397976,29.260229900096434,562.013093807245,546.831891407055,501.994634288804,411.82365249378114,323.70865105266614
530,12.0,11.934251301026636,29.260229900096434,561.944924073703,546.6560469824132,501.6487835637813,411.496155069434,323.5975345446838
540,12.0,11.931231688718771,29.260229900096434,561.8763351018127,546.4795644254216,501.30304320218414,411.169499116681,323.48678527273194
550,12.0,11.928193620958103,29.260229900096434,561.8073260521711,546.3024467038261,500.9574158915634,410.84368263164873,323.37640197378903
560,12.0,11.925137061877752,29.260229900096434,561.7378961002037,546.1246967834464,500.6119043012567,410.5187036143306,323.2663833893596
570,12.0,11.922061976257343,29.260229900096434,561.6680444360987,545.9463176281154,500.2665110824776,410.1945600685847,323.15672826545733
580,12.0,11.918968329520133,29.260229900096434,561.597770264742,545.7673121996206,499.9212388684048,409.8712500021317,323.04743535258837
590,12.0,11.91585608773016,29.260229900096434,561.5270728056515,545.5876834576455,499.5760902742706,409.54877142655306,322.93850340573437
600,12.0,11.99840911363582,29.470711401471284,561.4559512929112,545.4074343597114,499.23106789744924,409.2271223572885,322.829931184336
610,12.0,11.99521780500411,29.470711401471284,561.3839754481318,545.2253363058522,498.8837830184524,408.90401034209674,322.7208478851823
620,12.0,11.992007400850452,29.470711401471284,561.3115680061406,545.0426150950516,498.53663081719156,408.58173508314076,322.6121276624066
630,12.0,11.988777868886363,29.470711401471284,561.2387282291817,544.8592737377837,498.1896138929608,408.2602945717357,322.5037692586646
640,12.0,11.985529177471513,29.470711401471284,561.1654553941943,544.6753152420877,497.84273482707107,407.9396868031071,322.3957714211483
650,12.0,11.98226129561074,29.470711401471284,561.0917487927464,544.49074261351,497.4959961829397,407.6199097763891,322.288132901569
660,12.0,11.978974192951075,29.470711401471284,561.0176077309667,544.3055588550479,497.14940050617855,407.30096149462173,322.18085245614
670,12.0,11.97566783977875,29.470711401471284,560.9430315294773,544.1197669670939,496.8029503246828,406.9828399647494,322.0739288455599
680,12.0,11.972342207016233,29.470711401471284,560.8680195233263,543.9333699473792,496.45664814871867,406.6655431976183,321.9673608349959
690,12.0,11.968997266219262,29.470711401471284,560.7925710619209,543.7463707909196,496.110496471011,406.34906920797425,321.8611471940665
700,12.0,11.965632989573844,29.470711401471284,560.7166855089595,543.5587724899607,495.76449776683046,406.03341601446033,321.75528669682546
710,12.0,11.96224934989331,29.470711401471284,560.640362242365,543.370578033924,495.4186544940803,405.7185816396147,321.6497781217446
720,12.0,11.958846320615356,29.470711401471284,560.5636006542173,543.1817904093539,495.07296909338265,405.40456410986815,321.54462025169744
730,12.0,11.955423875799042,29.470711401471284,560.4864001506869,542.9924125998647,494.7274439881649,405.0913614555418,321.43981187394274
740,12.0,11.951981990121867,29.470711401471284,560.4087601519668,542.8024475860883,494.38208158474504,404.77897171084453,321.3353517801079
750,12.0,11.94852063887679,29.470711401471284,560.3306800922064,542.6118983456228,494.036884272417,404.4673929138706,321.2312387661726
760,12.0,11.945039797969288,29.470711401471284,560.2521594194442,542.420767852981,493.6918544235357,404.156623106597,321.12747163245257
770,12.0,11.941539443914376,29.470711401471284,560.1731975955411,542.2290590795403,493.34699439360134,403.84666033488116,321.0240491835831
780,12.0,11.938019553833696,29.470711401471284,560.0937940961135,542.0367749934919,493.0023065213439,403.53750264845814,320.9209702285031
790,12.0,11.934480105452526,29.470711401471284,560.0139484104668,541.8439185597917,492.6577931288067,403.2291481009381,320.81823358043886
800,12.0,11.930921077096878,29.470711401471284,559.9336600415285,541.6504927401113,492.31345652143,402.9215947498037,320.7158380568879
810,12.0,11.927342447690522,29.470711401471284,559.8529285057817,541.456500492789,491.96929898813386,402.6148406564073,320.613782479603
820,12.0,11.923744196752068,29.470711401471284,559.771753333199,541.2619447727824,491.625322801401,402.30888388596827,320.51206567457626
830,12.0,11.920126304392028,29.470711401471284,559.6901340671752,541.0668285316202,491.2815302173592,402.0037225075704,320.4106864720233
840,12.0,11.916488751309874,29.470711401471284,559.608070264462,540.8711547173557,490.93792347586316,401.69935459415876,320.30964370636724
850,12.0,11.912831518791123,29.470711401471284,559.5255614951006,540.6749262745201,490.59450480057615,401.3957782225373,320.2089362162231
860,12.0,11.909154588704405,29.470711401471284,559.4426073423568,540.4781461440765,490.2512763990513,401.0929914733656,320.108562844382
870,12.0,11.90545794349855,29.470711401471284,559.3592074026537,540.2808172633743,489.9082404628125,400.7909924311563,320.00852243779553
880,12.0,11.901741566199671,29.470711401471284,559.2753612855065,540.0829425661043,489.5653991674351,400.48977918427204,319.9088138475603
890,12.0,11.898005440408243,29.470711401471284,559.1910686134561,539.884524982254,489.22275467262585,400.18934982492243,319.8094359289022
900,12.0,11.998086514932863,29.728026194046198,559.1063290220034,539.6855674380637,488.88030912230295,399.8897024491612,319.7103875411611
910,12.0,11.994249397688689,29.728026194046198,559.0205073227872,539.4844175737763,488.53517482131656,399.588236665496,319.6107055315096
920,12.0,11.990391967665053,29.728026194046198,558.9342302660291,539.2827243226766,488.19024657090773,399.2875619883086,319.51135726459336
930,12.0,11.986514210238404,29.728026194046198,558.8474975172273,539.0804906718166,487.8455265238183,398.9876764829069,319.4123415783413
940,12.0,11.982616111368788,29.728026194046198,558.7603087550018,538.8777196042196,487.5010168168045,398.6885782185102,319.31365731489655
950,12.0,11.9786976575968,29.728026194046198,558.6726636710256,538.6744140988359,487.15671957071805,398.39026526824597,319.2153033206004
960,12.0,11.974758836040571,29.728026194046198,558.5845619699573,538.4705771305004,486.812636890587,398.092735709147,319.1172784459765
970,12.0,11.970799634392753,29.728026194046198,558.4960033693733,538.2662116698896,486.4687708656961,397.79598762214846,319.019581545715
980,12.0,11.966820040917476,29.728026194046198,558.4069875996993,538.0613206834797,486.1251235696671,397.5000190920847,318.92221147865683
990,12.0,11.962820044447344,29.728026194046198,558.3175144041434,537.8559071335052,485.78169706053825,397.2048282076863,318.825167107778
1000,12.0,11.958799634380439,29.728026194046198,558.2275835386282,537.649973977917,485.43849338084385,396.91041306157706,318.72844730017414
1010,12.0,11.954758800677286,29.728026194046198,558.1371947717236,537.4435241703429,485.09551455769315,396.6167717502705,318.6320509270448
1020,12.0,11.950697533857882,29.728026194046198,558.046347884579,537.2365606600462,484.7527626028492,396.32390237416723,318.5359768636781
1030,12.0,11.946615824998677,29.728026194046198,557.9550426708565,537.0290863918867,484.4102395128071,396.03180303755124,318.44022398943514
1040,12.0,11.942513665729598,29.728026194046198,557.8632789366637,536.8211043062814,484.0679472688719,395.740471848587,318.34479118773476
1050,12.0,11.938391048231077,29.728026194046198,557.7710565004866,536.6126173391655,483.7258878372363,395.44990691931605,318.2496773460382
1060,12.0,11.93424796523102,29.728026194046198,557.6783751931226,536.4036284219538,483.38406316905827,395.1601063656538,318.1548813558339
1070,12.0,11.930084410001902,29.728026194046198,557.5852348576141,536.1941404815034,483.04247520053735,394.87106830738617,318.06040211262217
1080,12.0,11.925900376357731,29.728026194046198,557.4916353491813,535.9841564400757,482.70112585299194,394.58279086816617,317.9662385159003
1090,12.0,11.921695858651134,29.728026194046198,557.3975765351562,535.7736792152996,482.3600170329351,394.29527217551066,317.8723894691472
1100,12.0,11.917470851770352,29.728026194046198,557.3030582949158,535.5627117201349,482.0191506321508,394.00851036079683,317.77885387980876
1110,12.0,11.91322535113633,29.728026194046198,557.2080805198158,535.3512568628361,481.67852852776923,393.72250355925877,317.6856306592826
1120,12.0,11.908959352699744,29.728026194046198,557.1126431131247,535.1393175469168,481.3381525823424,393.43724990998396,317.59271872290327
1130,12.0,11.904672852938047,29.728026194046198,557.0167459899575,534.9268966711144,480.99802464391877,393.15274755590997,317.50011698992745
1140,12.0,11.900365848852573,29.728026194046198,556.9203890772097,534.7139971293551,480.6581465461181,392.8689946438207,317.4078243835192
1150,12.0,11.896038337965555,29.728026194046198,556.8235723134919,534.5006218107198,480.3185201082054,392.58598932434296,317.3158398307352
1160,12.0,11.891690318317233,29.728026194046198,556.7262956490636,534.2867735994098,479.9791471351653,392.3037297519428,317.22416226251
1170,12.0,11.887321788462915,29.728026194046198,556.6285590457676,534.0724553747132,479.6400294177752,392.022214084922,317.13279061364176
1180,12.0,11.88293274747008,29.728026194046198,556.5303624769653,533.8576700109719,479.301168732679,391.7414404854143,317.04172382277727
1190,12.0,11.878523194915449,29.728026194046198,556.4317059274706,533.6424203775491,478.9625668424596,391.4614071193818,316.95096083239775
1200,12.0,11.997736434853163,30.03763082768543,556.3325893934851,533.4267093387963,478.6242254957118,391.1821121566114,316.8605005888043
1210,12.0,11.993198735114841,30.03763082768543,556.2321126932477,533.2083926526093,478.28273052105396,390.9006557730233,316.7692955930429
1220,12.0,11.988639882673375,30.03763082768543,556.131166506558,532.9896107505341,477.941504255884,390.6199488011649,316.67839835926475
1230,12.0,11.98405987916545,30.03763082768543,556.0297508639536,532.7703665667204,477.60054846220277,390.3399893730345,316.5878078079463
1240,12.0,11.979458726747717,30.03763082768543,555.9278658075469,532.5506630299977,477.25986488776334,390.06077562454016,316.4975228635065
1250,12.0,11.974836428093786,30.03763082768543,555.8255113909572,532.3305030638429,476.91945526614546,389.78230569549646,316.4075424542914
1260,12.0,11.970192986391144,30.03763082768543,555.7226876792429,532.1098895863491,476.5793213168295,389.50457772962056,316.31786551255954
1270,12.0,11.965528405338151,30.03763082768543,555.6193947488345,531.8888255101946,476.23946474527025,389.2275898745286,316.228490974467
1280,12.0,11.960842689141028,30.03763082768543,555.5156326874674,531.6673137426116,475.8998872429701,388.95134028173186,316.13941778005244
1290,12.0,11.956135842510793,30.03763082768543,555.4114015941144,531.4453571853563,475.56059048755236,388.6758271066332,316.0506448732226
1300,12.0,11.95140787066029,30.03763082768543,555.3067015789195,531.2229587346791,475.2215761428337,388.4010485085232,315.96217120173736
1310,12.0,11.94665877930115,30.03763082768543,555.2015327631302,531.0001212812947,474.88284585889676,388.1270026505763,315.87399571719516
1320,12.0,11.94188857464083,30.03763082768543,555.0958952790315,530.7768477103532,474.544401272162,387.85368769984683,315.78611737501853
1330,12.0,11.937097263379579,30.03763082768543,554.9897892698795,530.5531409014112,474.20624400545967,387.5811018272654,315.6985351344395
1340,12.0,11.932284852707504,30.03763082768543,554.8832148898343,530.3290037284039,473.868375668101,387.3092432076349,315.611247958485
1350,12.0,11.927451350301522,30.03763082768543,554.7761723038949,530.1044390596165,473.53079785594946,387.03811001962646,315.5242548139627
1360,12.0,11.922596764322476,30.03763082768543,554.6686616878324,529.8794497576573,473.1935121514914,386.7677004457757,315.43755467144655
1370,12.0,11.917721103412081,30.03763082768543,554.5606832281242,529.6540386794301,472.8565201239066,386.4980126724785,315.3511465052623
1380,12.0,11.912824376690034,30.03763082768543,554.4522371218886,529.4282086761074,472.5198233291383,386.22904488998745,315.2650292934735
1390,12.0,11.907906593751033,30.03763082768543,554.3433235768193,529.2019625931042,472.18342330996325,385.96079529240717,315.1792020178673
1400,12.0,11.902967764661842,30.03763082768543,554.2339428111195,528.9753032700521,471.84732159606085,385.69326207769086,315.0936636639401
1410,12.0,11.898007899958364,30.03763082768543,554.1240950534371,528.7482335407732,471.51151970408273,385.42644344763585,315.0084132208838
1420,12.0,11.893027010642676,30.03763082768543,554.0137805427996,528.5207562332549,471.1760191377213,385.1603376078796,314.9234496815716
1430,12.0,11.888025108180171,30.03763082768543,553.902999528549,528.2928741696255,470.8408213877786,384.89494276789577,314.83877204254384
1440,12.0,11.883002204496584,30.03763082768543,553.7917522702771,528.0645901661288,470.5059279322342,384.6302571409897,314.7543793039946
1450,12.0,11.87795831197512,30.03763082768543,553.680039037761,527.8359070331006,470.1713402363136,384.36627894429455,314.6702704697574
1460,12.0,11.872893443453536,30.03763082768543,553.5678601108988,527.6068275749446,469.8370597525555,384.1030063987669,314.58644454729153
1470,12.0,11.867807612221263,30.03763082768543,553.4552157796446,527.3773545901088,469.5030879208793,383.84043772918267,314.50290054766845
1480,12.0,11.862700832016518,30.03763082768543,553.3421063439456,527.1474908710624,469.16942616865214,383.57857116413277,314.41963748555787
1490,12.0,11.857573117023414,30.03763082768543,553.2285321136771,526.9172392042731,468.8360759107556,383.3174049360189,314.33665437921434
1500,12.0,11.997360815428642,30.40501453738503,553.1144934085795,526.6866023701848,468.50303854965205,383.05693728104916,314.2539502504635
1510,12.0,11.992071620078983,30.40501453738503,552.998758981727,526.452879445116,468.16635530347065,382.79398310644655,314.17040292535967
1520,12.0,11.986760763054372,30.40501453738503,552.882549416001,526.2187674669146,467.82999456129977,382.53174039064265,314.0871403341298
1530,12.0,11.981428261047514,30.40501453738503,552.765865072376,525.9842692954137,467.4939577413333,382.27020732464,314.0041614685747
1540,12.0,11.976074131208772,30.40501453738503,552.6487063218935,525.7493877840698,467.1582462490331,382.009382103354,313.9214653242104
1550,12.0,11.970698391143078,30.40501453738503,552.5310735455962,525.5141257799417,466.82286147719753,381.74926292560866,313.8390509002538
1560,12.0,11.965301058906956,30.40501453738503,552.4129671344608,525.278486123668,466.4878048060298,381.4898479941323,313.7569171996089
1570,12.0,11.959882153005474,30.40501453738503,552.2943874893324,525.0424716494465,466.153077603206,381.2311355155532,313.675063228852
1580,12.0,11.954441692389262,30.40501453738503,552.175335020858,524.8060851850123,465.8186812239423,380.97312370039555,313.5934879982182
1590,12.0,11.948979696451485,30.40501453738503,552.0558101494213,524.5693295516177,465.48461701106277,380.7158107630747,313.51219052158706
1600,12.0,11.943496185024882,30.40501453738503,551.9358133050762,524.3322075640115,465.15088629506613,380.4591949218931,313.4311698164687
1610,12.0,11.937991178378763,30.40501453738503,551.8153449274819,524.0947220304192,464.8174903941924,380.2032743990355,313.3504249039899
1620,12.0,11.932464697216044,30.40501453738503,551.6944054658375,523.8568757525236,464.48443061448955,379.948047420565,313.2699548088803
1630,12.0,11.926916762670283,30.40501453738503,551.5729953788168,523.6186715254447,464.1517082498793,379.69351221641824,313.1897585594584
1640,12.0,11.92134739630271,30.40501453738503,551.4511151345034,523.3801121377214,463.8193245822231,379.4396670204011,313.10983518761805
1650,12.0,11.915756620099298,30.40501453738503,551.3287652103261,523.1412003712926,463.48728088138756,379.18651007018406,313.0301837288145
1660,12.0,11.910144456467822,30.40501453738503,551.2059460929939,522.9019390014788,463.15557840530965,378.93403960729785,312.95080322205104
1670,12.0,11.904510928234895,30.40501453738503,551.0826582784325,522.6623307969643,462.82421840006157,378.6822538771287,312.8716927098652
1680,12.0,11.898856058643098,30.40501453738503,550.9589022717191,522.4223785197792,462.4932020999154,378.4311511289139,312.79285123831534
1690,12.0,11.89317987134802,30.40501453738503,550.8346785870192,522.1820849252824,462.1625307274073,378.1807296157372,312.714277856967
1700,12.0,11.88748239041538,30.40501453738503,550.7099877475223,521.9414527621444,461.83220549340155,377.9309875945243,312.6359716188797
1710,12.0,11.881763640318127,30.40501453738503,550.5848302853788,521.7004847723305,461.50222759715433,377.6819233260379,312.55793158059345
1720,12.0,11.876023645933548,30.40501453738503,550.4592067416361,521.4591836910844,461.17259822637703,377.4335350748734,312.4801568021154
1730,12.0,11.870262432540374,30.40501453738503,550.3331176661758,521.2175522469123,460.8433185572995,377.185821109454,312.40264634690664
1740,12.0,11.864480025815947,30.40501453738503,550.2065636176502,520.9755931615671,460.51438975473263,376.9387797020261,312.32539928186895
1750,12.0,11.858676451833318,30.40501453738503,550.07954516342,520.7333091500325,460.1858129721312,376.69240912865456,312.2484146773317
1760,12.0,11.852851737058437,30.40501453738503,549.9520628794912,520.4907029205084,459.857589351656,376.44670766921786,312.17169160703867
1770,12.0,11.847005908347258,30.40501453738503,549.824117350453,520.2477771743957,459.52972002423564,376.2016736074036,312.09522914813493
1780,12.0,11.84113899294295,30.40501453738503,549.6957091694153,520.0045346062817,459.2022061096286,375.9573052307036,312.0190263811541
1790,12.0,11.835251018473048,30.40501453738503,549.5668389379467,519.7609779039262,458.8750487164843,375.71360083040884,311.9430823900051
1800,18.0,17.99340990199064,46.25391340464102,549.4375072660127,519.517109748247,458.5482489424043,375.47055870160506,311.8673962619594
1810,18.0,17.980192864308478,46.25391340464102,549.2475387488603,519.1507180870742,458.055766544598,375.1013149244317,311.7484024310857
1820,18.0,17.966902186656835,46.25391340464102,549.0565077869982,518.7836075250065,457.56406067288043,374.73355878366056,311.6300522625781
1830,18.0,17.953538017200206,46.25391340464102,548.8644164953876,518.4157870215902,457.0731352860765,374.3672850260681,311.5123421706135
1840,18.0,17.94010050694102,46.25391340464102,548.6712670301143,518.0472655046069,456.58299428852115,374.002488410461,311.3952685899652
1850,18.0,17.926589809689247,46.25391340464102,548.4770615879481,517.6780518699525,456.0936415304658,373.639163707714,311.27882797588074
1860,18.0,17.913006082031917,46.25391340464102,548.2818024059044,517.3081549815195,455.60508080848155,373.2773057008064,311.16301680396066
1870,18.0,17.89934948330304,46.25391340464102,548.0854917608076,516.937583671083,455.1173158658609,372.91690918485807,311.0478315700381
1880,18.0,17.88562017555344,46.25391340464102,547.8881319688568,516.566346738189,454.6303503930169,372.5579689671644,310.93326879005895
1890,18.0,17.871818323520827,46.25391340464102,547.6897253851931,516.1944529500465,454.1441880278795,372.20047986723034,310.8193249999627
1900,18.0,17.85794409460003,46.25391340464102,547.4902744034692,515.8219110414211,453.6588323562906,371.84443671680356,310.7059967555643
1910,18.0,17.84399765881328,46.25391340464102,547.2897814554208,515.4487297145333,453.1742869123957,371.489834359907,310.59328063243635
1920,18.0,17.829979188780722,46.25391340464102,547.0882490104395,515.0749176389588,452.6905551790342,371.13666765287047,310.48117322579236
1930,18.0,17.815888859691,46.25391340464102,546.8856795751491,514.7004834515316,452.20764058812694,370.78493146436136,310.3696711503706
1940,18.0,17.801726849271994,46.25391340464102,546.6820756929818,514.3254357562502,451.72554652106146,370.43462067541464,310.25877104031844
1950,18.0,17.787493337761727,46.25391340464102,546.4774399437587,513.9497831241866,451.2442763090754,370.085730179462,310.1484695490777
1960,18.0,17.773188507879368,46.25391340464102,546.2717749432701,513.5735340933982,450.7638332336373,369.7382548823602,310.0387633492706
1970,18.0,17.75881254479643,46.25391340464102,546.0650833428598,513.1966971688418,450.28422052682515,369.39218970241865,309.92964913258646
1980,18.0,17.744365636108014,46.25391340464102,545.85736782901,512.8192808222914,449.8054413717032,369.04752957042626,309.82112360966886
1990,18.0,17.729847971804325,46.25391340464102,545.6486311229284,512.4412934922577,449.3274989026958,368.7042694296774,309.7131835100038
2000,18.0,17.715259744242182,46.25391340464102,545.4388759801383,512.0627435839111,448.85039620596,368.36240423599736,309.60582558180806
2010,18.0,17.7006011481168,46.25391340464102,545.2281051900696,511.6836394690063,448.37413631975494,368.02192895776653,309.4990465919192
2020,18.0,17.685872380433633,46.25391340464102,545.0163215756525,511.3039894858107,447.8987222348099,367.6828385759446,309.39284332568485
2030,18.0,17.67107364048036,46.25391340464102,544.8035279929124,510.92380193903443,447.4241568946896,367.3451280840932,309.2872125868541
2040,18.0,17.656205129799048,46.25391340464102,544.5897273305684,510.5430850997635,446.9504431961578,367.00879248839857,309.18215119746833
2050,18.0,17.64126705215844,46.25391340464102,544.3749225096318,510.1618472053952,446.47758398953835,366.6738268076931,309.07765599775365
2060,18.0,17.626259613526404,46.25391340464102,544.1591164830085,509.78009645957593,446.0055820790745,366.340226073476,308.9737238460133
2070,18.0,17.611183022042468,46.25391340464102,543.9423122351022,509.39784103214186,445.5344402232856,366.0079853299337,308.87035161852117
2080,18.0,17.59603748799055,46.25391340464102,543.7245127814206,509.01508905906155,445.0641611353223,365.67709963395936,308.76753620941577
2090,18.0,17.580823223771798,46.25391340464102,543.5057211681822,508.6318486423814,444.5947474833189,365.3475640551716,308.66527453059473
2100,18.0,17.991978036978608,47.37728421559808,543.2859404719269,508.2481278501731,444.1262018907442,365.0193736759326,308.56356351161037
2110,18.0,17.97589749803479,47.37728421559808,543.0601797517979,507.85482768904984,443.64732664719577,364.6845482173759,308.4597815462774
2120,18.0,17.959743791232412,47.37728421559808,542.833387757124,507.4610395955608,443.16936511739,364.3511225441261,308.3565729859925
2130,18.0,17.94351715893897,47.37728421559808,542.6055678825635,507.0667721155396,442.6923199903587,364.019091439865,308.25393457069106
2140,18.0,17.927217845752764,47.37728421559808,542.3767235543781,506.67203375743645,442.2161939075948,363.6884497020508,308.1518630594034
2150,18.0,17.910846098472653,47.37728421559808,542.146858230007,506.27683299227107,441.7409894634328,363.35919214193785,308.05035523013964
2160,18.0,17.89440216606804,47.37728421559808,541.9159753976423,505.8811782535881,441.2667092054274,363.03131358459615,307.94940787977487
2170,18.0,17.877886299649003,47.37728421559808,541.6840785758086,505.48507793741504,440.79335563472927,362.7048088689292,307.84901782393564
2180,18.0,17.861298752436586,47.37728421559808,541.4511713129427,505.088540402223,440.32093120645897,362.3796728476919,307.74918189688657
2190,18.0,17.84463977973327,47.37728421559808,541.2172571869778,504.6915739688892,439.84943833007827,362.0559003875072,307.64989695141804
2200,18.0,17.8279096388936,47.37728421559808,540.9823398049284,504.2941869206627,439.3788793697594,361.7334863688824,307.5511598587345
2210,18.0,17.81110858929501,47.37728421559808,540.7464228024788,503.8963875031319,438.90925664475185,361.41242568622437,307.45296750834325
2220,18.0,17.794236892308735,47.37728421559808,540.5095098435728,503.49818392419496,438.44057242974725,361.0927132478544,307.35531680794435
2230,18.0,17.777294811270984,47.37728421559808,540.2716046200069,503.09958435403206,437.97282895524154,360.77434397602224,307.2582046833208
2240,18.0,17.760282611454294,47.37728421559808,540.032710851025,502.70059692508033,437.5060284078952,360.4573128069192,307.1616280782295
2250,18.0,17.743200560038876,47.37728421559808,539.7928322829158,502.301229732011,437.0401729308913,360.1416146906911,307.0655839542931
2260,18.0,17.726048926084367,47.37728421559808,539.5519726886128,501.9014908317087,436.57526462429115,359.8272445914499,306.97006929089224
2270,18.0,17.708827980501578,47.37728421559808,539.3101358672958,501.50138824325313,436.11130554538784,359.51419748728534,306.8750810850587
2280,18.0,17.691537996024472,47.37728421559808,539.067325643996,501.10092994790284,435.64829770905766,359.2024683702753,306.7806163513691
2290,18.0,17.674179247182316,47.37728421559808,538.8235458692023,500.7001238890813,435.1862430881092,358.89205224649595,306.68667212183897
2300,18.0,17.656752010271997,47.37728421559808,538.5788004184707,500.2989779723649,434.72514361363045,358.58294413603096,306.5932454458183
2310,18.0,17.639256563330452,47.37728421559808,538.3330931920356,499.8975000654736,434.26500117533334,358.27513907298044,306.5003333898867
2320,18.0,17.621693186107372,47.37728421559808,538.0864281144237,499.49569799826287,433.80581762189684,357.96863210546877,306.40793303775
2330,18.0,17.604062160037934,47.37728421559808,537.8388091340705,499.0935795627185,433.3475947613072,357.6634182956523,306.31604149013714
2340,18.0,17.58636376821585,47.37728421559808,537.5902402229383,498.69115251295295,432.89033436119655,357.35949271972606,306.2246558646977
2350,18.0,17.568598295366474,47.37728421559808,537.3407253761374,498.288424565204,432.434038149179,357.05685046793,306.13377329590014
2360,18.0,17.550766027820085,47.37728421559808,537.0902686115493,497.88540339783526,431.9787078131851,356.7554866445548,306.0433909349308
2370,18.0,17.53286725348538,47.37728421559808,536.8388739694522,497.4820966513387,431.5243450017936,356.4553963679468,305.95350594959325
2380,18.0,17.514902261823163,47.37728421559808,536.5865455121487,497.07851192833897,431.0709513245618,356.1565747705124,305.8641155242084
2390,18.0,17.496871343820043,47.37728421559808,536.3332873235968,496.6746567936001,430.6185283523532,355.8590169987223,305.7752168595153
2400,18.0,17.99041377575814,48.76480698286711,536.0791035090413,496.2705387740335,430.1670776176635,355.5627182131146,305.6868071725724
2410,18.0,17.971205807941065,48.76480698286711,535.8169963997541,495.8545763389859,429.7035581186839,355.25897246443793,305.5961510352495
2420,18.0,17.951926878127406,48.76480698286711,535.5539168972065,495.43834999131576,429.24106912853034,354.95654929354413,305.50600927196206
2430,18.0,17.932577318845734,48.76480698286711,535.289869536306,495.0218678022084,428.7796122112045,354.6554434962542,305.41637888233936
2440,18.0,17.913157464234985,48.76480698286711,535.024858874181,494.60513780066987,428.3191888891518,354.3556498838418,305.3272568840246
2450,18.0,17.893667650014795,48.76480698286711,534.7588894897718,494.1881679735452,427.8598006436232,354.0571632830375,305.2386403125636
2460,18.0,17.874108213455827,48.76480698286711,534.4919659834251,493.77096626553936,427.4014489150347,353.75997853603207,305.150526221294
2470,18.0,17.85447949335037,48.76480698286711,534.22409297649,493.35354057923985,426.9441351033241,353.46409050047953,305.0629116812356
2480,18.0,17.834781829983182,48.76480698286711,533.9552751109181,492.9358987751413,426.4878605683061,353.1694940494991,304.9757937809807
2490,18.0,17.815015565102424,48.76480698286711,533.685517048865,492.5180486716724,426.0326266300244,352.8761840716771,304.8891696265859
2500,18.0,17.795181041890896,48.76480698286711,533.4148234722954,492.0999980452243,425.57843456910217,352.58415547106745,304.80303634146384
2510,18.0,17.775278604937423,48.76480698286711,533.1431990825909,491.68175463018156,425.1252856270895,352.29340316719237,304.7173910662764
2520,18.0,17.755308600208405,48.76480698286711,532.8706486001595,491.2633261189544,424.67318100680933,352.00392209504184,304.63223095882785
2530,18.0,17.73527137501965,48.76480698286711,532.5971767640492,490.8447201620134,424.2221218727005,351.7157072050728,304.5475531939593
2540,18.0,17.71516727800832,48.76480698286711,532.3227883315633,490.4259443679255,423.77210935115886,351.4287534632078,304.46335496344324
2550,18.0,17.69499665910512,48.76480698286711,532.0474880778786,490.00700630339253,423.3231445308763,351.14305585083264,304.3796334758793
2560,18.0,17.674759869506655,48.76480698286711,531.7712807956665,489.5879134932908,422.875228463177,350.858609364794,304.29638595659037
2570,18.0,17.654457261648037,48.76480698286711,531.4941712947166,489.168673420713,422.42836216235213,350.575409017396,304.21360964751926
2580,18.0,17.634089189175594,48.76480698286711,531.2161644015629,488.74929352701173,421.98254660599184,350.2934498363966,304.1313018071264
2590,18.0,17.61365600691985,48.76480698286711,530.9372649591127,488.3297812118448,421.5377827353152,350.0127268650031,304.04945971028786
2600,18.0,17.59315807086866,48.76480698286711,530.6574778262784,487.91014383322204,421.0940714554981,349.7332351618675,303.96808064819413
2610,18.0,17.57259573814058,48.76480698286711,530.3768078776116,487.490388707554,420.65141363599895,349.45496980108084,303.8871619282496
2620,18.0,17.551969366958385,48.76480698286711,530.0952600029398,487.0705231097024,420.20981011088185,349.1779258721672,303.8067008739726
2630,18.0,17.531279316622786,48.76480698286711,529.8128391070063,486.6505542730318,419.7692616791382,348.9020984800774,303.7266948248961
2640,18.0,17.510525947486354,48.76480698286711,529.5295501091122,486.23048938946346,419.32976910500577,348.6274827451821,303.6471411364689
2650,18.0,17.489709620927655,48.76480698286711,529.2453979427607,485.81033560953034,418.8913331182858,348.3540738032638,303.56803717995797
2660,18.0,17.46883069932551,48.76480698286711,528.9603875553053,485.3901000424339,418.45395441465774,348.0818668055094,303.4893803423505
2670,18.0,17.44788954603351,48.76480698286711,528.6745239075989,484.9697897561024,418.0176336559923,347.8108569185012,303.41116802625754
2680,18.0,17.426886525354732,48.76480698286711,528.3878119736472,484.54941177725055,417.58237147066217,347.5410393242082,303.3333976498176
2690,18.0,17.40582200251652,48.76480698286711,528.1002567402634,484.128973091441,417.14816845385053,347.2724092199765,303.25606664660097
2700,18.0,17.988695770622627,50.46005619768223,527.8118632067258,483.70848064314714,416.71502516785773,347.00496181851923,303.179172465515
2710,18.0,17.966053760040726,50.46005619768223,527.5131661630433,483.27359908412905,416.26805702440265,346.7293528940128,303.09990810623515
2720,18.0,17.94334474784433,50.46005619768223,527.213581125464,482.8386729575224,415.8222218596421,346.45499943504586,303.0211083033149
2730,18.0,17.920569155952265,50.46005619768223,526.9131136619142,482.40370981141484,415.3775202107104,346.18189621439853,302.942770260587
2740,18.0,17.897727407232736,50.46005619768223,526.6117693530571,481.9687171473634,414.9339525784431,345.91003802205614,302.86489119918986
2750,18.0,17.874819925474018,50.46005619768223,526.3095537919042,481.53370242047515,414.4915194277264,345.63941966519866,302.78746835745744
2760,18.0,17.851847135355367,50.46005619768223,526.0064725834304,481.0986730394895,414.0502211878431,345.37003596818937,302.71049899080975
2770,18.0,17.828809462418285,50.46005619768223,525.7025313441911,480.6636363668619,413.61005825281666,345.10188177256293,302.6339803716441
2780,18.0,17.805707333037876,50.46005619768223,525.3977357019434,480.2285997188498,413.171030981753,344.834951937013,302.5579097892271
2790,18.0,17.78254117439447,50.46005619768223,525.0920912952697,479.7935703655994,412.7331396991797,344.569241337379,302.48228454958723
2800,18.0,17.759311414445563,50.46005619768223,524.7856037732049,479.3585555312344,412.2963846953827,344.30474486663303,302.40710197540824
2810,18.0,17.73601848189787,50.46005619768223,524.478278794866,478.92356239394616,411.860766226741,344.0414574348652,302.3323594059232
2820,18.0,17.71266280617969,50.46005619768223,524.1701220290854,478.48859808608546,411.42628451605884,343.7793739692695,302.2580541968093
2830,18.0,17.68924481741342,50.46005619768223,523.8611391540463,478.0536696942555,410.9929397528954,343.51848941412834,302.1841837200833
2840,18.0,17.665764946388407,50.46005619768223,523.5513358569225,477.61878425940677,410.56073209389245,343.2587987307972,302.11074536399747
2850,18.0,17.642223624533916,50.46005619768223,523.2407178335196,477.18394877693265,410.12966166309974,343.00029689768814,302.03773653293666
2860,18.0,17.618621283892377,50.46005619768223,522.9292907879206,476.7491701967672,409.6997285522977,342.7429789102535,301.9651546473156
2870,18.0,17.594958357092853,50.46005619768223,522.6170604321334,476.3144554234838,409.2709328213182,342.4868397809684,301.8929971434772
2880,18.0,17.571235277324767,50.46005619768223,522.3040324857416,475.87981131639543,408.8432744983631,342.2318745393135,301.82126147359116
2890,18.0,17.547452478311723,50.46005619768223,521.9902126755591,475.44524468965596,408.41675358032023,341.97807823175646,301.74994510555365
2900,18.0,17.523610394285743,50.46005619768223,521.6756067352861,475.01076231236317,407.9913700330775,341.7254459217338,301.6790455228873
2910,18.0,17.499709459961565,50.46005619768223,521.3602204051693,474.5763709086626,407.5671237918344,341.4739726896316,301.6085602246421
2920,18.0,17.47575011051123,50.46005619768223,521.0440594316646,474.1420771578531,407.14401476141154,341.22365363276595,301.53848672529665
2930,18.0,17.451732781538873,50.46005619768223,520.727129567102,473.70788769449337,406.72204281655814,340.9744838653633,301.4688225546606
2940,18.0,17.427657909055778,50.46005619768223,520.4094365693551,473.2738091085095,406.3012078022569,340.72645851853986,301.39956525777694
2950,18.0,17.403525929455544,50.46005619768223,520.0909862015117,472.8398479453045,405.881509534027,340.47957274028073,301.3307123948256
2960,18.0,17.379337279489594,50.46005619768223,519.7717842315484,472.40601070586786,405.4629477982247,340.2338216954189,301.2622615410274
2970,18.0,17.355092396242842,50.46005619768223,519.4518364320074,471.9723038468873,405.0455223523423,339.9892005656133,301.19421028654864
2980,18.0,17.33079171710954,50.46005619768223,519.131148579677,471.53873378086115,404.62923292530417,339.745704549327,301.1265562364063
2990,18.0,17.306435679769383,50.46005619768223,518.8097264552737,471.1053068762117,404.2140792177615,339.5033288618044,301.05929701037394
3000,18.0,17.986791248615848,52.5192669038171,518.4875758431284,470.67202945740013,403.8000609023841,339.26206873504856,300.9924302428882
3010,18.0,17.960343136247435,52.5192669038171,518.1522393204904,470.221526348816,403.3704434579975,339.0120153652707,300.9231129209514
3020,18.0,17.93383394103534,52.5192669038171,517.8161241663724,469.7711964616129,402.9420522519205,338.7631598944575,300.8542179265301
3030,18.0,17.907264176866917,52.5192669038171,517.4792369025233,469.3210467726894,402.5148868492781,338.51549702701163,300.78574262005765
3040,18.0,17.880634357837476,52.5192669038171,517.1415840535137,468.8710842081993,402.0889467836622,338.26902148651857,300.71768437891194
3050,18.0,17.853944998221692,52.5192669038171,516.8031721463718,468.42131564369487,401.66423155747265,338.02372801572017,300.65004059730376
3060,18.0,17.8271966124453,52.5192669038171,516.4640077102221,467.9717479042716,401.2407406422568,337.77961137648833,300.58280868616583
3070,18.0,17.800389715057058,52.5192669038171,516.1240972759277,467.5223877647137,400.81847347904613,337.5366663497977,300.5159860730424
3080,18.0,17.77352482070102,52.5192669038171,515.7834473757368,467.0732419496415,400.39742947869024,337.2948877356982,300.4495702019798
3090,18.0,17.74660244408898,52.5192669038171,515.4420645429311,466.62431713365925,399.9776080221886,337.05427035328665,300.3835585334174
3100,18.0,17.719623099973276,52.5192669038171,515.0999553114791,466.1756199415046,399.55900846101946,336.81480904067865,300.31794854407997
3110,18.0,17.692587303119833,52.5192669038171,514.7571262156919,465.72715694819874,399.1416301174668,336.5764986549792,300.25273772687
3120,18.0,17.665495568281468,52.5192669038171,514.4135837898824,465.2789346791983,398.72547228494426,336.3393340722534,300.1879235907613
3130,18.0,17.638348410171425,52.5192669038171,514.0693345680289,464.8309596105476,398.3105342283171,336.1033101874963,300.1235036606928
3140,18.0,17.611146343437227,52.5192669038171,513.7243850834403,464.38323816903227,397.89681518422134,335.8684219146027,300.05947547746393
3150,18.0,17.583889882634796,52.5192669038171,513.3787418684262,463.9357767323339,397.48431436138054,335.6346641863364,299.9958365976297
3160,18.0,17.556579542202762,52.5192669038171,513.0324114539696,463.4885816291859,397.07303094092055,335.4020319542987,299.9325845933971
3170,18.0,17.529215836437103,52.5192669038171,512.6854003694027,463.04165913952954,396.6629640766815,335.17052018889694,299.86971705252216
3180,18.0,17.501799279465992,52.5192669038171,512.3377151420866,462.59501549467205,396.2541128955273,334.94012387931235,299.80723157820745
3190,18.0,17.47433038522496,52.5192669038171,511.9893622970938,462.1486568774448,395.8464764976534,334.7108380334675,299.74512578900055
3200,18.0,17.446809667432237,52.5192669038171,511.64034835689415,461.70258942236273,395.4400539568913,334.4826576779936,299.6833973186929
3210,18.0,17.419237639564415,52.5192669038171,511.29067984104387,461.2568192157847,395.0348443210115,334.255577858197,299.6220438162199
3220,18.0,17.391614814832323,52.5192669038171,510.9403632658781,460.8113522960744,394.63084661202396,334.02959363802574,299.56106294556076
3230,18.0,17.36394170615719,52.5192669038171,510.5894051442061,460.36619465376265,394.22805982647577,333.8047001000353,299.5004523856401
3240,18.0,17.336218826147014,52.5192669038171,510.2378119850104,459.92135223170993,393.82648293574715,333.5808923453543,299.44020983022926
3250,18.0,17.308446687073204,52.5192669038171,509.8855902931484,459.47683092527006,393.4261148863448,333.35816549364984,299.3803329878491
3260,18.0,17.28062580084748,52.5192669038171,509.53274656905757,459.0326365824546,393.02695460019316,333.13651468309206,299.32081958167265
3270,18.0,17.252756678999003,52.5192669038171,509.1792873084635,458.588775004098,392.6290009749233,332.91593507031894,299.26166734942916
3280,18.0,17.22483983265174,52.5192669038171,508.82521900209133,458.14525194402347,392.2322528841597,332.69642183040025,299.2028740433083
3290,18.0,17.196875772502125,52.5192669038171,508.4705481353803,457.7020731092096,391.8367091778046,332.47797015680163,299.1444374298652
3300,18.0,17.984653427015527,55.01677788897818,508.11528118820087,457.25924415995763,391.4423686823203,332.2605752613478,299.08635528992613
3310,18.0,17.95393380619153,55.01677788897818,507.7433572634582,456.79603175900826,391.0306247219455,332.0338224464875,299.0257783727831
3320,18.0,17.923161417761808,55.01677788897818,507.3707902164713,456.33321276657523,390.62019554364707,331.8082190423547,298.96558783251027
3330,18.0,17.89233687372711,55.01677788897818,506.997587467153,455.87079352891254,390.2110797522209,331.5837596281504,298.9057811440996
3340,18.0,17.86146078541676,55.01677788897818,506.6237564274478,455.408780337187,389.80327592544353,331.36043880463086,298.846355799471
3350,18.0,17.830533763461183,55.01677788897818,506.24930450099663,454.94717942768943,389.3967826144128,331.13825119406476,298.7873093073555
3360,18.0,17.79955641776475,55.01677788897818,505.87423908280596,454.48599698204674,388.9915983438853,330.91719144018896,298.7286391931798
3370,18.0,17.768529357478926,55.01677788897818,505.4985675589206,454.0252391274347,388.5877216126114,330.69725420816417,298.67034299895124
3380,18.0,17.737453190975746,55.01677788897818,505.1222973061006,453.56491193679153,388.1851508936674,330.47843418453044,298.612418283144
3390,18.0,17.706328525821657,55.01677788897818,504.74543569150165,453.1050214290321,387.7838846347851,330.26072607716173,298.5548626205856
3400,18.0,17.67515596875156,55.01677788897818,504.3679900723594,452.64557356926304,387.3839212586786,330.04412461522054,298.49767360234455
3410,18.0,17.64393612564329,55.01677788897818,503.98996779567784,452.18657426899824,386.98525916336826,329.8286245491118,298.4408488356187
3420,18.0,17.612669601492307,55.01677788897818,503.61137619792106,451.7280293863752,386.5878967225023,329.61422065043655,298.38438594362435
3430,18.0,17.581357000386756,55.01677788897818,503.23222260470897,451.26994472637216,386.1918322856756,329.4009077119453,298.3282825654863
3440,18.0,17.549998925482807,55.01677788897818,502.8525143305167,450.81232604102524,385.7970641787458,329.18868054749083,298.27253635612834
3450,18.0,17.51859597898029,55.01677788897818,502.4722586783777,450.35517902964705,385.4035907041469,328.9775339919807,298.21714498616484
3460,18.0,17.48714876209868,55.01677788897818,502.0914629395905,449.898509339045,385.0114101412002,328.76746290132945,298.16210614179306
3470,18.0,17.45565787505331,55.01677788897818,501.71013439342903,449.4423225637408,384.6205207464227,328.5584621524104,298.1074175246859
3480,18.0,17.424123917031952,55.01677788897818,501.3282803068569,448.98662424619,384.23092075383295,328.35052664300724,298.0530768518859
3490,18.0,17.39254748617165,55.01677788897818,500.945907934245,448.53141987700246,383.84260837525426,328.14365129176497,297.9990818556996
3500,18.0,17.36092917953589,55.01677788897818,500.56302451709246,448.076714895163,383.4555818006156,327.93783103814076,297.9454302835928
3510,18.0,17.329269593092,55.01677788897818,500.179637283752,447.62251468825247,383.06983919824967,327.7330608423545,297.89211989808655
3520,18.0,17.297569321688886,55.01677788897818,499.7957534491579,447.16882459266964,382.6853787151886,327.529335685339,297.83914847665386
3530,18.0,17.265828959035076,55.01677788897818,499.411380214558,446.7156498938531,382.3021984774575,327.3266505686897,297.7865138116171
3540,18.0,17.234049097677012,55.01677788897818,499.02652476724904,446.26299582650364,381.92029659036496,327.1250005146143,297.7342137100463
3550,18.0,17.20223032897762,55.01677788897818,498.6411942803157,445.8108675748072,381.5396711387914,326.9243805658823,297.6822459936578
3560,18.0,17.170373243095234,55.01677788897818,498.25539591237265,445.3592702726581,381.16032018747524,326.7247857857734,297.63060849871397
3570,18.0,17.138478428962706,55.01677788897818,497.86913680731055,444.90820900388223,380.78224178129614,326.52621125802676,297.57929907592364
3580,18.0,17.106546474266874,55.01677788897818,497.48242409404503,444.4576888024614,380.40543394555624,326.32865208678913,297.52831559034286
3590,18.0,17.074577965428276,55.01677788897818,497.0952648862693,444.0077146527571,380.02989468625873,326.132103396563,297.47765592127666
3600,25.0,23.23042011014174,75.01677788897818,496.7076662822102,443.55829148973504,379.65562199038436,325.9365603321548,297.4273179621815
3610,25.0,23.171584369891132,75.01677788897818,496.1852138416083,442.94827822086927,379.14749056706927,325.67045804161484,297.3586900547704
3620,25.0,23.112656248660638,75.01677788897818,495.66193150293753,442.33927945200605,378.6416816876234,325.40621295579655,297.2906699629147
3630,25.0,23.053637750208654,75.01677788897818,495.13783710111954,441.73130737328154,378.138190530282,325.1438130983639,297.2232522016923
3640,25.0,22.994530871997284,75.01677788897818,494.61294841563705,441.12437401175987,377.6370122081909,324.88324655727695,297.15643133665054
3650,25.0,22.935337605077446,75.01677788897818,494.08728316950277,440.5184912324059,377.13814177063284,324.6245014846291,297.0902019833325
3660,25.0,22.8760599339761,75.01677788897818,493.56085902824805,439.9136707390595,376.64157420423913,324.36756609648273,297.02455880680776
3670,25.0,22.816699836585627,75.01677788897818,493.0336935989301,439.3099240754121,376.14730443418887,324.1124286727013,296.95949652120754
3680,25.0,22.757259284055326,75.01677788897818,492.50580442915856,438.7072626259843,375.65532732539447,323.8590775567793,296.8950098892647
3690,25.0,22.69774024068509,75.01677788897818,491.97720900614087,438.10569761710576,375.1656376836744,323.60750115566987,296.8310937218577
3700,25.0,22.638144663821077,75.01677788897818,491.4479247557461,437.50524011789594,374.67823025691257,323.3576879396094,296.7677428775592
3710,25.0,22.578474503753473,75.01677788897818,490.9179690415875,436.9059010412462,374.19309973620506,323.1096264419404,296.7049522621889
3720,25.0,22.518731703616393,75.01677788897818,490.38735916412327,436.30769114480313,373.7102407569939,322.86330525893186,296.6427168283705
3730,25.0,22.45891819928968,75.01677788897818,489.85611235977524,435.710621031953,373.22964790018847,322.618713049597,296.5810315750932
3740,25.0,22.39903591930281,75.01677788897818,489.324245800066,435.1147011528067,372.75131569327357,322.3758385355092,296.5198915472772
3750,25.0,22.339086784740758,75.01677788897818,488.7917765907735,434.5199418051857,372.2752386114058,322.1346705006161,296.4592918353433
3760,25.0,22.279072709151887,75.01677788897818,488.25872177110335,433.9263531356087,371.8014110784974,321.89519779105075,296.3992275747869
3770,25.0,22.218995598457713,75.01677788897818,487.72509831287874,433.33394514027856,371.32982746828714,321.6574093149417,296.3396939457556
3780,25.0,22.15885735086467,75.01677788897818,487.1909231197476,432.7427276660697,370.86048210539997,321.4212940422203,296.28068617263125
3790,25.0,22.098659856777804,75.01677788897818,486.6562130264069,432.15271041151584,370.39336926639385,321.186841004427,296.222199523616
3800,25.0,22.038404998716317,75.01677788897818,486.1209847978439,431.5639029277977,369.928483180795,320.9540392945147,296.16422931032184
3810,25.0,21.97809465123106,75.01677788897818,485.58525512859444,430.97631461973106,369.46581803212126,320.7228780666515,296.10677088736463
3820,25.0,21.91773068082384,75.01677788897818,485.04904064201764,430.38995474675426,369.00536795889326,320.49334653602074,296.0498196519616
3830,25.0,21.857314945868602,75.01677788897818,484.51235788958735,429.804832423916,368.5471270556345,320.26543397861997,295.993371043533
3840,25.0,21.796849296534422,75.01677788897818,483.97522335019966,429.2209566228628,368.09108937385946,320.0391297310579,295.9374205433071
3850,25.0,21.736335574710353,75.01677788897818,483.43765342949683,428.63833617282535,367.63724892305027,319.8144231903501,295.8819636739296
3860,25.0,21.67577561393202,75.01677788897818,482.89966445920726,428.05697976160553,367.1855996716221,319.5913038137128,295.8269959990762
3870,25.0,21.615171239310005,75.01677788897818,482.36127269650115,427.47689593656196,366.73613554787715,319.36976111835537,295.77251312306913
3880,25.0,21.554524267460003,75.01677788897818,481.82249432336187,426.898093105595,366.28885044094756,319.1497846812717,295.7185106904973
3890,25.0,21.493836506434715,75.01677788897818,481.28334544597317,426.32057953813137,365.84373820172715,318.9313641390295,295.66498438584006
3900,25.0,24.95899272304535,87.37721989067037,480.7438420941214,425.7443633661073,365.4007926437922,318.7144891875588,295.6119299330946
3910,25.0,24.876948010574083,87.37721989067037,480.1180920083822,425.0755027488054,364.8875264999841,318.46337046334196,295.5506711406248
3920,25.0,24.79484441992106,87.37721989067037,479.49188019720407,424.40841061323533,364.3771732649634,318.21432531475006,295.49004680968307
3930,25.0,24.71268521813882,87.37721989067037,478.8652316594147,423.74309922689383,363.8697232171709,317.9673377794299,295.4300502619416
3940,25.0,24.630473653328874,87.37721989067037,478.23817124979894,423.0795806137096,363.36516657044206,317.7223920005507,295.37067489056005
3950,25.0,24.5482129545,87.37721989067037,477.61072367800085,422.4178665560756,362.86349347587003,317.47947222638436,295.31191415940737
3960,25.0,24.465906331431125,87.37721989067037,476.9829135074598,421.7579685968784,362.36469402364247,317.2385628098817,295.2537616022916
3970,25.0,24.383556974538738,87.37721989067037,476.35476515438177,421.0998980415249,361.8687582448539,316.99964820824584,295.1962108221988
3980,25.0,24.301168054748665,87.37721989067037,475.7263028867446,420.4436659599653,361.37567611329234,316.76271298250185,295.1392554905399
3990,25.0,24.21874272337233,87.37721989067037,475.0975508233367,419.7892831887133,360.8854375472019,316.52774179706387,295.08288934640626
4000,25.0,24.136284111987294,87.37721989067037,474.46853293282953,419.1367603328623,360.39803241102015,316.2947194192987,295.0271061958333
4010,25.0,24.05379533232211,87.37721989067037,473.83927303288266,418.4861077680979,359.91345051709186,316.06363071908703,294.9718999110723
4020,25.0,23.971279476145398,87.37721989067037,473.20979478928143,417.83733564270614,359.4316816273583,315.8344606683814,294.9172644298701
4030,25.0,23.888739615159082,87.37721989067037,472.58012171510654,417.1904538795776,358.9527154550229,315.60719434076185,294.8631937547573
4040,25.0,23.80617880089576,87.37721989067037,471.95027716993553,416.545472178207,358.4765416661934,315.3818169109892,294.8096819523436
4050,25.0,23.72360006462018,87.37721989067037,471.3202843590753,415.902400016688,358.0031498815007,315.15831365455546,294.75672315262165
4060,25.0,23.641006417234674,87.37721989067037,470.6901663328256,415.2612466537031,357.5325296776946,314.93666994723236,294.7043115482779
4070,25.0,23.55840084918857,87.37721989067037,470.059945985773,414.6220211305086,357.0646705892167,314.7168712646175,294.6524413940116
4080,25.0,23.475786330391582,87.37721989067037,469.4296460561149,413.984732272914,356.59956210975093,314.49890318167854,294.6011070058613
4090,25.0,23.39316581013095,87.37721989067037,468.7992891250129,413.3493886932562,356.13719369375144,314.2827513722951,294.5503027605385
4100,25.0,23.31054221699251,87.37721989067037,468.168897615976,412.71599879236777,355.6775547579485,314.0684016087992,294.5000230947687
4110,25.0,23.227918458785396,87.37721989067037,467.5384937942722,412.0845707615397,355.22063468283244,313.85583976151383,294.45026250464014
4120,25.0,23.14529742247058,87.37721989067037,466.90809976636876,411.4551125844779,354.7664228141162,313.6450517982894,294.4010155449591
4130,25.0,23.06268197409297,87.37721989067037,466.2777374794006,410.8276320392536,354.31490846417597,313.43602378403915,294.3522768286128
4140,25.0,22.98007495871715,87.37721989067037,465.64742872066626,410.20213670024754,353.8660809134711,313.2287418802729,294.30404102593934
4150,25.0,22.897479200366675,87.37721989067037,465.0171951171513,409.5786339400874,353.41992941194263,313.0231923446291,294.2563028641042
4160,25.0,22.814897501966904,87.37721989067037,464.3870581350786,408.95713093157894,352.9764431803914,312.81936153040607,294.20905712648414
4170,25.0,22.732332645291226,87.37721989067037,463.7570390794853,408.33763464963,352.5356114118354,312.61723588609163,294.16229865205725
4180,25.0,22.649787390910763,87.37721989067037,463.12715909382604,407.7201518731679,352.09742327284675,312.41680195489164,294.11602233480045
4190,25.0,22.56726447814737,87.37721989067037,462.4974391596015,407.10468918704936,351.66186790486876,312.21804637425754,294.0702231230932
4200,25.0,24.949348917409374,96.97370268091727,461.8679000960133,406.4912529839637,351.228934425513,312.02095587541305,294.02489601912777
4210,25.0,24.848065226524245,96.97370268091727,461.1714769400867,405.8131206166215,350.75140463436657,311.80390546181394,293.97521436965394
4220,25.0,24.746820377693542,96.97370268091727,460.4753068728327,405.13749094060717,350.27707256176615,311.58887784547204,293.9261040907509
4230,25.0,24.64561840817125,96.97370268091727,459.7794177730932,404.4643719879592,349.8059233981874,311.37585525299306,293.87755851518745
4240,25.0,24.544463319149457,96.97370268091727,459.08383727197554,403.79377151191466,349.3379423030414,311.16482004959914,293.8295710547145
4250,25.0,24.443359075708923,96.97370268091727,458.3885927524911,403.1256969899944,348.8731144067187,310.95575473834947,293.7821351991152
4260,25.0,24.34230960677574,96.97370268091727,457.69371134923665,402.4601556270756,348.4114248125989,310.74864195936,293.73524451526595
4270,25.0,24.2413188050841,96.97370268091727,456.9992199481178,401.79715435844935,347.95285859902606,310.54346448902146,293.6888926462095
4280,25.0,24.140390527144945,96.97370268091727,456.3051451861131,401.1366998528644,347.4974008212497,310.3402052392164,293.64307331023906
4290,25.0,24.039528593220513,96.97370268091727,455.6115134510792,400.47879851555626,347.0450365133328,310.13884725653514,293.5977802999934
4300,25.0,23.938736787304556,96.97370268091727,454.91835088159525,399.8234564912614,346.5957506900265,309.9393737214908,293.5530074815636
4310,25.0,23.838018857108246,96.97370268091727,454.2256833668469,399.17067966721675,346.14952834861197,309.7417679477339,293.5087487936101
4320,25.0,23.737378514051617,96.97370268091727,453.5335365465486,398.52047367614375,345.7063544707104,309.5460133812657,293.46499824649084
4330,25.0,23.636819433260452,96.97370268091727,452.8419358109034,397.87284389921734,345.26621402406056,309.352093599652,293.42174992139996
4340,25.0,23.536345253568545,96.97370268091727,452.15090630060047,397.22779546901916,344.8290919642654,309.15999231123567,293.3789979695172
4350,25.0,23.4359595775252,96.97370268091727,451.4604729068485,396.58533327247494,344.39497323650704,308.9696933543498,293.33673661116717
4360,25.0,23.335665971407842,96.97370268091727,450.77066027144537,395.94546195377626,343.96384277723143,308.7811806965301,293.2949601349896
4370,25.0,23.235467965239845,96.97370268091727,450.0814927868826,395.308185917286,343.53568551580247,308.5944384337279,293.25366289711894
4380,25.0,23.135369052813196,96.97370268091727,449.39299459648487,394.6735093304274,343.11048637612623,308.40945078952274,293.21283932037454
4390,25.0,23.035372691716095,96.97370268091727,448.7051895945829,394.04143612655736,342.6882302782455,308.22620211433576,293.1724838934606
4400,25.0,22.935482303365394,96.97370268091727,448.01810142672,393.4119700078221,342.26890213990526,308.0446768846432,293.1325911701755
4410,25.0,22.8357012730437,96.97370268091727,447.3317534898913,392.7851144479972,341.85248687808934,307.86485970219036,293.0931557686312
4420,25.0,22.73603294994109,96.97370268091727,446.6461689328147,392.16087269531016,341.43896941052833,307.68673529320625,293.0541723704821
4430,25.0,22.636480647201395,96.97370268091727,445.96137065623367,391.539247775246,341.02833465717964,307.5102885076191,293.01563572016283
4440,25.0,22.537047641972947,96.97370268091727,445.27738131325077,390.92024249333616,340.6205675416798,307.33550431827234,292.9775406241361
4450,25.0,22.437737175463567,96.97370268091727,444.5942233096913,390.3038594379297,340.21565299276915,307.16236782014164,292.939881950149
4460,25.0,22.338552452999995,96.97370268091727,443.9119188044969,389.69010098294746,339.8135759456897,306.9908642295531,292.9026546264987
4470,25.0,22.23949664409138,96.97370268091727,443.23048971014794,389.0789692906188,339.4143213435563,306.82097888340223,292.865853641307
4480,25.0,22.140572882496915,96.97370268091727,442.54995769311455,388.4704663142004,339.0178741387013,306.6526972383745,292.8294740418038
4490,25.0,22.041784266297544,96.97370268091727,441.87034417433586,387.86459380067816,338.6242192939932,306.4860048701667,292.79351093361913
4500,25.0,22.626378547736216,100.0,441.191670329726,387.26135329345055,338.23334178412983,306.32088747271,292.75795948008397
4510,25.0,22.521712308655864,100.0,440.49337697342355,386.6420945725793,337.83311972463537,306.15219855118164,292.7217739753908
4520,25.0,22.417203283025927,100.0,439.7961204753214,386.0256353236837,337.43581832952935,305.9851558235144,292.6860161395634
4530,25.0,22.31285481969158,100.0,439.0999232983576,385.41197660938855,337.041421207691,305.8197439692915,292.6506808475527
4540,25.0,22.20867022636289,100.0,438.4048076308635,384.8011192742586,336.649911986141,305.65594779836334,292.6157630366211
4550,25.0,22.10465276972862,100.0,437.71079538730845,384.1930639478086,336.2612743114171,305.49375224995237,292.5812577055732
4560,25.0,22.000805675574323,100.0,437.01790820907314,383.5878110474917,335.87549185092115,305.33314239176036,292.5471599139965
4570,25.0,21.897132128904666,100.0,436.32616746525116,382.9853607816667,335.49254829423796,305.17410341907794,292.51346478151163
4580,25.0,21.79363527406978,100.0,435.6355942534778,382.3857131525434,335.11242735442636,305.0166206538961,292.480167487032
4590,25.0,21.690318214895527,100.0,434.9462094007859,381.7888679591062,334.7351127692827,304.86067954402046,292.4472632680326
4600,25.0,21.587184014817833,100.0,434.2580334644879,381.19482480001597,334.36058830257736,304.70626566218795,292.41474741982796
4610,25.0,21.48423569702057,100.0,433.57108673308323,380.60358307649017,333.98883774526456,304.5533647051857,292.38261529485925
4620,25.0,21.381476244577364,100.0,432.88538922719107,380.01514199516106,333.619844916666,304.4019624929731,292.3508623019903
4630,25.0,21.278908600596882,100.0,432.20096070050715,379.4295005709119,333.25359366562833,304.25204496780606,292.3194839058122
4640,25.0,21.176535668371727,100.0,431.5178206407847,378.8466576296912,332.89006787165516,304.1035981933644,292.28847562595695
4650,25.0,21.074360311530672,100.0,430.8359882708383,378.2666118113051,332.529251446014,303.95660835388196,292.25783303641947
4660,25.0,20.972385354194387,100.0,430.15548254957065,377.68936157218747,332.171128332818,303.8110617532794,292.22755176488806
4670,25.0,20.87061358113429,100.0,429.4763221730211,377.1149051881482,331.8156825100838,303.66694481430034,292.1976274920833
4680,25.0,20.7690477379347,100.0,428.79852557543603,376.5432407570994,331.46289799076436,303.52424407765045,292.16805595110543
4690,25.0,20.66769053115802,100.0,428.1221109303599,375.9743662017593,331.1127588237589,303.38294620113936,292.1388329267894
4700,25.0,20.566544628512975,100.0,427.44709615174696,375.40827927233437,330.7652490948989,303.24303795882605,292.1099542550684
4710,25.0,20.465612659025762,100.0,426.77349889509264,374.84497754917885,330.4203529279108,303.1045062401673,292.0814158223451
4720,25.0,20.3648972132141,100.0,426.1013365585842,374.2844584454328,330.07805448535663,302.9673380491694,292.05321356487104
4730,25.0,20.264400843264003,100.0,425.43062628427043,373.72671920963757,329.7383379695515,302.8315205035433,292.0253434681333
4740,25.0,20.164126063209306,100.0,424.76138495924954,373.1717569283294,329.40118762345924,302.6970408338628,291.9978015662493
4750,25.0,20.064075349113818,100.0,424.09362921687455,372.61956852861067,329.0665877315664,302.5638863827267,291.9705839413687
4760,25.0,19.964251139255975,100.0,423.42737543797637,372.0701507806995,328.7345226207346,302.43204460392394,291.9436867230835
4770,25.0,19.864655834316,100.0,422.76263975210327,371.52350030045693,328.4049766610316,302.3015030616024,291.91710608784433
4780,25.0,19.765291797565506,100.0,422.0994380387768,370.9796135518921,328.077934266542,302.1722494294413,291.8908382583853
4790,25.0,19.666161355059337,100.0,421.43778592876333,370.43848684964576,327.753379896157,302.04427148982734,291.8648795031551
4800,25.0,19.567266795829752,100.0,420.7776988053612,369.9001163614513,327.43129805434404,301.917557133034,291.8392261357557
4810,25.0,19.468610372082754,100.0,420.1191918057022,369.3644981105743,327.1116732918965,301.79209435640496,291.81387451438775
4820,25.0,19.370194299396523,100.0,419.46227982206784,368.8316279782297,326.7944902066642,301.66787126354114,291.788821041303
4830,25.0,19.272020756921936,100.0,418.8069775032191,368.3015017059775,326.47973344426384,301.5448760634914,291.7640621622636
4840,25.0,19.17409188758505,100.0,418.15329925574,367.77411489809657,326.16738769877105,301.423097069947,291.73959436600825
4850,25.0,19.076409798291476,100.0,417.50125924539395,367.2494630239363,325.8574377133935,301.30252270043997,291.71541418372465
4860,25.0,18.978976560132622,100.0,416.85087139849236,366.727541420247,325.5498682811254,301.18314147554526,291.69151818852873
4870,25.0,18.88179420859376,100.0,416.202149403276,366.2083452934883,325.2446642453842,301.0649420180868,291.6679029949505
4880,25.0,18.78486474376369,100.0,415.5551067113075,365.6918697221161,324.941810500629,300.94791305234753,291.64456525842604
4890,25.0,18.688190130546193,100.0,414.90975653887506,365.17810965884775,324.64129199296195,300.83204340328314,291.6215016747959
4900,25.0,18.591772298873003,100.0,414.2661118684075,364.6670599329059,324.34309372071147,300.71732199574,291.59870897980994
4910,25.0,18.49561314391831,100.0,413.62418544989913,364.15871525224065,324.04720073499925,300.6037378536769,291.5761839486379
4920,25.0,18.39971452631476,100.0,412.9839898023449,363.6530702057307,323.75359814028997,300.49128009939085,291.5539233953866
4930,25.0,18.30407827237088,100.0,412.34553721518523,363.1501192653629,323.46227109492463,300.37993795274707,291.53192417262284
4940,25.0,18.208706174289787,100.0,411.7088397497599,362.64985678839025,323.1732048116377,300.26970073041264,291.51018317090205
4950,25.0,18.113599990389275,100.0,411.0739092407707,362.1522770194695,322.8863845580581,300.1605578450947,291.4886973183032
4960,25.0,18.01876144532305,100.0,410.44075729775295,361.65737409277705,322.6017956571947,300.05249880478215,291.46746357996926
4970,25.0,17.924192230303255,100.0,409.8093953065544,361.1651420341037,322.31942348790585,299.9455132119922,291.4464789576535
4980,25.0,17.829894003324014,100.0,409.1798344308223,360.67557476292916,322.0392534853542,299.8395907630202,291.4257404892711
4990,25.0,17.735868389386127,100.0,408.55208561349787,360.1886660944747,321.76127114144623,299.7347212471944,291.40524524845694
5000,25.0,17.64211698072275,100.0,407.9261595783172,359.70440974173596,321.48546200525703,299.63089454613396,291.38499034412825
5010,25.0,17.548641337026034,100.0,407.3020668313195,359.22279931749443,321.2118116834406,299.5281006330122,291.3649729200531
5020,25.0,17.45544298567469,100.0,406.67981766236096,358.7438283363086,320.94030584062585,299.426329571823,291.345190154424
5030,25.0,17.36252342196243,100.0,406.0594221466349,358.2674902164842,320.67093019979865,299.325571516652,291.3256392594371
5040,25.0,17.26988410932721,100.0,405.44089014619755,357.7937782820247,320.4036705426699,299.225816710952,291.30631748087615
5050,25.0,17.177526479581218,100.0,404.82423131149864,357.32268576456056,320.1385127100301,299.127055486822,291.2872220977022
5060,25.0,17.08545193314158,100.0,404.20945508291754,356.85420580525914,319.87544260209074,299.02927826429095,291.26835042164794
5070,25.0,16.993661839261808,100.0,403.59657069230354,356.3883314567136,319.61444617881193,298.9324755506059,291.2496997968171
5080,25.0,16.902157536263758,100.0,402.9855871645206,355.9250556848124,319.35550946021806,298.8366379395235,291.2312675992891
5090,25.0,16.81094033177022,100.0,402.37651331899616,355.46437137058825,319.0986185266998,298.74175611060673,291.21305123672846
5100,25.0,16.720011502938057,100.0,401.76935777127346,355.00627131204783,318.84375951930434,298.6478208285253,291.195048147999
5110,25.0,16.629372296691773,100.0,401.1641289345673,354.550748225981,318.590918640013,298.5548229423604,291.1772558027827
5120,25.0,16.53902392995757,100.0,400.560835021323,354.09779474975113,318.34008215200674,298.4627533849134,291.15967170120376
5130,25.0,16.448967589897798,100.0,399.959484044778,353.6474034430651,318.09123637992,298.3716031720197,291.1422933734567
5140,25.0,16.359204434145703,100.0,399.360083820526,353.1995667897245,317.84436771008274,298.28136340186563,291.1251183794395
5150,25.0,16.269735591040593,100.0,398.7626419680834,352.75427719935686,317.5994625907511,298.19202525431047,291.10814430839116
5160,25.0,16.18056215986318,100.0,398.16716591245785,352.31152700912816,317.35650753232676,298.10357999021227,291.0913687785337
5170,25.0,16.09168521107119,100.0,397.57366288571785,351.87130848543586,317.1154891075652,298.0160189507582,291.07478943671873
5180,25.0,16.0031057865352,100.0,396.98213992856466,351.43361382558305,316.8763939517734,297.929333556799,291.05840395807815
5190,25.0,15.914824899774596,100.0,396.39260389190474,350.9984351594336,316.63920876299625,297.8435153081874,291.0422100456794
5200,25.0,15.826843536193607,100.0,395.8050614384232,350.5657645510485,316.403920302193,297.7585557831214,291.026205430185
5210,25.0,15.73916265331753,100.0,395.21951904415823,350.1355940003036,316.1705153934033,297.6744466374912,291.0103878695159
5220,25.0,15.65178318102889,100.0,394.6359830000755,349.7079154444886,315.93898092390305,297.5911796042308,290.9947551485198
5230,25.0,15.564706021803682,100.0,394.0544594136431,349.2827207598875,315.70930384435013,297.50874649267337,290.97930507864254
5240,25.0,15.47793205094751,100.0,393.474954210406,348.8600017633412,315.48147116892085,297.4271391879114,290.9640354976044
5250,25.0,15.39146211683174,100.0,392.89747313556074,348.439750213791,315.25546997543637,297.3463496501605,290.94894426908
5260,25.0,15.30529704112954,100.0,392.32202175552914,348.0219578138049,315.0312874054799,297.26636991412784,290.93402928238226
5270,25.0,15.219437619051734,100.0,391.7486054595314,347.606616211085,314.80891066450454,297.18719208838456,290.91928845215017
5280,25.0,15.13388461958255,100.0,391.17722946115833,347.19371699995776,314.5883270219324,297.1088083547425,290.90471971804067
5290,25.0,15.048638785715172,100.0,390.6078987999423,346.7832517228458,314.36952381124445,297.0312109676351,290.8903210444239
5300,25.0,14.963700834687053,100.0,390.0406183429267,346.37521187172274,314.1524884300617,296.9543922535023,290.8760904200828
5310,25.0,14.879071458214952,100.0,389.475392786234,345.9695888895497,313.93720834021786,296.8783446101801,290.86202585791585
5320,25.0,14.794751322729718,100.0,388.91222665663196,345.56637417169514,313.72367106782383,296.8030605062935,290.8481253946438
5330,25.0,14.710741069610753,100.0,388.35112431309756,345.16555906733686,313.51186420332346,296.72853248065456,290.83438709051995
5340,25.0,14.627041315420126,100.0,387.79208994837916,344.7671348808469,313.3017754015416,296.6547531416637,290.8208090290441
5350,25.0,14.543652652136288,100.0,387.23512759055586,344.3710928731598,313.09339238172396,296.5817151667158,290.8073893166797
5360,25.0,14.460575647387437,100.0,386.68024110459464,343.9774242631231,312.8867029275695,296.50941130161,290.794126082575
5370,25.0,14.377810844684413,100.0,386.1274341939045,343.5861202288319,312.6816948872548,296.43783435996386,290.7810174782872
5380,25.0,14.295358763653173,100.0,385.5767104018877,343.19717190894585,312.4783561734512,296.3669772226316,290.76806167751016
5390,25.0,14.213219900266768,100.0,385.028073113488,342.81057040399054,312.27667476333437,296.2968328371263,290.7552568758056
5400,32.0,14.131394727076776,100.0,384.4815255567355,342.42630677764134,312.0766386985871,296.22739421704637,290.74260129033735
5410,32.0,14.049883693444304,100.0,383.9370708042881,342.0443720579918,311.87823608539446,296.1586544415058,290.730093159609
5420,32.0,13.968687225770351,100.0,383.39471177496927,341.6647572388052,311.6814550944326,296.0906066545689,290.71773074320504
5430,32.0,13.887805727725612,100.0,382.85445123530207,341.2874532807504,311.4862839608502,296.0232440646886,290.70551232153457
5440,32.0,13.807239580479685,100.0,382.31629180103937,340.91245111262174,311.2927109842439,295.9565599441491,290.69343619557895
5450,32.0,13.726989142929687,100.0,381.78023593868977,340.5397416325425,311.1007245286267,295.89054762851254,290.68150068664175
5460,32.0,13.647054751928179,100.0,381.24628596703946,340.16931570915335,310.9103130223902,295.82520051606946,290.66970413610255
5470,32.0,13.567436722510408,100.0,380.7144440586696,339.80116418278493,310.72146495826064,295.76051206729335,290.65804490517314
5480,32.0,13.488135348120947,100.0,380.1847122414692,339.4352778666147,310.53416889324865,295.6964758042994,290.64652137465714
5490,32.0,13.40915090083953,100.0,379.6570924001434,339.07164754780865,310.3484134485932,295.63308531030674,290.63513194471227
5500,32.0,13.330483631606214,100.0,379.13158627771696,338.7102639886479,310.16418730969957,295.570334229105,290.6238750346159
5510,32.0,13.252133770445782,100.0,378.60819547703255,338.35111792763996,309.98147922607154,295.50821626452483,290.612749082533
5520,32.0,13.17410152669135,100.0,378.0869214622445,337.994200080615,309.8002780112381,295.4467251799118,290.60175254528764
5530,32.0,13.096387089207246,100.0,377.56776556030684,337.6395011418073,309.6205725426745,295.3858547976051,290.5908838981365
5540,32.0,13.018990626611,100.0,377.0507289624564,337.2870117849221,309.44235176171793,295.3255989984191,290.58014163454567
5550,32.0,12.94191228749462,100.0,376.5358127256903,336.9367226641874,309.2656046734782,295.2659517211296,290.5695242659702
5560,32.0,12.8651522006449,100.0,376.0230177742379,336.58862441539185,309.0903203467428,295.2069069619636,290.5590303216361
5570,32.0,12.788710475263022,100.0,375.51234490102746,336.2427076569076,308.9164879138774,295.1484587740928,290.54865834832526
5580,32.0,12.712587201183107,100.0,375.00379476914617,335.89896299069954,308.74409657072084,295.0906012671309,290.53840691016273
5590,32.0,12.636782449090047,100.0,374.49736791329525,335.55738100331973,308.573135576476,295.0333286066353,290.528274588407
5600,32.0,12.56129627073633,100.0,373.9930647412387,335.2179522668885,308.4035942535954,294.9766350136114,290.5182599812425
5610,32.0,12.486128699157973,100.0,373.4908855352457,334.880667340061,308.23546198766246,294.9205147640222,290.50836170357496
5620,32.0,12.411279748889552,100.0,372.99083045352734,334.5455167689804,308.0687282272682,294.8649621883,290.49857838682885
5630,32.0,12.336749416178199,100.0,372.4928995316667,334.2124910882173,307.9033824838835,294.8099716708633,290.48890867874786
5640,32.0,12.262537679196733,100.0,371.9970926840426,333.8815808216956,307.73941433172695,294.7555376496364,290.4793512431974
5650,32.0,12.188644498255774,100.0,371.5034097052472,333.55277648360493,307.576813407629,294.70165461557303,290.46990475996967
5660,32.0,12.115069816014863,100.0,371.01185027149654,333.2260685792998,307.41556941089124,294.64831711218403,290.46056792459103
5670,32.0,12.041813557692583,100.0,370.52241394203503,332.9014476061856,307.2556721031424,294.59551973506785,290.45133944813216
5680,32.0,11.968875631275676,100.0,370.03510016053275,332.57890405459153,307.09711130819,294.54325713144556,290.4422180570198
5690,32.0,11.896255927727141,100.0,369.5499082564763,332.2584284086304,306.9398769118683,294.4915239996989,290.43320249285136
5700,32.0,11.823954321193265,100.0,369.06683744655226,331.940011147046,306.78395886188264,294.44031508891226,290.4242915122118
5710,32.0,11.751970669209655,100.0,368.5858868360246,331.6236427440474,306.62934716765,294.38962519841783,290.4154838864925
5720,32.0,11.680304812906163,100.0,368.10705542010413,331.3093136701309,306.47603190013615,294.339449177345,290.40677840171224
5730,32.0,11.608956577210767,100.0,367.6303420853114,330.99701439288935,306.3240031916892,294.28978192417253,290.39817385834095
5740,32.0,11.537925771052398,100.0,367.15574561083224,330.68673537780916,306.17325123586994,294.24061838628484,290.3896690711251
5750,32.0,11.46721218756259,100.0,366.68326466986633,330.3784670890551,306.02376628727893,294.19195355953156,290.38126286891537
5760,32.0,11.396815604276172,100.0,366.2128978309682,330.072199990243,305.87553866138006,294.1437824877905,290.3729540944963
5770,32.0,11.326735783330736,100.0,365.74464355938085,329.7679245452004,305.7285587343215,294.09610026253415,290.3647416044186
5780,32.0,11.256972471665003,100.0,365.2785002183623,329.46563121871526,305.5828169427532,294.04890202239994,290.3566242688326
5790,32.0,11.187525401216146,100.0,364.8144660705044,329.165310477273,305.4383037836418,294.00218295276335,290.3486009713246
5800,32.0,11.118394289115917,100.0,364.35253927904427,328.8669527897819,305.2950098140824,293.9559382853148,290.34067060875446
5810,32.0,11.0495788378856,100.0,363.8927179091679,328.57054862828676,305.15292565110747,293.91016329764005,290.3328320910961
5820,32.0,10.981078735629922,100.0,363.4349999293067,328.27608846867116,305.01204197149355,293.8648533128036,290.3250843412789
5830,32.0,10.912893656229755,100.0,362.97938321242566,327.9835627913488,304.8723495115647,293.8200036989356,290.31742629503185
5840,32.0,10.845023259533615,100.0,362.52586553730447,327.69296208194294,304.7338390669938,293.7756098688224,290.3098569007292
5850,32.0,10.777467191548034,100.0,362.07444458981035,327.4042768319554,304.59650149260125,293.73166727949996,290.30237511923804
5860,32.0,10.710225084626826,100.0,361.62511796416345,327.1174975394241,304.4603277021511,293.68817143185066,290.2949799237681
5870,32.0,10.64329655765905,100.0,361.1778831641942,326.8326147095699,304.32530866814517,293.6451178702036,290.2876702997227
5880,32.0,10.576681216255865,100.0,360.73273760459307,326.5496188554328,304.1914354216145,293.602502181938,290.2804452445523
5890,32.0,10.510378652936215,100.0,360.2896786121519,326.26850049849725,304.0586990519088,293.5603199970899,290.27330376760915
5900,32.0,10.444388447311223,100.0,359.8487034269977,325.9892501693069,303.92709070648397,293.5185669879619,290.26624489000415
5910,32.0,10.378710166267519,100.0,359.40980920381867,325.71185840806936,303.7966015906872,293.4772388687364,290.2592676444653
5920,32.0,10.313343364149214,100.0,358.9729930130815,325.4363157652499,303.6672229675401,293.4363313950917,290.2523710751981
5930,32.0,10.248287582938836,100.0,358.5382518422413,325.16261280215554,303.53894615752006,293.39584036382155,290.24555423774706
5940,32.0,10.183542352436906,100.0,358.1055825969432,324.89074009150875,303.41176253833964,293.3557616124575,290.23881619885975
5950,32.0,10.11910719044038,100.0,357.6749821022156,324.620688218011,303.28566354472423,293.31609101889484,290.2321560363517
5960,32.0,10.054981602919844,100.0,357.2464471036561,324.35244777889693,303.1606406681878,293.2768245010211,290.2255728389735
5970,32.0,9.991165084195506,100.0,356.81997426860846,324.0860093844779,303.03668545680694,293.23795801634805,290.2190657062794
5980,32.0,9.927657117111924,100.0,356.39556018733157,323.82136365867666,302.9137895149936,293.1994875616465,290.21263374849724
5990,32.0,9.864457173211576,100.0,355.97320137416074,323.55850123955184,302.7919445032658,293.16140917258434,290.20627608640024
6000,32.0,9.801564712907139,100.0,355.55289426866034,323.2974127798133,302.67114213801716,293.1237189233675,290.19999185118036
6010,32.0,9.73897918565255,100.0,355.13463523676825,323.038088947328,302.55137419128465,293.08641292638373,290.1937801843231
6020,32.0,9.676700030112817,100.0,354.71842057193237,322.7805204256162,302.4326324905153,293.04948733184983,290.1876402374837
6030,32.0,9.614726674332674,100.0,354.30424649623853,322.5246979143392,302.31490891833124,293.01293832746126,290.1815711723654
6040,32.0,9.55305853590389,100.0,353.89210916153047,322.27061212977736,302.1981954122937,292.9767621380452,290.1755721605982
6050,32.0,9.491695022131399,100.0,353.4820046505214,322.0182538052995,302.0824839646656,292.9409550252162,290.16964238362027
6060,32.0,9.430635530198206,100.0,353.0739289778973,321.76761369182304,301.96776662217263,292.905513287035,290.1637810325597
6070,32.0,9.369879447328977,100.0,352.6678780914121,321.518682558266,301.85403548576403,292.87043325766973,290.1579873081187
6080,32.0,9.309426150952486,100.0,352.2638478729743,321.2714511919894,301.7412827103715,292.8357113070608,290.1522604204583
6090,32.0,9.249275008862714,100.0,351.8618341397255,321.025910399232,301.62950050466713,292.80134384058783,290.14659958908504
6100,32.0,9.189425379378832,100.0,351.46183264511075,320.78205100553566,301.518681130821,292.76732729873976,290.1410040427389
6110,32.0,9.12987661150379,100.0,351.06383907994035,320.53986385616327,301.40881690425687,292.7336581567879,290.13547301928264
6120,32.0,9.07062804508181,100.0,350.66784907344356,320.29933981650726,301.2999001934077,292.70033292446146,290.13000576559205
6130,32.0,9.011679010954495,100.0,350.27385819431385,320.0604697724909,301.19192341947,292.66734814562614,290.1246015374483
6140,32.0,8.95302883111585,100.0,349.8818619517461,319.8232446309608,301.0848790561573,292.63470039796505,290.1192595994311
6150,32.0,8.894676818865916,100.0,349.49185579646525,319.58765532007186,300.97875962945307,292.60238629266297,290.1139792248129
6160,32.0,8.836622278963246,100.0,349.10383512174695,319.3536927896639,300.87355771736276,292.5704024740927,290.1087596954553
6170,32.0,8.778864507776134,100.0,348.7177952644297,319.12134801163063,300.76926594966517,292.5387456195046,290.1036003017057
6180,32.0,8.72140279343256,100.0,348.33373150591876,318.8906119802808,300.6658770076632,292.5074124387184,290.0985003422958
6190,32.0,8.664236415968947,100.0,347.95163907318204,318.6614757126921,300.56338362393393,292.4763996738179,290.09345912424124
6200,32.0,8.60736464747767,100.0,347.5715131397373,318.4339302490565,300.46177858207824,292.4457040988484,290.08847596274234
6210,32.0,8.550786752253275,100.0,347.19334882663156,318.20796665301947,300.36105471646977,292.41532251951634,290.0835501810861
6220,32.0,8.494501986937564,100.0,346.81714120341206,317.9835760120105,300.2612049120036,292.38525177289193,290.0786811105494
6230,32.0,8.43850960066338,100.0,346.44288528908885,317.7607494375672,300.1622221038443,292.3554887271142,290.07386809030345
6240,32.0,8.382808835197133,100.0,346.07057605308955,317.5394780656519,300.06409927717334,292.3260302810987,290.06911046731926
6250,32.0,8.327398925080189,100.0,345.70020841620556,317.319753056961,299.96682946693693,292.2968733642476,290.06440759627435
6260,32.0,8.272279097768962,100.0,345.3317772515303,317.1015655972274,299.8704057575925,292.26801493616216,290.0597588394605
6270,32.0,8.217448573773817,100.0,344.96527738538924,316.8849068975161,299.7748212828556,292.2394519863584,290.05516356669284
6280,32.0,8.162906566796693,100.0,344.6007035982616,316.6697681945125,299.68006922544623,292.2111815339844,290.05062115521963
6290,32.0,8.108652283867633,100.0,344.2380506256943,316.4561407508047,299.586142816835,292.18320062754066,290.0461309896336
6300,32.0,8.054684925479933,100.0,343.8773131592074,316.244015855158,299.493035336989,292.15550634460243,290.0416924617841
6310,32.0,8.001003685724251,100.0,343.51848584719176,316.0333848227839,299.4007401141177,292.128095791545,290.03730497069046
6320,32.0,7.9476077524213276,100.0,343.16156329579826,315.82423899560166,299.3092505244185,292.10096610327105,290.032967922456
6330,32.0,7.894496307253666,100.0,342.80654006981945,315.6165697424941,299.21855999182213,292.07411444294047,290.02868073018385
6340,32.0,7.841668525895877,100.0,342.4534106935627,315.4103684595564,299.1286619877384,292.0475380017026,290.0244428138929
6350,32.0,7.7891235781439345,100.0,342.10216965171566,315.2056265703393,299.0395500308012,292.0212339984307,290.0202536004355
6360,32.0,7.736860628043138,100.0,341.7528113902035,315.0023355260852,298.9512176866142,291.995199679459,290.01611252341576
6370,32.0,7.6848788340149214,100.0,341.4053303170383,314.80048680595894,298.8636585674961,291.9694323183219,290.01201902310885
6380,32.0,7.6331773489825165,100.0,341.05972080316064,314.60007191727226,298.7768663322259,291.9439292154953,290.00797254638155
6390,32.0,7.581755320495347,100.0,340.7159771832729,314.401082395702,298.6908346857887,291.91868769814084,290.0039725466134
6400,32.0,7.530611890852276,100.0,340.374093756665,314.20350980550273,298.60555737912085,291.8937051198517,290.00001848361904
6410,32.0,7.4797461972237445,100.0,340.0340647880321,314.0073457397133,298.52102820885614,291.8689788604009,289.9961098235715
6420,32.0,7.429157371772596,100.0,339.69588450828456,313.81258182035793,298.4372410170712,291.84450632549215,289.9922460389262
6430,32.0,7.378844541773834,100.0,339.35954711535004,313.61920969864144,298.35418969103165,291.82028494651246,289.98842660834623
6440,32.0,7.32880682973319,100.0,339.0250467749677,313.4272210551387,298.2718681629384,291.7963121802872,289.9846510166281
6450,32.0,7.279043353504556,100.0,338.69237762147486,313.236607599979,298.1902704096739,291.7725855088374,289.9809187546288
6460,32.0,7.2295532264061935,100.0,338.36153375858595,313.0473610730245,298.1093904525488,291.7491024391389,289.97722931919344
6470,32.0,7.180335557335809,100.0,338.0325092601633,312.8594732440436,298.029222357049,291.7258605028841,289.97358221308383
6480,32.0,7.131389450884575,100.0,337.7052981709809,312.6729359128789,297.9497602325828,291.70285725624535,289.9699769449081
6490,32.0,7.082714007449829,100.0,337.37989450748006,312.48774090960995,297.8709982322283,291.6800902796411,289.96641302905107
6500,32.0,7.03430832334685,100.0,337.0562922585177,312.3038800947106,297.79293055248155,291.65755717750335,289.9628899856051
6510,32.0,6.986171490919282,100.0,336.73448538610694,312.12134535920165,297.71555143300435,291.63525557804786,289.9594073403026
6520,32.0,6.938302598648627,100.0,336.4144678261502,311.94012862479815,297.6388551563731,291.6131831330461,289.9559646244485
6530,32.0,6.890700731262448,100.0,336.09623348916483,311.7602218440519,297.5628360478277,291.5913375175994,289.952561374854
6540,32.0,6.843364969841571,100.0,335.77977626100113,311.5816170004889,297.487488475021,291.56971642991493,289.94919713377107
6550,32.0,6.796294391926099,100.0,335.4650900035531,311.4043061087422,297.4128068477685,291.54831759108396,289.94587144882763
6560,32.0,6.7494880716203856,100.0,335.15216855546157,311.22828121467984,297.3387856177986,291.5271387448619,289.9425838729636
6570,32.0,6.702945079696814,100.0,334.84100573281023,311.0535343955279,297.26541927850354,291.50617765745034,289.9393339643677
6580,32.0,6.65666448369858,100.0,334.531595329814,310.88005775998937,297.19270236469055,291.4854321172815,289.93612128641485
6590,32.0,6.610645348041288,100.0,334.22393111950043,310.7078434483581,297.1206294523335,291.46489993480395,289.9329454076048
6600,32.0,6.564886734113531,100.0,333.91800685438346,310.53688363262853,297.04919515832523,291.44457894227065,289.9298059015009
6610,32.0,6.519387700376316,100.0,333.61381626713023,310.3671705166004,296.9783941402304,291.42446699352894,289.92670234667
6620,32.0,6.474147302461534,100.0,333.31135307122065,310.19869633598006,296.90822109603886,291.4045619638124,289.923634326623
6630,32.0,6.429164593269183,100.0,333.01061096159975,310.0314533584764,296.8386707639194,291.3848617495344,289.92060142975595
6640,32.0,6.384438623063716,100.0,332.71158361532275,309.8654338838934,296.7697379219747,291.36536426808397,289.91760324929203
6650,32.0,6.339968439569135,100.0,332.4142646921934,309.70063024421785,296.70141738799595,291.3460674576229,289.91463938322437
6660,32.0,6.29575308806321,100.0,332.118647835395,309.5370348037034,296.63370401921907,291.3269692768854,289.91170943425914
6670,32.0,6.251791611470537,100.0,331.8247266721145,309.3746399589504,296.5665927120808,291.30806770497907,289.9088130097596
6680,32.0,6.208083050454584,100.0,331.5324948141594,309.2134381389815,296.500078401976,291.2893607411878,289.90594972169106
6690,32.0,6.1646264435086895,100.0,331.2419458585684,309.0534218053135,296.434156063015,291.27084640477676,289.90311918656573
6700,32.0,6.121420827046035,100.0,330.9530733882141,308.89458345202564,296.3688207077823,291.2525227347987,289.90032102538925
6710,32.0,6.078465235488642,100.0,330.6658709723997,308.73691560582324,296.3040673870956,291.2343877899023,289.897554863607
6720,32.0,6.035758701355235,100.0,330.3803321674488,308.5804108260984,296.2398911897654,291.2164396481426,289.8948203310516
6730,32.0,5.9933002553482115,100.0,330.0964505172877,308.4250617049863,296.1762872423557,291.1986764067924,289.89211706189076
6740,32.0,5.951088926439513,100.0,329.8142195540218,308.2708608674186,296.11325070894526,291.18109618215595,289.88944469457573
6750,32.0,5.9091237419555345,100.0,329.533632798505,308.1178009711723,296.05077679088913,291.1636971093843,289.88680287179074
6760,32.0,5.867403727661078,100.0,329.2546837609022,307.9658747069158,295.9888607265819,291.14647734229237,289.8841912404026
6770,32.0,5.825927907842191,100.0,328.9773659412455,307.8150747982512,295.9274977912208,291.12943505317725,289.88160945141107
6780,32.0,5.784695305388186,100.0,328.70167282998375,307.66539400175304,295.86668329657016,291.11256843263897,289.8790571599001
6790,32.0,5.743704941872508,100.0,328.42759790852534,307.51682510700385,295.8064125907264,291.0958756894022,289.8765340249892
6800,32.0,5.70295583763281,100.0,328.15513464977477,307.3693609366262,295.7466810578837,291.07935505014,289.87403970978556
6810,32.0,5.662447011849898,100.0,327.88427651866266,307.2229943463115,295.68748411810077,291.06300475929913,289.871573881337
6820,32.0,5.622177482625839,100.0,327.6150169726693,307.0777182248457,295.6288172270683,291.0468230789269,289.86913621058505
6830,32.0,5.5821462670610345,100.0,327.34734946234187,306.9335254941315,295.57067587587704,291.0308082884995,289.866726372319
6840,32.0,5.542352381330369,100.0,327.0812674318052,306.790409109208,295.5130555907872,291.01495868475246,289.8643440451303
6850,32.0,5.502794840758486,100.0,326.81676431926644,306.64836205826634,295.45595193299806,290.999272581512,289.8619889113673
6860,32.0,5.46347265989399,100.0,326.55383355751337,306.50737736266336,295.399360498419,290.98374830952844,289.8596606570911
6870,32.0,5.424384852582855,100.0,326.2924685744065,306.3674480769315,295.3432769174409,290.96838421631077,289.8573589720314
6880,32.0,5.385530432040832,100.0,326.0326627933649,306.22856728878605,295.2876968547089,290.9531786659632,289.85508354954305
6890,32.0,5.346908410924959,100.0,325.7744096338462,306.0907281191295,295.2326160088955,290.9381300390229,289.8528340865632
6900,32.0,5.308517801404185,100.0,325.51770251182,305.95392372205316,295.178030112475,290.92323673229924,289.8506102835689
6910,32.0,5.270357615229043,100.0,325.26253484023584,305.8181472848357,295.1239349314987,290.9084971587149,289.84841184453535
6920,32.0,5.232426863800464,100.0,325.0089000294847,305.683392027939,295.0703262653707,290.89390974714803,289.84623847689414
6930,32.0,5.194724558237698,100.0,324.7567914878548,305.5496512050019,295.017199946625,290.87947294227604,289.84408989149284
6940,32.0,5.1572497094453045,100.0,324.5062026219811,305.4169181028301,294.9645518407034,290.865185204421,289.8419658025542
6950,32.0,5.120001328179353,100.0,324.2571268372896,305.2851860413847,294.912377845734,290.8510450093962,289.8398659276366
6960,32.0,5.082978425112663,100.0,324.0095575384351,305.15444837376725,294.8606738923112,290.8370508483545,289.83778998759425
6970,32.0,5.0461800108991985,100.0,323.7634881297337,305.02469848620285,294.809435943276,290.82320122763775,289.8357377065385
6980,32.0,5.009605096237664,100.0,323.51891201558897,304.89592979802046,294.7586599934979,290.8094946686278,289.83370881179934
6990,32.0,4.973252691934164,100.0,323.2758226009132,304.7681357616309,294.7083420696568,290.79592970759893,289.8317030338871
7000,32.0,4.9371218089640445,100.0,323.03421329154224,304.6413098625023,294.65847823002713,290.78250489557166,289.82972010645517
7010,32.0,4.901211458532947,100.0,322.794077494645,304.51544561913346,294.6090645642616,290.76921879816786,289.8277597662628
7020,32.0,4.865520652136922,100.0,322.55540861912755,304.3905365830247,294.5600971931768,290.7560699954672,289.8258217531382
7030,32.0,4.8300484016218235,100.0,322.31820007603136,304.2665763386464,294.5115722685394,290.74305708186523,289.8239058099427
7040,32.0,4.794793719241813,100.0,322.0824452789263,304.14355850340564,294.4634859728535,290.7301786659322,289.8220116825346
7050,32.0,4.759755617717076,100.0,321.84813764429794,304.0214767276101,294.4158345191485,290.71743337027397,289.82013911973394
7060,32.0,4.724933110290681,100.0,321.6152705919297,303.90032469443025,294.3686141507686,290.7048198313937,289.8182878732875
7070,32.0,4.690325210784721,100.0,321.38383754527933,303.7800961198593,294.32182114116273,290.69233669955497,289.8164576978342
7080,32.0,4.65593093365562,100.0,321.15383193185033,303.66078475267113,294.2754517936757,290.67998263864627,289.8146483508712
7090,32.0,4.621749294048589,100.0,320.92524718355793,303.542384374376,294.22950244134034,290.66775632604674,289.8128595927199
7100,32.0,4.587779307851384,100.0,320.6980767370899,303.4248887991745,294.1839694466704,290.6556564524932,289.8110911864928
7110,32.0,4.554019991747276,100.0,320.47231403426196,303.3082918739091,294.13884920145483,290.6436817219482,289.80934289806044
7120,32.0,4.520470363267174,100.0,320.2479525223684,303.1925874780148,294.0941381265526,290.63183085146983,289.80761449601914
7130,32.0,4.487129440841051,100.0,320.0249856545272,303.07776952346626,294.0498326716888,290.6201025710822,289.8059057516586
7140,32.0,4.453996243848633,100.0,319.8034068900202,302.96383195472487,294.0059293152519,290.6084956236476,289.80421643893027
7150,32.0,4.421069792669243,100.0,319.5832096946283,302.8507687486826,293.9624245640912,290.59700876473966,289.80254633441587
7160,32.0,4.388349108730974,100.0,319.3643875409616,302.7385739146048,293.91931495331636,290.58564076251747,289.8008952172966
7170,32.0,4.355833214559112,100.0,319.1469339087847,302.62724149407114,293.87659704609723,290.5743903976016,289.7992628693223
7180,32.0,4.323521133823803,100.0,318.93084228533684,302.5167655609146,293.83426743346484,290.5632564629505,289.7976490747814
7190,32.0,4.29141189138698,100.0,318.7161061656472,302.4071402211591,293.79232273411344,290.5522377637387,289.7960536204708
7200,28.0,4.259504513348609,100.0,318.5027190528458,302.29835961295527,293.75075959420343,290.5413331172356,289.79447629566636
7210,28.0,4.227798027092217,100.0,318.29067445846897,302.19041790651465,293.70957468716557,290.5305413526861,289.79291689209396
7220,28.0,4.196291461329639,100.0,318.07996590276053,302.0833093040425,293.6687647135058,290.5198613111918,289.7913752039004
7230,28.0,4.164983846145168,100.0,317.870586914968,301.9770280396686,293.6283264006115,290.50929184559345,289.7898510276249
7240,28.0,4.133874213038934,100.0,317.6625310336343,301.8715683793772,293.58825650255835,290.4988318203548,289.7883441621711
7250,28.0,4.102961594969602,100.0,317.45579180688486,301.7669246209349,293.5485517999184,290.48848011144713,289.7868544087792
7260,28.0,4.072245026396397,100.0,317.25036279270984,301.66309109381734,293.50920909956926,290.4782356062354,289.7853815709984
7270,28.0,4.0417235433204555,100.0,317.0462375592421,301.56006215913453,293.4702252345041,290.4680972033649,289.7839254546597
7280,28.0,4.011396183325473,100.0,316.84340968503057,301.4578322095546,293.43159706364264,290.4580638126495,289.78248586784923
7290,28.0,3.981261985617749,100.0,316.6418727593091,301.35639566922634,293.39332147164356,290.44813435496076,289.7810626208815
7300,28.0,3.951319991065492,100.0,316.44162038226096,301.25574699370037,293.3553953687173,290.4383077621179,289.77965552627353
7310,28.0,3.921569242237507,100.0,316.242646165279,301.15588066984895,293.31781569044034,290.4285829767793,289.7782643987186
7320,28.0,3.892008783441233,100.0,316.0449437312211,301.0567912157846,293.28057939757025,290.41895895233455,289.77688905506085
7330,28.0,3.8626376607601456,100.0,315.848506714662,300.95847318077745,293.243683475862,290.40943465279787,289.77552931427
7340,28.0,3.8334549220904846,100.0,315.6533287621399,300.8609211451714,293.20712493588485,290.4000090527024,289.77418499741634
7350,28.0,3.8044596171774288,100.0,315.4594035323999,300.764129720299,293.1709008128409,290.3906811369955,289.7728559276461
7360,28.0,3.775650797650516,100.0,315.2667246966324,300.6680935483953,293.13500816638395,290.38144990093537,289.771541930157
7370,28.0,3.747027517058595,100.0,315.0752859387078,300.5728073025103,293.09944408043987,290.3723143499879,289.7702428321742
7380,28.0,3.718588830904031,100.0,314.8850809554068,300.47826568642085,293.0642056630277,290.3632734997255,289.7689584629264
7390,28.0,3.6903337966763954,100.0,314.696103456647,300.3844634345408,293.02929004608194,290.35432637572615,289.7676886536225
7400,28.0,3.662261473885474,100.0,314.50834716570495,300.2913953118305,292.99469438527586,290.34547201347374,289.76643323742815
7410,28.0,3.634370924093781,100.0,314.32180581943476,300.19905611370535,292.9604158598455,290.3367094582593,289.765192049443
7420,28.0,3.6066612109483542,100.0,314.1364731684823,300.1074406659428,292.9264516724151,290.3280377650833,289.7639649266777
7430,28.0,3.579131400212074,100.0,313.95234297749573,300.01654382458923,292.8927990488233,290.31945599855874,289.7627517080319
7440,28.0,3.5517805597943464,100.0,313.7694090253319,299.92636047586495,292.8594552379503,290.3109632328151,289.76155223427156
7450,28.0,3.5246077597812246,100.0,313.58766510525936,299.836885536069,292.8264175115463,290.3025585514036,289.7603663480076
7460,28.0,3.4976120724649546,100.0,313.40710502515697,299.7481139514827,292.79368316406055,290.2942410472029,289.75919389367385
7470,28.0,3.4707925723729827,100.0,313.22772260770915,299.66004069827227,292.76124951247164,290.2860098223261,289.7580347175059
7480,28.0,3.444148336296365,100.0,313.04951169059734,299.57266078239087,292.7291138961189,290.2778639880284,289.75688866751983
7490,28.0,3.4176784433176577,100.0,312.8724661266876,299.4859692394796,292.6972736765345,290.2698026646158,289.7557555934915
7500,28.0,3.3913819748382537,100.0,312.6965797842146,299.3999611347676,292.66572623727666,290.26182498135444,289.75463534693574
7510,28.0,3.365258014605138,100.0,312.5218465469621,299.31463156297167,292.63446898376407,290.2539300763812,289.7535277810862
7520,28.0,3.339305648737235,100.0,312.3482603144398,299.22997564819485,292.6034993431109,290.24611709661497,289.75243275087485
7530,28.0,3.3135239657510054,100.0,312.1758150020566,299.14598854382433,292.57281476396315,290.23838519766855,289.7513501129126
7540,28.0,3.2879120565857534,100.0,312.00450454129015,299.0626654324286,292.5424127163358,290.23073354376186,289.75027972546906
7550,28.0,3.2624690146282576,100.0,311.8343228798533,298.9800015256542,292.5122906914509,290.2231613076357,289.7492214484536
7560,28.0,3.237193935736929,100.0,311.6652639818568,298.8979920641212,292.4824462015771,290.21566767046636,289.7481751433959
7570,28.0,3.2120859182654953,100.0,311.4973218279689,298.8166323173186,292.45287677986926,290.2082518217812,289.7471406734268
7580,28.0,3.187144063086163,100.0,311.3304904155711,298.73591758349875,292.42357998021004,290.20091295937476,289.7461179032602
7590,28.0,3.162367473612207,100.0,311.164763758911,298.65584318957127,292.3945533770517,290.1936502892263,289.7451066991737
7600,28.0,3.1377552558202213,100.0,311.00013588925174,298.57640449099637,292.3657945652593,290.1864630254173,289.7441069289909
7610,28.0,3.11330651827173,100.0,310.8366008550179,298.4975968716775,292.3373011599548,290.17935039005044,289.74311846206314
7620,28.0,3.0890203721343963,100.0,310.6741527219385,298.41941574385356,292.30907079636194,290.17231161316903,289.74214116925157
7630,28.0,3.0648959312027384,100.0,310.51278557318676,298.34185654799046,292.2811011296523,290.1653459326774,289.74117492290947
7640,28.0,3.0409323119183735,100.0,310.3524935095164,298.2649147526722,292.2533898347923,290.1584525942619,289.7402195968649
7650,28.0,3.017128633389757,100.0,310.1932706493952,298.1885858544916,292.2259346063909,290.1516308513129,289.7392750664034
7660,28.0,2.9934840174115607,100.0,310.035111129135,298.11286537794007,292.19873315854875,290.1448799648473,289.738341208251
7670,28.0,2.969997588483443,100.0,309.87800910301917,298.0377488752976,292.1717832247077,290.1381992034319,289.73741790055715
7680,28.0,2.946668473828524,100.0,309.7219587434268,297.9632319265217,292.14508255750184,290.13158784310764,289.73650502287853
7690,28.0,2.923495803411265,100.0,309.5669542409535,297.88931013913617,292.118628928609,290.12504516731434,289.73560245616216
7700,28.0,2.9004787099550526,100.0,309.41298980453007,297.8159791481195,292.09242012860346,290.1185704668164,289.7347100827294
7710,28.0,2.877616328959215,100.0,309.26005966153735,297.7432346157926,292.0664539668098,290.112163039629,289.73382778625984
7720,28.0,2.854907798715658,100.0,309.1081580579188,297.6710722317065,292.04072827115704,290.10582219094556,289.73295545177535
7730,28.0,2.832352260325118,100.0,308.95727925828993,297.59948771252954,292.0152408880344,290.09954723306487,289.73209296562453
7740,28.0,2.809948857712925,100.0,308.807417546045,297.528476801934,291.9899896821476,290.0933374853201,289.7312402154672
7750,28.0,2.787696737644362,100.0,308.6585672234607,297.4580352704827,291.9649725363763,290.08719227400775,289.730397090259
7760,28.0,2.765595049739633,100.0,308.51072261179746,297.3881589155151,291.9401873516323,290.0811109323176,289.7295634802362
7770,28.0,2.7436429464883987,100.0,308.36387805139765,297.3188435610332,291.91563204671866,290.0750928002632,289.7287392769011
7780,28.0,2.721839583263932,100.0,308.21802790178106,297.25008505758706,291.89130455819003,290.0691372246131,289.72792437300683
7790,28.0,2.700184118336824,100.0,308.07316654173803,297.1818792821601,291.86720284021345,290.063243558823,289.72711866254303
7800,28.0,2.678675712888372,100.0,307.9292883694196,297.11422213805406,291.84332486443054,290.057411162968,289.72632204072136
7810,28.0,2.6573135310235103,100.0,307.78638780242534,297.04710955477395,291.8196686198201,290.05163940367606,289.72553440396115
7820,28.0,2.63609673978338,100.0,307.64445927788813,296.98053748791233,291.79623211256205,290.045927654062,289.72475564987536
7830,28.0,2.615024509157533,100.0,307.503497252557,296.9145019190339,291.773013365902,290.04027529366175,289.7239856772568
7840,28.0,2.5940960120957013,100.0,307.3634962028768,296.84899885555944,291.75001042001696,290.0346817083678,289.72322438606415
7850,28.0,2.5733104245192635,100.0,307.22445062506586,296.7840243306498,291.7272213318817,290.0291462903651,289.7224716774086
7860,28.0,2.5526669253323235,100.0,307.086355035191,296.71957440308967,291.704644175136,290.02366843806715,289.7217274535401
7870,28.0,2.5321646964324063,100.0,306.94920396924005,296.65564515717125,291.68227703995325,290.01824755605355,289.72099161783444
7880,28.0,2.5118029227207725,100.0,306.81299198319203,296.59223270257746,291.6601180329091,290.0128830550075,289.7202640747799
7890,28.0,2.4915807921124324,100.0,306.6777136530849,296.5293331742655,291.6381652768519,290.00757435165406,289.71954472996435
7900,28.0,2.4714974955458273,100.0,306.54336357508095,296.46694273234993,291.61641691077335,290.0023208686993,289.71883349006254
7910,28.0,2.4515522269920327,100.0,306.4099363655301,296.40505756198564,291.5948710896804,289.99712203476975,289.7181302628232
7920,28.0,2.4317441834637523,100.0,306.2774266610303,296.3436738732509,291.5735259844678,289.9919772843524,289.71743495705675
7930,28.0,2.412072565023982,100.0,306.14582911848646,296.28278790103036,291.5523797817916,289.9868860577357,289.7167474826229
7940,28.0,2.3925365747941867,100.0,306.01513841516663,296.22239590489755,291.53143068394365,289.9818478009507,289.7160677504184
7950,28.0,2.3731354189623146,100.0,305.88534924875586,296.1624941689979,291.51067690872674,289.97686196571294,289.7153956723649
7960,28.0,2.3538683067904116,100.0,305.75645633740834,296.10307900193123,291.4901166893306,289.97192800936506,289.714731161397
7970,28.0,2.334734450621886,100.0,305.6284544197971,296.0441467366345,291.46974827420894,289.9670453948197,289.71407413145084
7980,28.0,2.3157330658885598,100.0,305.50133825516144,295.9856937302643,291.44956992695734,289.96221359050315,289.7134244974519
7990,28.0,2.296863371117235,100.0,305.37510262335263,295.9277163640796,291.4295799261917,289.9574320702996,289.71278217530386
8000,28.0,2.278124587936162,100.0,305.24974232487716,295.87021104332405,291.40977656542776,289.95270031349577,289.712147081877
8010,28.0,2.2595159410810055,100.0,305.1252521809383,295.8131741971089,291.3901581529615,289.94801780472613,289.71151913499716
8020,28.0,2.2410366584006622,100.0,305.00162703347513,295.7566022782952,291.37072301175004,289.94338403391885,289.71089825343455
8030,28.0,2.2226859708626536,100.0,304.8788617452003,295.70049176337665,291.35146947929405,289.93879849624204,289.7102843568927
8040,28.0,2.2044631125583405,100.0,304.75695119963507,295.6448391523622,291.3323959075201,289.9342606920506,289.70967736599766
8050,28.0,2.1863673207077454,100.0,304.63589030114275,295.5896409686586,291.31350066266447,289.9297701268338,289.7090772022873
8060,28.0,2.1683978356641602,100.0,304.51567397496046,295.5348937589533,291.29478212515767,289.9253263111629,289.7084837882006
8070,28.0,2.1505539009184647,100.0,304.3962971672284,295.48059409309695,291.2762386895095,289.92092876064004,289.70789704706743
8080,28.0,2.1328347631030797,100.0,304.2777548450178,295.42673856398653,291.2578687641953,289.91657699584675,289.70731690309793
8090,28.0,2.1152396719957975,100.0,304.16004199635665,295.37332378744804,291.2396707715425,289.91227054229364,289.70674328137244
8100,28.0,2.097767880523193,100.0,304.043153630254,295.3203464021197,291.22164314761875,289.9080089303703,289.70617610783125
8110,28.0,2.080418644763853,100.0,303.9270847767219,295.26780306933483,291.20378434212,289.9037916952958,289.70561530926483
8120,28.0,2.063191223951327,100.0,303.81183048679617,295.2156904730052,291.18609281825985,289.8996183770697,289.70506081330376
8130,28.0,2.0460848804767977,100.0,303.6973858325549,295.1640053195044,291.1685670526597,289.89548852042344,289.7045125484091
8140,28.0,2.029098879891484,100.0,303.5837459071357,295.11274433755096,291.15120553523946,289.8914016747721,289.7039704438627
8150,28.0,2.012232490908866,100.0,303.4709058247508,295.06190427809236,291.13400676910925,289.8873573941671,289.7034344297576
8160,28.0,1.9954849854065286,100.0,303.3588607207007,295.01148191418827,291.11696927046165,289.8833552372489,289.70290443698866
8170,28.0,1.9788556384279161,100.0,303.24760575138635,294.96147404089464,291.1000915684651,289.8793947672004,289.7023803972435
8180,28.0,1.9623437281837142,100.0,303.13713609431926,294.91187747514766,291.08337220515745,289.8754755517007,289.70186224299283
8190,28.0,1.9459485360530435,100.0,303.0274469481303,294.8626890556479,291.0668097353411,289.8715971628794,289.70134990748187
8200,28.0,1.9296693465844157,100.0,302.91853353257693,294.81390564274454,291.05040272647824,289.8677591772716,289.70084332472095
8210,28.0,1.9135054474964648,100.0,302.8103910885486,294.76552411831995,291.03414975858686,289.86396117577243,289.70034242947685
8220,28.0,1.897456129678443,100.0,302.703014878071,294.7175413856742,291.01804942413816,289.8602027435934,289.69984715726395
8230,28.0,1.8815206871904593,100.0,302.5964001843083,294.66995436941016,291.0021003279538,289.85648347021794,289.6993574443357
8240,28.0,1.8656984172635391,100.0,302.4905423115645,294.62276001531825,290.98630108710483,289.8528029493583,289.6988732276759
8250,28.0,1.8499886202994362,100.0,302.38543658528266,294.5759552902619,290.97065033081043,289.8491607789122,289.69839444499024
8260,28.0,1.8343905998702583,100.0,302.28107835204315,294.52953718206294,290.9551467003382,289.8455565609204,289.6979210346981
8270,28.0,1.818903662717827,100.0,302.1774629795603,294.48350269938715,290.93978884890464,289.8419899015243,289.697452935924
8280,28.0,1.8035271187528936,100.0,302.07458585667746,294.43784887163025,290.92457544157656,289.8384604109244,289.69699008848977
8290,28.0,1.7882602810540733,100.0,301.9724423933611,294.39257274880407,290.90950515517335,289.83496770333886,289.6965324329062
8300,28.0,1.7731024658666341,100.0,301.87102802069313,294.34767140142276,290.89457667816964,289.83151139696247,289.6960799103652
8310,28.0,1.7580529926010826,100.0,301.770338190862,294.30314192038935,290.879788710599,289.8280911139261,289.6956324627318
8320,28.0,1.743111183831499,100.0,301.67036837715244,294.2589814168827,290.86513996395803,289.8247064802568,289.6951900325365
8330,28.0,1.7282763652937319,100.0,301.5711140739342,294.21518702224444,290.85062916111167,289.8213571258378,289.6947525629675
8340,28.0,1.7135478658833676,100.0,301.4725707966489,294.1717558878663,290.8362550361985,289.8180426843693,289.694319997863
8350,28.0,1.6989250176535564,100.0,301.3747340817961,294.12868518507787,290.82201633453747,289.8147627933295,289.6938922817038
8360,28.0,1.6844071558125477,100.0,301.27759948691795,294.0859721050341,290.8079118125346,289.8115170939363,289.6934693596059
8370,28.0,1.669993618721202,100.0,301.1811625905827,294.0436138586038,290.7939402375912,289.8083052311086,289.69305117731295
8380,28.0,1.6556837478901743,100.0,301.08541899236667,294.00160767625783,290.780100388012,289.80512685342904,289.69263768118924
8390,28.0,1.6414768879769839,100.0,300.9903643128356,293.9599508079577,290.7663910529144,289.8019816131064,289.69222881821224
8400,28.0,1.6273723867829346,100.0,300.8959941935242,293.91864052304464,290.75281103213837,289.7988691659386,289.6918245359658
8410,28.0,1.613369595249816,100.0,300.802304296915,293.87767411012885,290.73935913615685,289.7957891712759,289.6914247826329
8420,28.0,1.5994678674564395,100.0,300.70929030641594,293.83704887697905,290.72603418598703,289.79274129198484,289.69102950698897
8430,28.0,1.5856665606150104,100.0,300.61694792633654,293.7967621504122,290.71283501310205,289.7897251944123,289.6906386583947
8440,28.0,1.5719650350674044,100.0,300.5252728818636,293.7568112761837,290.6997604593437,289.7867405483498,289.69025218678956
8450,28.0,1.5583626542811573,100.0,300.4342609190351,293.717193618878,290.6868093768353,289.7837870269985,289.6898700426851
8460,28.0,1.5448587848454025,100.0,300.34390780471364,293.6779065617991,290.67398062789596,289.78086430693395,289.6894921771581
8470,28.0,1.5314527964666014,100.0,300.2542093265584,293.6389475068617,290.66127308495464,289.7779720680722,289.6891185418444
8480,28.0,1.5181440619641422,100.0,300.16516129299634,293.60031387448277,290.64868563046554,289.7751099936351,289.688749088932
8490,28.0,1.5049319572657625,100.0,300.0767595331923,293.5620031034731,290.6362171568237,289.77227777011683,289.68838377115515
8500,28.0,1.491815861402833,100.0,299.9889998970179,293.52401265092936,290.6238665662816,289.76947508725027,289.6880225417877
8510,28.0,1.4787951565055324,100.0,299.9018782550199,293.4863399921265,290.61163277086604,289.766701637974,289.687665354637
8520,28.0,1.4658692277978247,100.0,299.8153904983872,293.44898262041045,290.5995146922959,289.7639571183993,289.6873121640377
8530,28.0,1.4530374635923182,100.0,299.7295325389171,293.41193804709127,290.58751126190043,289.7612412277779,289.6869629248457
8540,28.0,1.4402992552850122,100.0,299.6443003089805,293.3752038013364,290.57562142053825,289.75855366846974,289.68661759243224
8550,28.0,1.4276539973498414,100.0,299.5596897614863,293.3387774300645,290.56384411851684,289.7558941459112,289.68627612267767
8560,28.0,1.4151010873331842,100.0,299.47569686984497,293.30265649783945,290.5521783155128,289.75326236858353,289.6859384719658
8570,28.0,1.402639925848115,100.0,299.3923176279308,293.26683858676483,290.54062298049234,289.75065804798174,289.6856045971781
8580,28.0,1.3902699165686838,100.0,299.3095480500441,293.2313212963787,290.5291770916332,289.7480808985837,289.68527445568776
8590,28.0,1.3779904662238807,100.0,299.22738417087163,293.1961022435489,290.5178396362462,289.7455306378196,289.6849480053543
8600,28.0,1.3658009845916725,100.0,299.1458220454468,293.16117906236826,290.5066096106981,289.7430069860418,289.6846252045176
8610,28.0,1.353700884492764,100.0,299.06485774910885,293.12654940405065,290.49548602033457,289.7405096664947,289.6843060119928
8620,28.0,1.3416895817843397,100.0,298.9844873774614,293.09221093682726,290.48446787940435,289.73803840528524,289.6839903870645
8630,28.0,1.32976649535359,100.0,298.9047070463298,293.05816134584313,290.47355421098325,289.7355929313536,289.6836782894814
8640,28.0,1.31793104711125,100.0,298.8255128917181,293.0243983330542,290.4627440468994,289.733172976444,289.68336967945106
8650,28.0,1.3061826619849057,100.0,298.7469010697652,292.99091961712446,290.4520364276586,289.7307782750761,289.6830645176345
8660,28.0,1.294520767912249,100.0,298.66886775670014,292.95772293332396,290.4414304023707,289.7284085645164,289.682762765141
8670,28.0,1.2829447958342315,100.0,298.5914091487965,292.92480603342676,290.43092502867614,289.7260635847504,289.6824643835229
8680,28.0,1.2714541796880896,100.0,298.5145214623266,292.89216668560937,290.42051937267325,289.7237430784542,289.68216933477083
8690,28.0,1.2600483564002332,100.0,298.43820093351457,292.8598026743498,290.41021250884614,289.7214467909673,289.6818775813081
8700,28.0,1.2487267658791354,100.0,298.3624438184886,292.82771180032654,290.4000035199931,289.7191744702652,289.681589085986
8710,28.0,1.2374888510079898,100.0,298.2872463932332,292.7958918803185,290.38989149715565,289.71692586693223,289.681303812079
8720,28.0,1.2263340576373707,100.0,298.21260495354,292.7643407471048,290.3798755395479,289.71470073413485,289.68102172327974
8730,28.0,1.215261834577771,100.0,298.13851581495834,292.7330562493654,290.3699547544869,289.71249882759525,289.68074278369414
8740,28.0,1.2042716335919976,100.0,298.0649753127453,292.7020362515817,290.36012825732297,289.71031990556486,289.6804669578368
8750,28.0,1.1933629093875482,100.0,297.9919798018147,292.6712786339379,290.35039517137113,289.70816372879864,289.6801942106262
8760,28.0,1.1825351196088434,100.0,297.91952565668595,292.6407812922225,290.3407546278427,289.7060300605293,289.67992450738006
8770,28.0,1.171787724829383,100.0,297.8476092714319,292.6105421377305,290.3312057657777,289.7039186664417,289.67965781381076
8780,28.0,1.1611201885438676,100.0,297.77622705962654,292.5805590971654,290.32174773197744,289.70182931464797,289.6793940960208
8790,28.0,1.1505319771601137,100.0,297.70537545429164,292.5508301125425,290.312379680938,289.69976177566224,289.6791333204984
8800,28.0,1.1400225599910414,100.0,297.6350509078432,292.5213531410917,290.3031007747841,289.69771582237615,289.67887545411287
8810,28.0,1.1295914092464359,100.0,297.5652498920373,292.4921261551614,290.2939101832034,289.69569123003447,289.67862046411034
8820,28.0,1.1192380000247455,100.0,297.4959688979152,292.4631471421222,290.28480708338145,289.6936877762107,289.6783683181095
8830,28.0,1.1089618103047258,100.0,297.42720443574814,292.43441410427164,290.27579065993706,289.69170524078345,289.67811898409724
8840,28.0,1.0987623209370325,100.0,297.35895303498154,292.4059250587389,290.2668601048584,289.6897434059124,289.6778724304244
8850,28.0,1.0886390156357548,100.0,297.29121124417884,292.37767803738984,290.2580146174392,289.6878020560151,289.6776286258015
8860,28.0,1.0785913809698626,100.0,297.2239756309645,292.349671086733,290.2492534042159,289.6858809777436,289.6773875392949
8870,28.0,1.0686189063545781,100.0,297.15724278196694,292.3219022678254,290.2405756789051,289.6839799599616,289.67714914032234
8880,28.0,1.0587210840426877,100.0,297.0910093027607,292.2943696561791,290.2319806623413,289.68209879372176,289.6769133986493
8890,28.0,1.0488974091158014,100.0,297.02527181780846,292.267071341668,290.22346758241565,289.68023727224283,289.67668028438453
8900,28.0,1.039147379475486,100.0,296.96002697040217,292.2400054284352,290.21503567401476,289.6783951908877,289.67644976797664
8910,28.0,1.0294704958344227,100.0,296.89527142260425,292.2131700348008,290.20668417896,289.6765723471413,289.6762218202098
8920,28.0,1.0198662617074548,100.0,296.83100185518805,292.1865632931698,290.1984123459477,289.6747685405887,289.67599641219994
8930,28.0,1.01033418340254,100.0,296.767214967578,292.1601833499408,290.19021943048926,289.6729835728933,289.67577351539114
8940,28.0,1.000873770011731,100.0,296.70390747778924,292.13402836541485,290.18210469485234,289.671217247776,289.6755531015517
8950,28.0,0.9914845334019816,100.0,296.6410761223671,292.108096513705,290.174067408002,289.6694693709933,289.67533514277045
8960,28.0,0.9821659882060515,100.0,296.578717656326,292.08238598264586,290.1661068455426,289.6677397503169,289.6751196114531
8970,28.0,0.9729176518132022,100.0,296.51682885308804,292.056894973704,290.15822228966005,289.66602819551275,289.67490648031855
8980,28.0,0.9637390443599287,100.0,296.4554065044213,292.03162170188835,290.15041302906474,289.6643345183204,289.67469572239537
8990,28.0,0.9546296887206238,100.0,296.39444742037773,292.00656439566154,290.1426783589346,289.6626585324329,289.6744873110182
9000,22.0,0.9455891104981816,100.0,296.3339484292306,291.9817212968511,290.13501758085886,289.66100005347647,289.67428121982425
9010,22.0,0.9366168380145495,100.0,296.27390637741183,291.95709066056145,290.1274300027822,289.6593588989908,289.6740774227498
9020,22.0,0.9277124023012476,100.0,296.2143181294488,291.93267075508624,290.1199149389494,289.65773488840904,289.6738758940268
9030,22.0,0.9188753370898439,100.0,296.15518056790114,291.90845986182103,290.1124717098503,289.65612784303863,289.67367660817956
9040,22.0,0.9101051788023454,100.0,296.0964905932967,291.88445627517643,290.10509964216527,289.6545375860417,289.6734795400212
9050,22.0,0.9014014665416311,100.0,296.0382451240679,291.86065830249163,290.09779806871137,289.6529639424162,289.6732846646506
9060,22.0,0.8927637420817234,100.0,295.98044109648714,291.8370642639485,290.0905663283885,289.6514067389767,289.67309195744883
9070,22.0,0.8841915498581614,100.0,295.92307546460256,291.8136724924858,290.0834037661263,289.64986580433583,289.6729013940762
9080,22.0,0.8756844369581785,100.0,295.8661452001729,291.7904813337143,290.07630973283153,289.6483409688858,289.67271295046874
9090,22.0,0.8672419531109824,100.0,295.8096472926028,291.7674891458317,290.0692835853355,289.6468320647799,289.6725266028355
9100,22.0,0.8588636506779153,100.0,295.753578748877,291.74469429953854,290.0623246863423,289.6453389259145,289.6723423276549
9110,22.0,0.8505490846425972,100.0,295.69793659349517,291.72209517795415,290.05543240437754,289.64386138791076,289.6721601016721
9120,22.0,0.842297812601069,100.0,295.6427178684061,291.6996901765333,290.048606113737,289.6423992880973,289.6719799018956
9130,22.0,0.8341093947518345,100.0,295.58791963294146,291.67747770298297,290.0418451944361,289.6409524654922,289.6718017055945
9140,22.0,0.82598339388596,100.0,295.5335389637497,291.65545617717976,290.03514903215995,289.6395207607858,289.6716254902952
9150,22.0,0.8179193753770392,100.0,295.47957295472975,291.6336240310877,290.02851701821317,289.6381040163232,289.67145123377884
9160,22.0,0.8099169071712083,100.0,295.42601871696405,291.61197970867653,290.02194854947066,289.6367020760875,289.6712789140781
9170,22.0,0.8019755597771621,100.0,295.3728733786521,291.59052166584,290.0154430283288,289.6353147856826,289.6711085094743
9180,22.0,0.794094906255981,100.0,295.3201340850433,291.5692483703152,290.00899986265654,289.63394199231675,289.6709399984949
9190,22.0,0.7862745222111471,100.0,295.26779799836976,291.548158301602,290.00261846574756,289.6325835447857,289.6707733599102
9200,22.0,0.7785139857783719,100.0,295.21586229777887,291.52724995088255,289.9962982562723,289.6312392934565,289.67060857273094
9210,22.0,0.7708128776154751,100.0,295.1643241792661,291.50652182094217,289.9900386582307,289.62990909025115,289.6704456162055
9220,22.0,0.7631707808922386,100.0,295.11318085560697,291.4859724260895,289.98383910090496,289.6285927886308,289.67028446981686
9230,22.0,0.7555872812802079,100.0,295.0624295562896,291.46560029207797,289.9776990188134,289.6272902435794,289.67012511328033
9240,22.0,0.7480619669424868,100.0,295.0120675274465,291.44540395602706,289.9716178516637,289.6260013115885,289.6699675265407
9250,22.0,0.7405944285235648,100.0,294.9620920317867,291.4253819663446,289.9655950443076,289.6247258506412,289.6698116897696
9260,22.0,0.733184259139,100.0,294.91250034852743,291.40553288264886,289.959630046695,289.6234637201971,289.66965758336295
9270,22.0,0.7258310543652385,100.0,294.86328977332585,291.38585527569137,289.95372231382925,289.62221478117687,289.6695051879384
9280,22.0,0.7185344122293316,100.0,294.8144576182107,291.3663477272803,289.94787130572223,289.6209788959471,289.6693544843328
9290,22.0,0.7112939331986099,100.0,294.76600121151375,291.34700883020383,289.94207648735005,289.6197559283055,289.66920545359966
9300,22.0,0.7041092201704089,100.0,294.71791789780104,291.3278371881543,289.9363373286093,289.6185457434661,289.6690580770067
9310,22.0,0.6969798784617779,100.0,294.6702050378044,291.3088314156527,289.9306533042731,289.6173482080444,289.66891233603343
9320,22.0,0.6899055157991284,100.0,294.62286000835263,291.2899901379735,289.92502389394826,289.6161631900432,289.66876821236866
9330,22.0,0.6828857423079001,100.0,294.5758802023024,291.27131199106975,289.91944858203215,289.6149905588381,289.66862568790816
9340,22.0,0.6759201705022434,100.0,294.52926302846964,291.252795621499,289.91392685767033,289.6138301851631,289.66848474475233
9350,22.0,0.6690084152746181,100.0,294.48300591156027,291.23443968634916,289.90845821471436,289.612681941097,289.6683453652038
9360,22.0,0.6621500938854752,100.0,294.4371062921013,291.21624285316517,289.90304215168,289.611545700049,289.668207531765
9370,22.0,0.6553448259528466,100.0,294.39156162637164,291.19820379987584,289.89767817170576,289.6104213367455,289.6680712271363
9380,22.0,0.6485922334420196,100.0,294.346369386333,291.18032121472106,289.89236578251183,289.6093087272159,289.6679364342133
9390,22.0,0.6418919406550914,100.0,294.30152705956056,291.16259379617964,289.88710449635937,289.6082077487794,289.66780313608473
9400,22.0,0.6352435742206183,100.0,294.25703214917394,291.1450202528973,289.88189383001,289.60711828003184,289.6676713160304
9410,22.0,0.6286467630832476,100.0,294.2128821737677,291.12759930361545,289.8767333046857,289.60604020083207,289.6675409575189
9420,22.0,0.6221011384932638,100.0,294.1690746673423,291.1103296770998,289.8716224460293,289.60497339228925,289.6674120442054
9430,22.0,0.6156063339962202,100.0,294.1256071792345,291.0932101120698,289.86656078406486,289.6039177367497,289.66728455992956
9440,22.0,0.6091619854225371,100.0,294.08247727404836,291.07623935712854,289.8615478531587,289.60287311778404,289.6671584887136
9450,22.0,0.6027677308771331,100.0,294.0396825315855,291.0594161706926,289.85658319198063,289.6018394201749,289.6670338147599
9460,22.0,0.5964232107289718,100.0,293.9972205467763,291.0427393209228,289.85166634346564,289.60081652990385,289.66691052244926
9470,22.0,0.5901280676006593,100.0,293.95508892960993,291.026207585655,289.8467968547756,289.5998043341394,289.6667885963385
9480,22.0,0.5838819463581274,100.0,293.9132853050656,291.0098197523315,289.8419742772618,289.5988027212245,289.6666680211589
9490,22.0,0.5776844941001457,100.0,293.87180731304284,290.9935746179327,289.83719816642713,289.5978115806645,289.66654878181384
9500,22.0,0.5715353601479791,100.0,293.8306526082925,290.9774709889094,289.8324680818893,289.5968308031149,289.66643086337706
9510,22.0,0.5654341960349683,100.0,293.7898188603472,290.96150768111494,289.82778358734396,289.5958602803698,289.66631425109057
9520,22.0,0.5593806554961703,100.0,293.74930375345235,290.9456835197385,289.823144250528,289.5948999053496,289.66619893036284
9530,22.0,0.5533743944579727,100.0,293.7091049864966,290.9299973392382,289.8185496431836,289.59394957209,289.66608488676684
9540,22.0,0.5474150710277003,100.0,293.669220272943,290.9144479832747,289.8139993410221,289.5930091757298,289.6659721060383
9550,22.0,0.5415023454832976,100.0,293.62964734075973,290.8990343046457,289.80949292368877,289.5920786124998,289.6658605740736
9560,22.0,0.5356358802628677,100.0,293.59038393235085,290.8837551652197,289.8050299747272,289.59115777971147,289.6657502769281
9570,22.0,0.529815339954456,100.0,293.55142780448745,290.86860943587163,289.80061008154445,289.5902465757457,289.66564120081455
9580,22.0,0.524040391285564,100.0,293.5127767282386,290.8535959964175,289.79623283537654,289.5893449000418,289.6655333321008
9590,22.0,0.5183107031129339,100.0,293.4744284889023,290.8387137355503,289.7918978312538,289.5884526530863,289.66542665730833
9600,22.0,0.512625946412129,100.0,293.4363808859368,290.823961550776,289.78760466796683,289.5875697364024,289.66532116311066
9610,22.0,0.5069857942672854,100.0,293.3986317328916,290.80933834834985,289.7833529480329,289.58669605253897,289.66521683633124
9620,22.0,0.5013899218607606,100.0,293.36117885733887,290.7948430432133,289.7791422776624,289.5858315050602,289.66511366394207
9630,22.0,0.495838006462867,100.0,293.32402010080466,290.7804745589309,289.77497226672534,289.58497599853473,289.6650116330618
9640,22.0,0.4903297274215731,100.0,293.2871533187003,290.76623182762813,289.7708425287187,289.5841294385255,289.6649107309542
9650,22.0,0.4848647661522364,100.0,293.250576380254,290.7521137899291,289.7667526807337,289.5832917315794,289.6648109450264
9660,22.0,0.47944280612735496,100.0,293.21428716844247,290.73811939489497,289.7627023434234,289.5824627852168,289.66471226282727
9670,22.0,0.4740635328663359,100.0,293.1782835799223,290.72424759996244,289.7586911409707,289.5816425079219,289.66461467204596
9680,22.0,0.4687266339252119,100.0,293.1425635249621,290.71049737088305,289.75471870105633,289.58083080913246,289.66451816051017
9690,22.0,0.463431798886495,100.0,293.107124927374,290.69686768166224,289.7507846548275,289.5800275992298,289.6644227161845
9700,22.0,0.4581787193489277,100.0,293.0719657244459,290.6833575144995,289.74688863686646,289.57923278952944,289.66432832716913
9710,22.0,0.4529670889173531,100.0,293.0370838668732,290.6699658597282,289.7430302851596,289.5784462922708,289.66423498169803
9720,22.0,0.4477966031924751,100.0,293.0024773186915,290.6566917157563,289.73920924106665,289.5776680206083,289.6641426681376
9730,22.0,0.4426669597607713,100.0,292.9681440572082,290.6435340890072,289.73542514929034,289.57689788860125,289.66405137498504
9740,22.0,0.43757785818431216,100.0,292.9340820729354,290.63049199386086,289.731677657846,289.5761358112048,289.6639610908671
9750,22.0,0.4325289999907085,100.0,292.90028936952217,290.6175644525956,289.7279664180316,289.57538170426056,289.66387180453825
9760,22.0,0.4275200886629392,100.0,292.8667639636873,290.60475049533005,289.7242910843983,289.57463548448754,289.66378350487963
9770,22.0,0.4225508296293242,100.0,292.8335038851519,290.59204915996526,289.72065131472084,289.57389706947276,289.66369618089726
9780,22.0,0.417620930253446,100.0,292.8005071765724,290.5794594921277,289.7170467699682,289.5731663776624,289.66360982172085
9790,22.0,0.41273009982410547,100.0,292.7677718934735,290.566980545112,289.713477114275,289.572443328353,289.66352441660223
9800,22.0,0.4078780495453287,100.0,292.73529610418126,290.5546113798248,289.7099420149126,289.5717278416824,289.6634399549141
9810,22.0,0.40306449252633175,100.0,292.70307788975646,290.54235106472805,289.7064411422607,289.5710198386211,289.6633564261487
9820,22.0,0.3982891437715694,100.0,292.67111534392797,290.53019867578337,289.7029741697792,289.5703192409637,289.66327381991624
9830,22.0,0.39355172017074264,100.0,292.63940657302624,290.5181532963966,289.6995407739803,289.56962597132025,289.6631921259437
9840,22.0,0.38885194048891664,100.0,292.607949695917,290.5062140173623,289.69614063440054,289.56893995310776,289.66311133407345
9850,22.0,0.384189525356544,100.0,292.57674284393516,290.49437993680937,289.69277343357373,289.56826111054187,289.66303143426205
9860,22.0,0.37956419725963425,100.0,292.54578416081876,290.4826501601462,289.68943885700344,289.5675893686286,289.66295241657895
9870,22.0,0.3749756805298545,100.0,292.5150718026431,290.4710238000068,289.6861365931361,289.5669246531561,289.66287427120494
9880,22.0,0.37042370133464714,100.0,292.4846039377549,290.45949997619675,289.6828663333343,289.56626689068645,289.6627969884313
9890,22.0,0.36590798766747523,100.0,292.454378746707,290.4480778156401,289.67962777185016,289.5656160085477,289.6627205586582
9900,22.0,0.3614282693380091,100.0,292.42439442219273,290.4367564523259,289.6764206057992,289.56497193482585,289.6626449723936
9910,22.0,0.35698427796229454,100.0,292.3946491689807,290.42553502725576,289.6732445351341,289.56433459835716,289.6625702202521
9920,22.0,0.3525757469530674,100.0,292.3651412038499,290.4144126883913,289.670099262619,289.5637039287201,289.6624962929537
9930,22.0,0.34820241151001596,100.0,292.3358687555244,290.403388590602,289.6669844938038,289.5630798562278,289.66242318132237
9940,22.0,0.3438640086100605,100.0,292.3068300646092,290.3924618956136,289.663899936999,289.5624623119203,289.66235087628525
9950,22.0,0.33956027699768465,100.0,292.27802338352495,290.38163177195673,289.66084530325014,289.56185122755716,289.6622793688713
9960,22.0,0.33529095717528323,100.0,292.2494469764441,290.3708973949155,289.6578203063133,289.5612465356099,289.66220865020995
9970,22.0,0.3310557913935952,100.0,292.2210991192264,290.3602579464772,289.65482466263,289.5606481692544,289.6621387115304
9980,22.0,0.326854523642001,100.0,292.19297809935483,290.3497126152816,289.65185809130304,289.5600560623641,289.66206954416015
9990,22.0,0.3226868996390579,100.0,292.16508221587185,290.33926059657097,289.64892031407186,289.55947014950203,289.6620011395239
10000,22.0,0.31855266682291583,100.0,292.13740977931565,290.32890109214037,289.6460110552887,289.55889036591435,289.66193348914265
10010,22.0,0.31445157434175147,100.0,292.1099591116565,290.31863331028813,289.6431300418946,289.5583166475227,289.66186658463243
10020,22.0,0.3103833730443966,100.0,292.08272854623357,290.3084564657668,289.64027700339597,289.55774893091757,289.66180041770326
10030,22.0,0.30634781547074685,100.0,292.05571642769166,290.2983697797344,289.63745167184084,289.55718715335104,289.6617349801582
10040,22.0,0.3023446558424666,100.0,292.02892111191835,290.28837247970586,289.6346537817957,289.5566312527301,289.6616702638922
10050,22.0,0.2983736500534576,100.0,292.00234096598115,290.27846379950495,289.6318830703226,289.5560811676097,289.6616062608909
10060,22.0,0.294434555660564,100.0,291.9759743680649,290.2686429792165,289.6291392769562,289.55553683718625,289.66154296323
10070,22.0,0.2905271318742109,100.0,291.9498197074093,290.2589092651389,289.6264221436811,289.55499820129063,289.66148036307385
10080,22.0,0.28665113954909316,100.0,291.9238753842469,290.24926190973684,289.6237314149095,289.5544652003818,289.6614184526747
10090,22.0,0.28280634117483033,100.0,291.89813980974094,290.2397001715944,289.6210668374589,289.55393777554025,289.66135722437156
10100,22.0,0.2789925008668092,100.0,291.87261140592346,290.2302233153686,289.61842816052996,289.5534158684614,289.6612966705893
10110,22.0,0.27520938435686443,100.0,291.84728860563393,290.2208306117432,289.6158151356849,289.5528994214494,289.6612367838377
10120,22.0,0.2714567589841465,100.0,291.8221698524576,290.2115213373827,289.61322751682553,289.5523883774107,289.6611775567103
10130,22.0,0.2677343936859216,100.0,291.7972536006644,290.20229477488647,289.6106650601721,289.5518826798476,289.66111898188376
10140,22.0,0.2640420589884229,100.0,291.77253831514787,290.19315021274383,289.6081275242417,289.5513822728525,289.6610610521166
10150,22.0,0.260379526997761,100.0,291.7480224713644,290.18408694528887,289.60561466982745,289.5508871011013,289.6610037602486
10160,22.0,0.25674657139086887,100.0,291.72370455527243,290.1751042726556,289.6031262599774,289.55039710984755,289.6609470991996
10170,22.0,0.2531429674064043,100.0,291.6995830632724,290.1662015007336,289.6006620599739,289.5499122449164,289.6608910619687
10180,22.0,0.2495684918357881,100.0,291.6756565021463,290.15737794112414,289.59822183731313,289.54943245269874,289.6608356416334
10190,22.0,0.24602292301419196,100.0,291.65192338899755,290.14863291109606,289.59580536168454,289.5489576801452,289.6607808313487
10200,22.0,0.24250604081157687,100.0,291.6283822511916,290.13996573354234,289.59341240495087,289.5484878747602,289.6607266243462
10210,22.0,0.23901762662382567,100.0,291.6050316262961,290.131375736937,289.5910427411281,289.54802298459657,289.6606730139332
10220,22.0,0.23555746336378147,100.0,291.58187006202155,290.122862255292,289.5886961463656,289.54756295824944,289.66061999349193
10230,22.0,0.2321253354524572,100.0,291.5588961161622,290.11442462811465,289.5863723989264,289.54710774485085,289.66056755647867
10240,22.0,0.22872102881015052,100.0,291.53610835653717,290.1060622003655,289.58407127916803,289.546657294064,289.66051569642286
10250,22.0,0.22534433084773015,100.0,291.51350536093156,290.09777432241583,289.58179256952286,289.5462115560778,289.6604644069264
10260,22.0,0.22199503045781055,100.0,291.49108571703823,290.0895603500063,289.57953605447915,289.5457704816015,289.66041368166265
10270,22.0,0.21867291800601266,100.0,291.4688480223992,290.0814196442053,289.5773015205621,289.54533402185905,289.6603635143758
10280,22.0,0.2153777853223687,100.0,291.4467908843477,290.0733515713677,289.57508875631515,289.5449021285839,289.66031389887996
10290,22.0,0.21210942569253177,100.0,291.4249129199505,290.0653555030941,289.57289755228106,289.54447475401355,289.6602648290584
10300,22.0,0.20886763384924906,100.0,291.40321275594994,290.05743081619,289.5707277009838,289.5440518508845,289.66021629886285
10310,22.0,0.2056522059637075,100.0,291.3816890287067,290.0495768926256,289.56857899691005,289.54363337242694,289.66016830231257
10320,22.0,0.20246293963700737,100.0,291.3603403841428,290.04179311949576,289.56645123649116,289.5432192723596,289.6601208334937
10330,22.0,0.19929963389161,100.0,291.33916547768405,290.03407888898005,289.5643442180851,289.5428095048846,289.66007388655845
10340,22.0,0.19616208916282857,100.0,291.31816297420403,290.02643359830336,289.5622577419589,289.5424040246826,289.6600274557244
10350,22.0,0.19305010729040362,100.0,291.29733154796696,290.01885664969666,289.5601916102706,289.54200278690763,289.65998153527374
10360,22.0,0.18996349151005348,100.0,291.27666988257175,290.0113474503579,289.55814562705206,289.5416057471823,289.6599361195526
10370,22.0,0.18690204644508412,100.0,291.2561766708957,290.00390541241353,289.55611959819163,289.5412128615928,289.6598912029702
10380,22.0,0.18386557809800763,100.0,291.23585061503877,289.9965299528799,289.55411333141683,289.5408240866841,289.65984677999825
10390,22.0,0.18085389384224584,100.0,291.215690426268,289.9892204936251,289.5521266362774,289.5404393794553,289.6598028451702
10400,22.0,0.1778668024138085,100.0,291.19569482496195,289.9819764613312,289.5501593241285,289.54005869735465,289.6597593930805
10410,22.0,0.17490411390304814,100.0,291.1758625405555,289.97479728745657,289.5482112081138,289.5396819982751,289.65971641838405
10420,22.0,0.17196563974643198,100.0,291.15619231148514,289.96768240819847,289.54628210314905,289.5393092405495,289.65967391579545
10430,22.0,0.16905119271834793,100.0,291.13668288513395,289.96063126445597,289.5443718259056,289.53894038294624,289.65963188008817
10440,22.0,0.16616058692292768,100.0,291.1173330177773,289.95364330179314,289.5424801947943,289.5385753846644,289.6595903060942
10450,22.0,0.16329363778598918,100.0,291.09814147452846,289.94671797040246,289.54060702994906,289.53821420532944,289.65954918870307
10460,22.0,0.16045016204683407,100.0,291.07910702928467,289.9398547250685,289.53875215321114,289.53785680498885,289.6595085228615
10470,22.0,0.15762997775030954,100.0,291.0602284646731,289.933053025132,289.53691538811313,289.5375031441075,289.6594683035724
10480,22.0,0.1548329042387081,100.0,291.0415045719976,289.92631233445366,289.5350965598634,289.53715318356353,289.65942852589467
10490,22.0,0.1520587621438125,100.0,291.0229341511851,289.9196321213791,289.5332954953304,289.5368068846439,289.6593891849422
10500,22.0,0.1493073733789487,100.0,291.0045160107324,289.91301185870316,289.53151202302723,289.53646420904016,289.6593502758834
10510,22.0,0.14657856113104797,100.0,290.9862489676536,289.9064510236351,289.5297459730966,289.5361251188442,289.6593117939407
10520,22.0,0.14387214985278546,100.0,290.9681318474271,289.8999490977637,289.5279971772955,289.53578957654423,289.6592737343896
10530,22.0,0.14118796525470997,100.0,290.9501634839434,289.8935055670226,289.5262654689801,289.53545754502045,289.6592360925585
10540,22.0,0.13852583429741686,100.0,290.93234271945266,289.8871199216563,289.5245506830911,289.53512898754104,289.65919886382784
10550,22.0,0.1358855851838484,100.0,290.91466840451295,289.8807916561857,289.5228526561388,289.5348038677581,289.6591620436295
10560,22.0,0.13326704735144973,100.0,290.8971393979384,289.87452026937467,289.5211712261887,289.53448214970376,289.65912562744643
10570,22.0,0.13067005146451152,100.0,290.87975456674764,289.86830526419624,289.5195062328468,289.534163797786,289.6590896108118
10580,22.0,0.1280944294064966,100.0,290.8625127861126,289.8621461477993,289.5178575172455,289.5338487767849,289.65905398930863
10590,22.0,0.12554001427236586,100.0,290.8454129393074,289.8560424314756,289.51622492202904,289.5335370518488,289.65901875856923
10600,22.0,0.12300664036100671,100.0,290.8284539176575,289.8499936306268,289.51460829133987,289.53322858849026,289.65898391427453
10610,22.0,0.12049414316765308,100.0,290.81163462048926,289.84399926473185,289.5130074708044,289.5329233525824,289.65894945215354
10620,22.0,0.11800235937633943,100.0,290.79495395507945,289.83805885731476,289.5114223075191,289.53262131035507,289.65891536798296
10630,22.0,0.11553112685238887,100.0,290.778410836605,289.8321719359122,289.5098526500371,289.5323224283913,289.65888165758656
10640,22.0,0.11308028463498658,100.0,290.7620041880935,289.82633803204175,289.50829834835423,289.53202667362336,289.6588483168345
10650,22.0,0.11064967292971915,100.0,290.74573294037305,289.8205566811703,289.5067592538959,289.5317340133293,289.6588153416431
10660,22.0,0.10823913310116494,100.0,290.7295960320232,289.8148274226823,289.5052352195036,289.5314444151292,289.6587827279741
10670,22.0,0.10584850766553586,100.0,290.7135924093256,289.80914979984885,289.50372609942167,289.53115784698184,289.65875047183414
10680,22.0,0.10347764028340406,100.0,290.69772102621494,289.8035233597965,289.5022317492842,289.5308742771808,289.65871856927447
10690,22.0,0.10112637575230962,100.0,290.6819808442304,289.79794765347646,289.50075202610213,289.53059367435145,289.6586870163902
10700,22.0,0.09879455999959816,100.0,290.66637083246707,289.79242223563426,289.4992867882504,289.5303160074469,289.65865580932007
10710,22.0,0.09648204007513073,100.0,290.6508899675276,289.7869466647793,289.49783589545507,289.53004124574517,289.65862494424556
10720,22.0,0.0941886641441215,100.0,290.63553723347417,289.7815205031546,289.49639920878076,289.5297693588454,289.6585944173909
10730,22.0,0.09191428147999262,100.0,290.62031162178084,289.7761433167071,289.49497659061814,289.52950031666455,289.6585642250222
10740,22.0,0.08965874245722034,100.0,290.6052121312857,289.7708146750579,289.49356790467164,289.52923408943434,289.6585343634472
10750,22.0,0.0874218985442667,100.0,290.5902377681438,289.76553415147305,289.49217301594695,289.5289706476977,289.65850482901465
10760,22.0,0.08520360229657058,100.0,290.5753875457798,289.76030132283387,289.490791790739,289.5287099623055,289.65847561811404
10770,22.0,0.0830037073494367,100.0,290.5606604848411,289.75511576960827,289.48942409661987,289.5284520044137,289.6584467271749
10780,22.0,0.08082206841114611,100.0,290.5460556131514,289.74997707582185,289.48806980242665,289.52819674547953,289.6584181526667
10790,22.0,0.07865854125596457,100.0,290.53157196566394,289.7448848290293,289.48672877825,289.52794415725907,289.6583898910979
10800,16.0,0.07651298271721885,100.0,290.5172085844156,289.73983862028604,289.4854008954219,289.5276942118036,289.65836193901595
10810,16.0,0.0743852506804501,100.0,290.50296451848067,289.73483804412,289.4840860265045,289.5274468814567,289.6583342930067
10820,16.0,0.07227520407653287,100.0,290.4888388239253,289.72988269850373,289.48278404527827,289.52720213885124,289.658306949694
10830,16.0,0.07018270287491363,100.0,290.4748305637618,289.7249721848266,289.4814948267306,289.52695995690635,289.65827990573916
10840,16.0,0.06810760807678093,100.0,290.4609388079037,289.72010610786714,289.4802182470448,289.5267203088244,289.65825315784065
10850,16.0,0.06604978170837228,100.0,290.4471626331201,289.7152840757659,289.4789541835883,289.5264831680879,289.6582267027336
10860,16.0,0.06400908681421243,100.0,290.4335011229915,289.7105056999982,289.4777025149022,289.52624850845694,289.65820053718954
10870,16.0,0.061985387450505414,100.0,290.4199533678647,289.7057705953471,289.4764631206898,289.5260163039659,289.65817465801575
10880,16.0,0.05997854867841568,100.0,290.40651846480864,289.7010783798768,289.4752358818058,289.5257865289208,289.65814906205514
10890,16.0,0.057988436557553764,100.0,290.39319551757023,289.69642867490603,289.47402068024564,289.5255591578964,289.6581237461856
10900,16.0,0.056014918139334215,100.0,290.3799836365305,289.6918211049818,289.47281739913456,289.52533416573345,289.6580987073197
10910,16.0,0.054057861460444195,100.0,290.3668819386606,289.687255297853,289.4716259227171,289.5251115275359,289.65807394240437
10920,16.0,0.05211713553638902,100.0,290.3538895474787,289.68273088444477,289.4704461363467,289.524891218668,289.65804944842046
10930,16.0,0.05019261035496925,100.0,290.3410055930065,289.6782474988324,289.469277926475,289.5246732147519,289.6580252223824
10940,16.0,0.048284156869868866,100.0,290.3282292117264,289.67380477821604,289.46812118064173,289.5244574916646,289.65800126133763
10950,16.0,0.046391646994234745,100.0,290.31555954653845,289.66940236289526,289.46697578746443,289.5242440255355,289.6579775623665
10960,16.0,0.04451495359435,100.0,290.302995746718,289.66503989624374,289.4658416366283,289.52403279274375,289.6579541225818
10970,16.0,0.042653950483247625,100.0,290.2905369678733,289.6607170246844,289.46471861887613,289.52382376991557,289.65793093912833
10980,16.0,0.04080851241443497,100.0,290.2781823719033,289.6564333976645,289.4636066259984,289.5236169339217,289.6579080091826
10990,16.0,0.03897851507560119,100.0,290.26593112695576,289.65218866763115,289.46250555082344,289.5234122618749,289.6578853299525
11000,16.0,0.037163835082427,100.0,290.2537824073856,289.6479824900067,289.4614152872075,289.52320973112734,289.65786289867685
11010,16.0,0.03536434997234323,100.0,290.24173539371344,289.6438145231647,289.46033573002524,289.5230093192681,289.65784071262516
11020,16.0,0.033579938198357695,100.0,290.2297892725844,289.63968442840553,289.4592667751601,289.5228110041208,289.6578187690973
11030,16.0,0.03181047912295867,100.0,290.217943236727,289.6355918699329,289.4582083194947,289.522614763741,289.657797065423
11040,16.0,0.03005585301198437,100.0,290.2061964849125,289.63153651482975,289.4571602609016,289.5224205764139,289.6577755989617
11050,16.0,0.02831594102853501,100.0,290.194548221914,289.62751803303496,289.45612249823375,289.5222284206519,289.65775436710203
11060,16.0,0.026590625226961605,100.0,290.18299765846643,289.62353609732,289.45509493131544,289.52203827519224,289.65773336726176
11070,16.0,0.024879788546871853,100.0,290.1715440112264,289.6195903832657,289.45407746093304,289.52185011899456,289.6577125968872
11080,16.0,0.02318331480713596,100.0,290.16018650273196,289.6156805692391,289.45306998882586,289.5216639312387,289.65769205345305
11090,16.0,0.02150108869992664,100.0,290.1489243613632,289.61180633637093,289.45207241767736,289.5214796913223,289.6576717344619
11100,16.0,0.019832995784878446,100.0,290.13775682130256,289.6079673685328,289.45108465110604,289.5212973788587,289.6576516374442
11110,16.0,0.018178922483127736,100.0,290.12668312249576,289.6041633523147,289.4501065936567,289.5211169736744,289.6576317599576
11120,16.0,0.016538756071565786,100.0,290.11570251061266,289.60039397700274,289.4491381507917,289.5209384558071,289.657612099587
11130,16.0,0.014912384676947001,100.0,290.10481423700827,289.59665893455707,289.44817922888234,289.5207618055033,289.657592653944
11140,16.0,0.01329969727014202,100.0,290.09401755868436,289.59295791958976,289.4472297352001,289.52058700321624,289.65757342066667
11150,16.0,0.011700583660399388,100.0,290.08331173825087,289.5892906293431,289.4462895779083,289.5204140296037,289.6575543974193
11160,16.0,0.010114934489641313,100.0,290.07269604388785,289.58565676366806,289.4453586660536,289.5202428655259,289.657535581892
11170,16.0,0.008542641226733849,100.0,290.0621697493074,289.58205602500266,289.44443690955774,289.5200734920433,289.65751697180053
11180,16.0,0.006983596161893502,100.0,290.05173213371575,289.5784881183507,289.44352421920905,289.5199058904145,289.65749856488605
11190,16.0,0.0054376924010256285,100.0,290.0413824817761,289.57495275126075,289.44262050665446,289.5197400420944,289.6574803589146
11200,16.0,0.003904823860182205,100.0,290.0311200835709,289.571449633805,289.4417256843914,289.51957592873174,289.65746235167705
11210,16.0,0.0023848852599428483,100.0,290.0209442345648,289.5679784785586,289.4408396657595,289.51941353216745,289.6574445409887
11220,16.0,0.0008777721199749067,100.0,290.0108542355678,289.5645390005789,289.4399623649329,289.5192528344325,289.65742692468916
11230,16.0,-0.0006166192465343556,100.0,290.00084939269857,289.561130917385,289.4390936969122,289.5190938177459,289.65740950064185
11240,16.0,-0.0020983917383176733,100.0,289.99092901734764,289.55775394893743,289.4382335775167,289.51893646451265,289.65739226673384
11250,16.0,-0.0035676474714250615,100.0,289.98109242614146,289.55440781761786,289.43738192337656,289.518780757322,289.65737522087574
11260,16.0,-0.0050244877846722606,100.0,289.97133894090615,289.5510922482093,289.43653865192516,289.5186266789454,289.6573583610012
11270,16.0,-0.006469013244961274,100.0,289.96166788863155,289.5478069678759,289.43570368139154,289.5184742123345,289.6573416850667
11280,16.0,-0.007901323652652082,100.0,289.95207860143563,289.5445517061436,289.4348769307929,289.51832334061953,289.6573251910514
11290,16.0,-0.009321518046874644,100.0,289.94257041652895,289.54132619488024,289.4340583199268,289.51817404710715,289.65730887695696
11300,16.0,-0.010729694710747138,100.0,289.93314267617944,289.53813016827644,289.4332477693643,289.51802631527886,289.65729274080695
11310,16.0,-0.01212595117670503,100.0,289.92379472767726,289.5349633628261,289.4324452004422,289.5178801287889,289.65727678064695
11320,16.0,-0.013510384231651075,100.0,289.9145259233,289.5318255173074,289.43165053525587,289.51773547146263,289.6572609945441
11330,16.0,-0.014883089922173553,100.0,289.905335620278,289.52871637276394,289.4308636966522,289.51759232729484,289.65724538058697
11340,16.0,-0.016244163559679236,100.0,289.8962231807597,289.5256356724856,289.4300846082222,289.5174506804476,289.65722993688524
11350,16.0,-0.017593699725551918,100.0,289.88718797177785,289.5225831619901,289.42931319429437,289.517310515249,289.6572146615696
11360,16.0,-0.018931792276191572,100.0,289.87822936521485,289.51955858900465,289.4285493799271,289.51717181619097,289.65719955279127
11370,16.0,-0.0202585343481303,100.0,289.8693467377693,289.5165617034471,289.42779309090236,289.5170345679278,289.65718460872205
11380,16.0,-0.02157401836303734,100.0,289.86053947092233,289.5135922574082,289.4270442537183,289.51689875527444,289.6571698275539
11390,16.0,-0.022878336032766813,100.0,289.8518069509038,289.5106500051332,289.4263027955828,289.5167643632048,289.6571552074988
11400,16.0,-0.024171578364260426,100.0,289.84314856865933,289.50773470300385,289.4255686444066,289.51663137685006,289.65714074678857
11410,16.0,-0.025453835664561098,100.0,289.8345637198172,289.5048461095208,289.42484172879665,289.516499781497,289.65712644367443
11420,16.0,-0.026725197545698617,100.0,289.8260518046553,289.50198398528596,289.42412197804936,289.5163695625863,289.65711229642704
11430,16.0,-0.027985752929566843,100.0,289.81761222806875,289.4991480929846,289.42340932214427,289.5162407057113,289.6570983033361
11440,16.0,-0.029235590052809356,100.0,289.8092443995371,289.4963381973684,289.42270369173735,289.51611319661595,289.6570844627104
11450,16.0,-0.030474796471645502,100.0,289.80094773309213,289.49355406523784,289.4220050181547,289.5159870211935,289.65707077287715
11460,16.0,-0.031703459066662276,100.0,289.7927216472859,289.4907954654253,289.4213132333862,289.5158621654848,289.65705723218235
11470,16.0,-0.03292166404756358,100.0,289.78456556515863,289.48806216877796,289.4206282700789,289.51573861567687,289.65704383899003
11480,16.0,-0.03412949695796215,100.0,289.7764789142072,289.4853539481409,289.4199500615312,289.5156163581013,289.6570305916824
11490,16.0,-0.03532704268004352,100.0,289.7684611263534,289.48267057834056,289.41927854168637,289.51549537923273,289.6570174886597
11500,16.0,-0.0365143854393068,100.0,289.7605116379127,289.4800118361679,289.4186136451264,289.5153756656875,289.6570045283395
11510,16.0,-0.03769160880916047,100.0,289.75262988956325,289.47737750036214,289.4179553070661,289.5152572042219,289.65699170915707
11520,16.0,-0.038858795715594856,100.0,289.74481532631467,289.4747673515943,289.41730346334685,289.51513998173095,289.65697902956504
11530,16.0,-0.04001602844179502,100.0,289.73706739747735,289.4721811724512,289.41665805043084,289.5150239852469,289.65696648803294
11540,16.0,-0.04116338863266833,100.0,289.729385556632,289.46961874741896,289.416019005395,289.5149092019376,289.65695408304737
11550,16.0,-0.04230095729940615,100.0,289.7217692615991,289.46707986286754,289.41538626592524,289.5147956191053,289.65694181311153
11560,16.0,-0.04342881482402845,100.0,289.7142179744088,289.4645643070346,289.4147597703105,289.51468322418526,289.65692967674516
11570,16.0,-0.04454704096383466,100.0,289.70673116127085,289.46207187000994,289.4141394574373,289.5145720047442,289.65691767248444
11580,16.0,-0.04565571485590567,100.0,289.6993082925447,289.45960234371984,289.41352526678355,289.5144619484789,289.6569057988816
11590,16.0,-0.04675491502151203,100.0,289.6919488427099,289.4571555219117,289.4129171384135,289.5143530432152,289.65689405450496
11600,16.0,-0.04784471937051365,100.0,289.68465229033666,289.45473120013867,289.4123150129717,289.5142452769061,289.6568824379385
11610,16.0,-0.04892520520577648,100.0,289.6774181180565,289.4523291757444,289.4117188316776,289.5141386376308,289.656870947782
11620,16.0,-0.049996449227495535,100.0,289.67024581253315,289.44994924784805,289.41112853632006,289.5140331135935,289.65685958265055
11630,16.0,-0.051058527537534815,100.0,289.6631348644336,289.4475912173292,289.410544069252,289.5139286931216,289.6568483411746
11640,16.0,-0.05211151564371619,100.0,289.6560847683993,289.44525488681313,289.4099653733849,289.5138253646649,289.6568372219997
11650,16.0,-0.053155488464108204,100.0,289.6490950230178,289.4429400606561,289.4093923921835,289.51372311679404,289.6568262237863
11660,16.0,-0.05419052033124672,100.0,289.6421651307941,289.44064654493053,289.4088250696605,289.5136219381993,289.65681534520974
11670,16.0,-0.05521668499640669,100.0,289.6352945981225,289.4383741474108,289.4082633503714,289.5135218176894,289.65680458495984
11680,16.0,-0.05623405563372899,100.0,289.62848293525866,289.4361226775586,289.40770717940916,289.5134227441903,289.656793941741
11690,16.0,-0.05724270484443253,100.0,289.62172965629156,289.433891946509,289.4071565023993,289.5133247067436,289.65678341427184
11700,16.0,-0.05824270466093253,100.0,289.615034279116,289.4316817670558,289.4066112654945,289.51322769450604,289.65677300128505
11710,16.0,-0.05923412655099298,100.0,289.60839632540484,289.42949195363803,289.40607141537,289.51313169674756,289.65676270152744
11720,16.0,-0.06021704142175963,100.0,289.6018153205819,289.42732232232567,289.40553689921796,289.51303670285057,289.65675251375956
11730,16.0,-0.06119151962386127,100.0,289.5952907937947,289.425172690806,289.4050076647432,289.51294270230864,289.65674243675556
11740,16.0,-0.06215763095544276,100.0,289.58882227788723,289.42304287836987,289.40448366015784,289.5128496847253,289.6567324693033
11750,16.0,-0.06311544466616396,100.0,289.5824093093736,289.420932705898,289.40396483417663,289.512757639813,289.65672261020376
11760,16.0,-0.06406502946123283,100.0,289.57605142841084,289.4188419958477,289.40345113601205,289.51266655739175,289.6567128582713
11770,16.0,-0.06500645350527634,100.0,289.5697481787728,289.4167705722392,289.40294251536966,289.5125764273883,289.6567032123333
11780,16.0,-0.06593978442636513,100.0,289.5634991078236,289.41471826064287,289.4024389224433,289.5124872398348,289.6566936712301
11790,16.0,-0.06686508931987589,100.0,289.5573037664916,289.4126848881655,289.4019403079104,289.51239898486773,289.6566842338147
11800,16.0,-0.06778243475240515,100.0,289.5511617092434,289.4106702834375,289.40144662292744,289.5123116527269,289.65667489895293
11810,16.0,-0.06869188676560611,100.0,289.5450724940579,289.40867427660015,289.40095781912515,289.51222523375424,289.656665665523
11820,16.0,-0.06959351088004269,100.0,289.5390356824007,289.4066966992924,289.4004738486043,289.51213971839286,289.65665653241547
11830,16.0,-0.0704873720989923,100.0,289.5330508391987,289.40473738463834,289.3999946639309,289.5120550971859,289.6566474985331
11840,16.0,-0.07137353491223167,100.0,289.5271175328147,289.40279616723444,289.3995202181319,289.51197136077553,289.6566385627909
11850,16.0,-0.07225206329982256,100.0,289.52123533502214,289.4008728831372,289.3990504646907,289.51188849990183,289.6566297241156
11860,16.0,-0.07312302073582089,100.0,289.51540382098017,289.3989673698505,289.39858535754274,289.5118065054019,289.65662098144594
11870,16.0,-0.07398647019199416,100.0,289.5096225692089,289.39707946631336,289.3981248510713,289.51172536820883,289.65661233373226
11880,16.0,-0.07484247414153913,100.0,289.5038911615645,289.39520901288785,289.39766890010316,289.5116450793505,289.6566037799364
11890,16.0,-0.07569109456272259,100.0,289.49820918321495,289.3933558513466,289.3972174599042,289.5115656299488,289.6565953190318
11900,16.0,-0.07653239294255627,100.0,289.49257622261536,289.3915198248611,289.39677048617534,289.51148701121855,289.65658695000303
11910,16.0,-0.07736643028035246,100.0,289.48699187148395,289.3897007779897,289.3963279350484,289.51140921446665,289.6565786718459
11920,16.0,-0.07819326709138182,100.0,289.4814557247781,289.3878985566655,289.3958897630818,289.5113322310909,289.65657048356735
11930,16.0,-0.07901296341042895,100.0,289.47596738067017,289.38611300818496,289.3954559272566,289.5112560525792,289.6565623841851
11940,16.0,-0.07982557879533941,100.0,289.47052644052405,289.3843439811961,289.3950263849723,289.5111806705086,289.6565543727279
11950,16.0,-0.08063117233053275,100.0,289.46513250887136,289.3825913256868,289.3946010940431,289.51110607654437,289.6565464482349
11960,16.0,-0.08142980263051527,100.0,289.4597851933882,289.3808548929736,289.39418001269354,289.5110322624389,289.65653860975607
11970,16.0,-0.0822215278433589,100.0,289.45448410487165,289.3791345356902,289.3937630995549,289.5109592200311,289.6565308563517
11980,16.0,-0.0830064056541886,100.0,289.44922885721684,289.3774301077761,289.39335031366113,289.5108869412453,289.65652318709255
11990,16.0,-0.08378449328855027,100.0,289.444019067394,289.37574146446553,289.39294161444485,289.51081541809026,289.6565156010594
12000,16.0,-0.08455584751587253,100.0,289.4388543554254,289.37406846227645,289.3925369617338,289.51074464265855,289.65650809734336
12010,16.0,-0.08532052465286029,100.0,289.43373434436296,289.37241095899924,289.3921363157469,289.5106746071255,289.6565006750453
12020,16.0,-0.08607858056681152,100.0,289.4286586602656,289.3707688136861,289.3917396370904,289.5106053037483,289.6564933332762
12030,16.0,-0.08683007067902793,100.0,289.4236269321769,289.36914188664,289.3913468867543,289.51053672486535,289.65648607115673
12040,16.0,-0.08757504996808052,100.0,289.41863879210274,289.3675300394042,289.3909580261087,289.5104688628951,289.6564788878172
12050,16.0,-0.08831357297314356,100.0,289.4136938749895,289.36593313475123,289.3905730168999,289.5104017103355,289.6564717823975
12060,16.0,-0.08904569379726013,100.0,289.4087918187019,289.36435103667276,289.3901918212471,289.510335259763,289.65646475404697
12070,16.0,-0.08977146611059936,100.0,289.4039322640013,289.3627836103687,289.38981440163843,289.5102695038318,289.6564578019244
12080,16.0,-0.09049094315369643,100.0,289.39911485452404,289.36123072223717,289.3894407209278,289.510204435273,289.65645092519765
12090,16.0,-0.09120417774065004,100.0,289.39433923676006,289.35969223986393,289.38907074233106,289.5101400468938,289.65644412304385
12100,16.0,-0.09191122226233688,100.0,289.38960506003133,289.3581680320124,289.3887044294228,289.5100763315768,289.6564373946492
12110,16.0,-0.09261212868959205,100.0,289.3849119764708,289.35665796861326,289.3883417461326,289.5100132822789,289.6564307392087
12120,16.0,-0.09330694857628713,100.0,289.3802596410014,289.3551619207547,289.3879826567418,289.50995089203104,289.65642415592635
12130,16.0,-0.09399573306254468,100.0,289.37564771131485,289.35367976067215,289.3876271258802,289.5098891539369,289.65641764401477
12140,16.0,-0.09467853287779916,100.0,289.3710758478512,289.35221136173857,289.3872751185223,289.5098280611725,289.6564112026953
12150,16.0,-0.09535539834390079,100.0,289.36654371377807,289.35075659845467,289.3869265999845,289.50976760698524,289.6564048311979
12160,16.0,-0.09602637937815076,100.0,289.3620509749699,289.349315346439,289.38658153592144,289.5097077846932,289.65639852876086
12170,16.0,-0.09669152549639648,100.0,289.357597299988,289.34788748241857,289.3862398923228,289.5096485876845,289.6563922946309
12180,16.0,-0.09735088581599882,100.0,289.35318236006003,289.346472884219,289.38590163551027,289.5095900094165,289.65638612806305
12190,16.0,-0.098004509058876,100.0,289.34880582906,289.34507143075524,289.38556673213407,289.509532043415,289.6563800283204
12200,16.0,-0.09865244355448795,100.0,289.3444673834883,289.3436830020221,289.38523514917,289.50947468327354,289.6563739946743
12210,16.0,-0.09929473724275227,100.0,289.34016670245194,289.34230747908487,289.38490685391616,289.50941792265286,289.6563680264039
12220,16.0,-0.09993143767704565,100.0,289.33590346764475,289.34094474407016,289.38458181398994,289.50936175528,289.65636212279645
12230,16.0,-0.10056259202710294,100.0,289.33167736332797,289.3395946801566,289.3842599973249,289.5093061749477,289.6563562831469
12240,16.0,-0.10118824708189038,100.0,289.3274880763107,289.3382571715659,289.38394137216767,289.5092511755137,289.6563505067581
12250,16.0,-0.10180844925254746,100.0,289.32333529593075,289.33693210355364,289.38362590707504,289.50919675090006,289.65634479294033
12260,16.0,-0.10242324457520909,100.0,289.3192187140353,289.3356193624005,289.3833135709108,289.5091428950924,289.6563391410116
12270,16.0,-0.10303267871384492,100.0,289.315138024962,289.3343188354032,289.383004332843,289.50908960213945,289.6563335502973
12280,16.0,-0.10363679696313283,100.0,289.31109292552003,289.3330304108659,289.3826981623407,289.50903686615214,289.65632802013033
12290,16.0,-0.10423564425119593,100.0,289.30708311497153,289.3317539780912,289.38239502917156,289.5089846813031,289.65632254985087
12300,16.0,-0.10482926514242479,100.0,289.3031082950126,289.3304894273719,289.38209490339835,289.508933041826,289.65631713880634
12310,16.0,-0.10541770384026564,100.0,289.2991681697551,289.32923664998185,289.38179775537657,289.50888194201485,289.6563117863513
12320,16.0,-0.10600100418991473,100.0,289.2952624457081,289.3279955381679,289.38150355575135,289.5088313762234,289.6563064918474
12330,16.0,-0.10657920968109806,100.0,289.2913908317597,289.3267659851413,289.3812122754548,289.5087813388645,289.6563012546632
12340,16.0,-0.10715236345074004,100.0,289.287553039159,289.3255478850693,289.3809238857032,289.50873182440955,289.65629607417446
12350,16.0,-0.1077205082857006,100.0,289.28374878149776,289.3243411330668,289.38063835799426,289.5086828273879,289.6562909497635
12360,16.0,-0.1082836866253757,100.0,289.27997777469295,289.32314562518826,289.38035566410434,289.50863434238596,289.6562858808195
12370,16.0,-0.108841940564443,100.0,289.2762397369687,289.32196125841944,289.3800757760858,289.50858636404706,289.6562808667384
12380,16.0,-0.10939531185542818,100.0,289.2725343888387,289.32078793066927,289.37979866626426,289.5085388870704,289.65627590692276
12390,16.0,-0.10994384191133123,100.0,289.26886145308896,289.31962554076193,289.3795243072362,289.5084919062109,289.65627100078154
12400,16.0,-0.11048757180827806,100.0,289.26522065475996,289.31847398842876,289.379252671866,289.5084454162782,289.6562661477304
12410,16.0,-0.11102654228801896,100.0,289.2616117211297,289.3173331743005,289.3789837332837,289.5083994121365,289.6562613471912
12420,16.0,-0.11156079376057164,100.0,289.2580343816967,289.3162029998992,289.37871746488196,289.5083538887035,289.6562565985924
12430,16.0,-0.11209036630669401,100.0,289.2544883681624,289.3150833676308,289.3784538403141,289.5083088409503,289.6562519013684
12440,16.0,-0.1126152996804933,100.0,289.25097341441494,289.31397418077717,289.378192833491,289.5082642639006,289.65624725496
12450,16.0,-0.113135633311839,100.0,289.24748925651187,289.31287534348866,289.3779344185792,289.5082201526303,289.65624265881416
12460,16.0,-0.11365140630894643,100.0,289.2440356326636,289.3117867607763,289.37767856999784,289.5081765022667,289.65623811238373
12470,16.0,-0.1141626574607983,100.0,289.24061228321705,289.31070833850447,289.37742526241664,289.5081333079881,289.6562336151277
12480,16.0,-0.11466942523961735,100.0,289.2372189506389,289.3096399833835,289.37717447075323,289.50809056502345,289.6562291665109
12490,16.0,-0.11517174780327935,100.0,289.2338553794996,289.308581602962,289.3769261701709,289.5080482686516,289.65622476600413
12500,16.0,-0.1156696629978029,100.0,289.2305213164567,289.30753310561994,289.37668033607616,289.5080064142007,289.6562204130839
12510,16.0,-0.11616320835969418,100.0,289.22721651023926,289.30649440056095,289.37643694411634,289.50796499704796,289.6562161072324
12520,16.0,-0.11665242111835142,100.0,289.2239407116315,289.3054653978055,289.37619597017726,289.50792401261896,289.65621184793764
12530,16.0,-0.11713733819846084,100.0,289.2206936734571,289.30444600818356,289.37595739038113,289.5078834563871,289.65620763469315
12540,16.0,-0.11761799622229886,100.0,289.2174751505635,289.30343614332753,289.3757211810839,289.50784332387326,289.656203466998
12550,16.0,-0.11809443151212803,100.0,289.21428489980593,289.30243571566524,289.3754873188733,289.50780361064517,289.6561993443568
12560,16.0,-0.11856668009249915,100.0,289.21112268003236,289.3014446384131,289.37525578056636,289.50776431231697,289.65619526627955
12570,16.0,-0.11903477769254493,100.0,289.20798825206765,289.30046282556896,289.3750265432074,289.50772542454877,289.65619123228157
12580,16.0,-0.11949875974828217,100.0,289.2048813786984,289.29949019190553,289.3747995840657,289.507686943046,289.6561872418835
12590,16.0,-0.11995866140487976,100.0,289.2018018246578,289.29852665296335,289.3745748806334,289.50764886355915,289.6561832946113
12600,10.0,-0.12041451751891828,100.0,289.19874935661045,289.29757212504427,289.37435241062315,289.50761118188314,289.6561793899961
12610,10.0,-0.12086636266063239,100.0,289.1957237431373,289.29662652520466,289.3741321519662,289.50757389385694,289.65617552757413
12620,10.0,-0.12131423111612775,100.0,289.1927247547209,289.29568977124876,289.37391408281013,289.5075369953631,289.65617170688665
12630,10.0,-0.12175815688961507,100.0,289.18975216373065,289.29476178172223,289.3736981815169,289.5075004823273,289.65616792748
12640,10.0,-0.12219817370555858,100.0,289.1868057444078,289.2938424759056,289.3734844266605,289.50746435071784,289.6561641889055
12650,10.0,-0.12263431501090168,100.0,289.1838852728514,289.2929317738077,289.37327279702527,289.5074285965452,289.65616049071934
12660,10.0,-0.1230666139771813,100.0,289.1809905270033,289.2920295961595,289.3730632716035,289.5073932158616,289.6561568324826
12670,10.0,-0.123495103502745,100.0,289.1781212866342,289.29113586440764,289.3728558295936,289.50735820476075,289.6561532137612
12680,10.0,-0.12391981621479714,100.0,289.1752773333292,289.290250500708,289.37265045039817,289.5073235593771,289.6561496341256
12690,10.0,-0.12434078447157332,100.0,289.1724584504735,289.2893734279197,289.3724471136217,289.50728927588557,289.65614609315116
12700,10.0,-0.12475804036442072,100.0,289.1696644232388,289.28850456959884,289.37224579906905,289.5072553505012,289.6561425904179
12710,10.0,-0.12517161571988708,100.0,289.1668950385689,289.2876438499923,289.37204648674305,289.5072217794787,289.6561391255103
12720,10.0,-0.12558154210179281,100.0,289.16415008516594,289.28679119403176,289.3718491568429,289.5071885591118,289.65613569801747
12730,10.0,-0.12598785081330277,100.0,289.16142935347676,289.2859465273276,289.37165378976226,289.5071556857332,289.65613230753297
12740,10.0,-0.1263905728989215,100.0,289.1587326356792,289.2851097761629,289.3714603660871,289.50712315571394,289.65612895365484
12750,10.0,-0.12678973914656524,100.0,289.1560597256685,289.2842808674877,289.37126886659405,289.5070909654631,289.6561256359855
12760,10.0,-0.12718538008955704,100.0,289.15341041904395,289.28345972891293,289.3710792722485,289.50705911142717,289.65612235413175
12770,10.0,-0.12757752600862204,100.0,289.1507845130953,289.28264628870454,289.37089156420274,289.5070275900901,289.6561191077046
12780,10.0,-0.1279662069338656,100.0,289.14818180678975,289.281840475778,289.3707057237941,289.50699639797244,289.6561158963194
12790,10.0,-0.1283514526467684,100.0,289.14560210075865,289.28104221969227,289.37052173254335,289.5069655316313,289.6561127195957
12800,10.0,-0.1287332926820966,100.0,289.14304519728444,289.2802514506443,289.3703395721526,289.5069349876597,289.65610957715705
12810,10.0,-0.12911175632987124,100.0,289.14051090028767,289.27946809946343,289.3701592245038,289.5069047626865,289.6561064686313
12820,10.0,-0.12948687263729539,100.0,289.1379990153141,289.27869209760564,289.36998067165695,289.5068748533756,289.65610339365037
12830,10.0,-0.12985867041066398,100.0,289.13550934952195,289.27792337714817,289.3698038958482,289.5068452564261,289.65610035185006
12840,10.0,-0.13022717821725677,100.0,289.13304171166914,289.2771618707839,289.3696288794883,289.5068159685715,289.6560973428703
12850,10.0,-0.13059242438719706,100.0,289.1305959121008,289.2764075118161,289.36945560516085,289.5067869865795,289.6560943663548
12860,10.0,-0.13095443701538728,100.0,289.12817176273654,289.27566023415284,289.3692840556206,289.5067583072517,289.6560914219513
12870,10.0,-0.13131324396329092,100.0,289.1257690770583,289.27491997230175,289.3691142137918,289.50672992742307,289.6560885093113
12880,10.0,-0.13166887286082557,100.0,289.1233876700978,289.2741866613647,289.36894606276667,289.5067018439618,289.6560856280901
12890,10.0,-0.13202135110817892,100.0,289.1210273584245,289.2734602370325,289.3687795858035,289.50667405376885,289.6560827779469
12900,10.0,-0.13237070587762503,100.0,289.1186879601331,289.2727406355798,289.3686147663252,289.5066465537776,289.6560799585444
12910,10.0,-0.13271696411532333,100.0,289.1163692948319,289.27202779385976,289.3684515879178,289.5066193409536,289.6560771695492
12920,10.0,-0.1330601525431092,100.0,289.1140711836305,289.2713216492991,289.36829003432854,289.506592412294,289.6560744106314
12930,10.0,-0.1334002976602761,100.0,289.1117934491281,289.2706221398929,289.3681300894646,289.5065657648276,289.65607168146477
12940,10.0,-0.1337374257453405,100.0,289.1095359154016,289.26992920419957,289.36797173739154,289.5065393956141,289.6560689817266
12950,10.0,-0.13407156285776411,100.0,289.10729840799394,289.26924278133595,289.36781496233147,289.50651330174406,289.65606631109773
12960,10.0,-0.13440273483976173,100.0,289.1050807539025,289.2685628109722,289.3676597486618,289.5064874803386,289.65606366926244
12970,10.0,-0.1347309673179211,100.0,289.1028827815674,289.2678892333271,289.3675060809137,289.5064619285488,289.6560610559085
12980,10.0,-0.13505628570501926,100.0,289.1007043208603,289.267221989163,289.3673539437704,289.5064366435556,289.6560584707271
12990,10.0,-0.1353787152016679,100.0,289.0985452030727,289.2665610197811,289.36720332206596,289.50641162256954,289.65605591341273
13000,10.0,-0.1356982807979932,100.0,289.09640526090504,289.2659062670166,289.3670542007836,289.5063868628303,289.65605338366333
13010,10.0,-0.13601500727532426,100.0,289.0942843284551,289.2652576732341,289.3669065650544,289.5063623616064,289.65605088118
13020,10.0,-0.13632891920789802,100.0,289.0921822412072,289.26461518132265,289.3667604001558,289.5063381161951,289.6560484056672
13030,10.0,-0.13664004096440296,100.0,289.0900988360209,289.2639787346914,289.36661569151,289.5063141239217,289.65604595683254
13040,10.0,-0.13694839670974374,100.0,289.08803395112034,289.26334827726475,289.36647242468285,289.50629038213975,289.6560435343869
13050,10.0,-0.13725401040655924,100.0,289.0859874260831,289.26272375347776,289.3663305853823,289.5062668882304,289.6560411380443
13060,10.0,-0.13755690581692762,100.0,289.0839591018294,289.2621051082717,289.366190159457,289.5062436396022,289.6560387675218
13070,10.0,-0.13785710650386704,100.0,289.0819488206116,289.2614922870897,289.36605113289494,289.50622063369076,289.6560364225396
13080,10.0,-0.13815463583304108,100.0,289.07995642600343,289.2608852358719,289.3659134918221,289.50619786795863,289.65603410282097
13090,10.0,-0.13844951697420813,100.0,289.0779817628894,289.2602839010514,289.3657772225011,289.5061753398949,289.6560318080921
13100,10.0,-0.13874177290292664,100.0,289.0760246774544,289.2596882295496,289.36564231132985,289.506153047015,289.65602953808235
13110,10.0,-0.13903142640197072,100.0,289.0740850171733,289.25909816877214,289.36550874484027,289.50613098686017,289.65602729252385
13120,10.0,-0.13931850006298419,100.0,289.07216263080045,289.2585136666042,289.36537650969694,289.5061091569975,289.65602507115176
13130,10.0,-0.13960301628794697,100.0,289.07025736835976,289.2579346714066,289.3652455926959,289.5060875550197,289.65602287370405
13140,10.0,-0.13988499729073567,100.0,289.0683690811342,289.25736113201134,289.3651159807631,289.50606617854436,289.6560206999216
13150,10.0,-0.14016446509858158,100.0,289.06649762165597,289.2567929977175,289.36498766095355,289.50604502521423,289.65601854954815
13160,10.0,-0.14044144155363086,100.0,289.0646428436962,289.2562302182871,289.36486062044963,289.50602409269663,289.65601642233014
13170,10.0,-0.1407159483143687,100.0,289.06280460225537,289.25567274394075,289.3647348465601,289.5060033786834,289.6560143180168
13180,10.0,-0.1409880068571283,100.0,289.0609827535531,289.25512052535385,289.36461032671895,289.5059828808904,289.6560122363601
13190,10.0,-0.1412576384775491,100.0,289.0591771550186,289.25457351365236,289.3644870484838,289.5059625970574,289.6560101771147
13200,10.0,-0.1415248642920517,100.0,289.0573876652807,289.25403166040877,289.3643649995351,289.505942524948,289.656008140038
13210,10.0,-0.14178970523923623,100.0,289.05561414415854,289.25349491763825,289.3642441676747,289.50592266234906,289.65600612489004
13220,10.0,-0.1420521820813235,100.0,289.05385645265164,289.25296323779463,289.3641245408247,289.50590300707063,289.65600413143335
13230,10.0,-0.1423123154056043,100.0,289.0521144529307,289.2524365737663,289.36400610702634,289.5058835569456,289.6560021594331
13240,10.0,-0.14257012562581226,100.0,289.05038800832796,289.2519148788727,289.3638888544387,289.5058643098297,289.65600020865713
13250,10.0,-0.14282563298356477,100.0,289.0486769833279,289.25139810686005,289.3637727713377,289.505845263601,289.6559982788757
13260,10.0,-0.1430788575497104,100.0,289.0469812435579,289.25088621189786,289.363657846115,289.5058264161597,289.65599636986155
13270,10.0,-0.14332981922572685,100.0,289.0453006557793,289.250379148575,289.36354406727656,289.50580776542824,289.65599448139
13280,10.0,-0.14357853774506849,100.0,289.04363508787776,289.24987687189594,289.3634314234418,289.5057893093505,289.6559926132387
13290,10.0,-0.1438250326745731,100.0,289.04198440885466,289.24937933727705,289.3633199033425,289.50577104589206,289.6559907651878
13300,10.0,-0.1440693234157493,100.0,289.0403484888177,289.248886500543,289.3632094958214,289.50575297303965,289.65598893701986
13310,10.0,-0.14431142920615797,100.0,289.03872719897225,289.248398317923,289.36310018983164,289.5057350888012,289.65598712851966
13320,10.0,-0.1445513691206827,100.0,289.03712041161236,289.24791474604706,289.36299197443515,289.50571739120545,289.6559853394745
13330,10.0,-0.14478916207291945,100.0,289.0355280001119,289.2474357419428,289.3628848388018,289.5056998783017,289.65598356967394
13340,10.0,-0.14502482681643017,100.0,289.0339498389159,289.24696126303144,289.3627787722084,289.50568254815977,289.65598181890977
13350,10.0,-0.14525838194606422,100.0,289.0323858035317,289.2464912671245,289.36267376403765,289.5056653988696,289.6559800869761
13360,10.0,-0.14548984589922898,100.0,289.03083577052075,289.24602571242025,289.362569803777,289.5056484285411,289.6559783736693
13370,10.0,-0.14571923695717715,100.0,289.0292996174895,289.24556455750036,289.3624668810176,289.5056316353041,289.6559766787879
13380,10.0,-0.14594657324625188,100.0,289.0277772230815,289.2451077613262,289.3623649854535,289.5056150173078,289.65597500213266
13390,10.0,-0.14617187273919113,100.0,289.0262684669685,289.2446552832357,289.36226410688045,289.5055985727208,289.6559733435065
13400,10.0,-0.14639515325632999,100.0,289.0247732298423,289.24420708293985,289.36216423519494,289.5055822997311,289.65597170271445
13410,10.0,-0.14661643246686254,100.0,289.0232913934066,289.2437631205193,289.3620653603932,289.5055661965454,289.6559700795637
13420,10.0,-0.14683572789006122,100.0,289.02182284036854,289.2433233564211,289.36196747257037,289.50555026138915,289.65596847386354
13430,10.0,-0.14705305689649606,100.0,289.02036745443064,289.2428877514555,289.3618705619193,289.50553449250657,289.6559668854253
13440,10.0,-0.14726843670925405,100.0,289.01892512028274,289.2424562667925,289.3617746187298,289.50551888816017,289.6559653140624
13450,10.0,-0.1474818844051157,100.0,289.0174957235939,289.24202886395875,289.36167963338744,289.50550344663054,289.65596375959035
13460,10.0,-0.14769341691579144,100.0,289.01607915100453,289.2416055048343,289.36158559637295,289.50548816621637,289.6559622218265
13470,10.0,-0.14790305102905565,100.0,289.01467529011825,289.2411861516494,289.36149249826104,289.5054730452341,289.65596070059024
13480,10.0,-0.1481108033899659,100.0,289.0132840294943,289.2407707669814,289.3614003297195,289.5054580820178,289.655959195703
13490,10.0,-0.14831669050196297,100.0,289.01190525863956,289.2403593137517,289.3613090815084,289.505443274919,289.6559577069882
13500,10.0,-0.1485207287281071,100.0,289.01053886800094,289.2399517552224,289.3612187444791,289.5054286223064,289.655956234271
13510,10.0,-0.14872293429216085,100.0,289.00918474895764,289.2395480549935,289.36112930957336,289.5054141225658,289.65595477737855
13520,10.0,-0.14892332327975738,100.0,289.00784279381355,289.23914817699966,289.36104076782243,289.50539977409994,289.6559533361399
13530,10.0,-0.1491219116395257,100.0,289.0065128957897,289.2387520855074,289.36095311034626,289.5053855753282,289.6559519103859
13540,10.0,-0.14931871518418233,100.0,289.0051949490167,289.23835974511184,289.36086632835253,289.5053715246866,289.6559504999493
13550,10.0,-0.14951374959171632,100.0,289.0038888485275,289.237971120734,289.36078041313596,289.50535762062736,289.65594910466467
13560,10.0,-0.14970703040638683,100.0,289.0025944902497,289.23758617761774,289.36069535607714,289.50534386161905,289.65594772436833
13570,10.0,-0.149898573039917,100.0,289.0013117709985,289.2372048813268,289.3606111486421,289.5053302461462,289.6559463588984
13580,10.0,-0.15008839277251695,100.0,289.0000405884693,289.23682719774206,289.360527782381,289.5053167727091,289.65594500809476
13590,10.0,-0.15027650475400944,100.0,288.9987808412304,289.2364530930585,289.36044524892776,289.5053034398239,289.65594367179904
13600,10.0,-0.1504629240048189,100.0,288.99753242871617,289.2360825337825,289.360363539999,289.5052902460221,289.6559423498545
13610,10.0,-0.15064766541714789,100.0,288.9962952512195,289.2357154867291,289.3602826473932,289.5052771898508,289.6559410421063
13620,10.0,-0.15083074375591538,100.0,288.9950692098852,289.23535191901885,289.36020256299,289.50526426987204,289.65593974840107
13630,10.0,-0.15101217365989894,100.0,288.99385420670257,289.23499179807555,289.36012327874937,289.505251484663,289.65593846858724
13640,10.0,-0.15119196964268156,100.0,288.99265014449884,289.23463509162315,289.3600447867108,289.50523883281585,289.65593720251485
13650,10.0,-0.15137014609376817,100.0,288.9914569269321,289.2342817676832,289.3599670789925,289.50522631293734,289.65593595003554
13660,10.0,-0.15154671727952404,100.0,288.9902744584844,289.2339317945722,289.35989014779074,289.50521392364885,289.6559347110026
13670,10.0,-0.1517216973442743,100.0,288.9891026444552,289.2335851408986,289.35981398537893,289.50520166358615,289.6559334852709
13680,10.0,-0.1518951003112079,100.0,288.98794139095446,289.23324177556066,289.359738584107,289.50518953139937,289.6559322726969
13690,10.0,-0.1520669400834606,100.0,288.98679060489604,289.2329016677435,289.35966393640047,289.5051775257527,289.6559310731385
13700,10.0,-0.15223723044506982,100.0,288.9856501939911,289.23256478691656,289.35959003475995,289.5051656453242,289.65592988645534
13710,10.0,-0.15240598506193806,100.0,288.98452006674137,289.2322311028311,289.3595168717602,289.505153888806,289.65592871250846
13720,10.0,-0.15257321748283914,100.0,288.98340013243285,289.2319005855177,289.3594444400496,289.50514225490366,289.65592755116046
13730,10.0,-0.1527389411403817,100.0,288.9822903011293,289.2315732052834,289.3593727323491,289.50513074233646,289.6559264022754
13740,10.0,-0.15290316935193002,100.0,288.98119048366567,289.2312489327096,289.35930174145176,289.505119349837,289.65592526571874
13750,10.0,-0.15306591532062724,100.0,288.9801005916419,289.2309277386494,289.35923146022213,289.50510807615115,289.65592414135756
13760,10.0,-0.1532271921362394,100.0,288.9790205374165,289.2306095942252,289.35916188159536,289.5050969200379,289.65592302906026
13770,10.0,-0.15338701277618724,100.0,288.9779502341004,289.2302944708261,289.35909299857644,289.5050858802692,289.6559219286968
13780,10.0,-0.15354539010641588,100.0,288.9768895955505,289.2299823401057,289.3590248042397,289.50507495562977,289.6559208401384
13790,10.0,-0.15370233688236679,100.0,288.9758385363639,289.22967317397956,289.3589572917281,289.50506414491724,289.6559197632577
13800,10.0,-0.15385786574981353,100.0,288.9747969718713,289.2293669446228,289.35889045425233,289.50505344694164,289.6559186979288
13810,10.0,-0.15401198924584206,100.0,288.97376481813126,289.229063624468,289.3588242850906,289.5050428605256,289.65591764402717
13820,10.0,-0.15416471979972926,100.0,288.9727419919242,289.2287631862024,289.35875877758747,289.50503238450386,289.6559166014295
13830,10.0,-0.15431606973384646,100.0,288.97172841074604,289.2284656027661,289.35869392515355,289.5050220177235,289.655915570014
13840,10.0,-0.1544660512644782,100.0,288.97072399280273,289.2281708473495,289.3586297212647,289.5050117590436,289.65591454966
13850,10.0,-0.15461467650281976,100.0,288.96972865700417,289.22787889339094,289.3585661594614,289.50500160733526,289.6559135402483
13860,10.0,-0.15476195745574445,100.0,288.96874232295824,289.2275897145747,289.35850323334813,289.50499156148123,289.65591254166094
13870,10.0,-0.1549079060267246,100.0,288.9677649109652,289.22730328482857,289.35844093659273,289.50498162037604,289.6559115537812
13880,10.0,-0.15505253401667574,100.0,288.96679634201183,289.2270195783217,289.35837926292584,289.5049717829258,289.65591057649374
13890,10.0,-0.15519585312479192,100.0,288.9658365377659,289.22673856946244,289.35831820614015,289.504962048048,289.65590960968433
13900,10.0,-0.15533787494941576,100.0,288.9648854205703,289.22646023289616,289.35825776008994,289.50495241467155,289.65590865324003
13910,10.0,-0.15547861098888235,100.0,288.9639429134375,289.22618454350305,289.35819791869034,289.50494288173644,289.65590770704915
13920,10.0,-0.15561807264232075,100.0,288.96300894004406,289.22591147639605,289.35813867591685,289.5049334481938,289.65590677100124
13930,10.0,-0.1557562712104982,100.0,288.962083424725,289.2256410069186,289.3580800258046,289.50492411300576,289.65590584498693
13940,10.0,-0.15589321789663016,100.0,288.96116629246836,289.2253731106427,289.358021962448,289.5049148751452,289.65590492889817
13950,10.0,-0.15602892380721584,100.0,288.96025746890984,289.22510776336685,289.35796447999985,289.5049057335958,289.65590402262796
13960,10.0,-0.15616339995279702,100.0,288.9593568803273,289.22484494111376,289.357907572671,289.504896687352,289.65590312607054
13970,10.0,-0.15629665724881078,100.0,288.95846445363543,289.22458462012855,289.3578512347297,289.50488773541855,289.6559022391213
13980,10.0,-0.15642870651633986,100.0,288.9575801163805,289.22432677687664,289.35779546050105,289.50487887681066,289.6559013616767
13990,10.0,-0.1565595584829566,100.0,288.9567037967349,289.2240713880417,289.35774024436637,289.5048701105539,289.65590049363436
14000,10.0,-0.15668922378340538,100.0,288.9558354234924,289.22381843052375,289.35768558076273,289.504861435684,289.65589963489305
14010,10.0,-0.15681771296048053,100.0,288.9549749260622,289.2235678814371,289.35763146418236,289.50485285124677,289.6558987853525
14020,10.0,-0.15694503646574276,100.0,288.95412223446465,289.2233197181084,289.35757788917215,289.504844356298,289.6558979449137
14030,10.0,-0.1570712046602694,100.0,288.95327727932545,289.2230739180749,289.3575248503331,289.50483594990334,289.6558971134786
14040,10.0,-0.15719622781546433,100.0,288.9524399918709,289.22283045908216,289.3574723423197,289.5048276311382,289.6558962909503
14050,10.0,-0.15732011611374047,100.0,288.9516103039229,289.22258931908254,289.35742035983947,289.5048193990877,289.65589547723283
14060,10.0,-0.15744287964931233,100.0,288.9507881478939,289.2223504762331,289.3573688976525,289.5048112528465,289.65589467223134
14070,10.0,-0.1575645284289294,100.0,288.9499734567819,289.2221139088937,289.35731795057086,289.5048031915187,289.655893875852
14080,10.0,-0.157685072372567,100.0,288.9491661641657,289.22187959562524,289.35726751345805,289.50479521421784,289.65589308800196
14090,10.0,-0.15780452131421896,100.0,288.9483662042,289.22164751518795,289.35721758122855,289.5047873200666,289.65589230858944
14100,10.0,-0.1579228850025544,100.0,288.9475735116104,289.2214176465393,289.35716814884734,289.50477950819703,289.6558915375236
14110,10.0,-0.15804017310167637,100.0,288.94678802168886,289.2211899688323,289.3571192113293,289.5047717777501,289.6558907747146
14120,10.0,-0.15815639519181274,100.0,288.9460096702888,289.2209644614138,289.3570707637388,289.5047641278757,289.6558900200735
14130,10.0,-0.1582715607700237,100.0,288.9452383938204,289.2207411038227,289.3570228011894,289.50475655773283,289.6558892735125
14140,10.0,-0.1583856792508925,100.0,288.944474129246,289.22051987578817,289.3569753188428,289.50474906648907,289.6558885349446
14150,10.0,-0.15849875996725016,100.0,288.9437168140754,289.2203007572278,289.35692831190903,289.5047416533209,289.6558878042838
14160,10.0,-0.15861081217078093,100.0,288.9429663863613,289.220083728246,289.35688177564555,289.5047343174132,289.655887081445
14170,10.0,-0.1587218450328237,100.0,288.9422227846949,289.21986876913235,289.3568357053569,289.5047270579595,289.65588636634396
14180,10.0,-0.1588318676449262,100.0,288.94148594820086,289.2196558603598,289.3567900963943,289.5047198741617,289.65588565889755
14190,10.0,-0.1589408890195955,100.0,288.9407558165335,289.219444982583,289.3567449441551,289.5047127652302,289.65588495902335
14200,10.0,-0.15904891809096283,100.0,288.9400323298718,289.21923611663664,289.3567002440823,289.5047057303834,289.65588426663993
14210,10.0,-0.15915596371538074,100.0,288.93931542891534,289.2190292435339,289.3566559916641,289.5046987688481,289.65588358166667
14220,10.0,-0.15926203467213895,100.0,288.9386050548796,289.2188243444647,289.3566121824338,289.50469187985897,289.6558829040239
14230,10.0,-0.1593671396640616,100.0,288.93790114949195,289.21862140079406,289.35656881196877,289.5046850626589,289.6558822336327
14240,10.0,-0.1594712873182317,100.0,288.9372036549872,289.21842039406073,289.3565258758904,289.50467831649854,289.6558815704152
14250,10.0,-0.15957448618652847,100.0,288.9365125141031,289.21822130597525,289.3564833698635,289.50467164063645,289.6558809142942
14260,10.0,-0.1596767447463435,100.0,288.9358276700765,289.21802411841867,289.35644128959615,289.50466503433887,289.65588026519333
14270,10.0,-0.15977807140115202,100.0,288.9351490666389,289.21782881344086,289.35639963083884,289.50465849687976,289.65587962303715
14280,10.0,-0.15987847448117803,100.0,288.9344766480124,289.21763537325893,289.3563583893844,289.5046520275407,289.65587898775095
14290,10.0,-0.15997796224398256,100.0,288.9338103589053,289.21744378025573,289.35631756106744,289.50464562561075,289.6558783592609
14300,10.0,-0.16007654287509468,100.0,288.9331501445083,289.2172540169785,289.35627714176394,289.5046392903863,289.65587773749394
14310,10.0,-0.16017422448863386,100.0,288.93249595049036,289.217066066137,289.35623712739084,289.5046330211713,289.6558771223777
14320,10.0,-0.16027101512786432,100.0,288.9318477229945,289.2168799106024,289.3561975139057,289.50462681727674,289.6558765138408
14330,10.0,-0.16036692276582584,100.0,288.931205408634,289.2166955334056,289.3561582973063,289.504620678021,289.6558759118124
14340,10.0,-0.1604619553059649,100.0,288.93056895448825,289.2165129177357,289.35611947363003,289.50461460272953,289.6558753162227
14350,10.0,-0.16055612058262908,100.0,288.92993830809894,289.21633204693876,289.3560810389538,289.5046085907348,289.65587472700236
14360,10.0,-0.16064942636173213,100.0,288.92931341746606,289.2161529045162,289.3560429893935,289.50460264137627,289.655874144083
14370,10.0,-0.16074188034132533,100.0,288.9286942310441,289.2159754741234,289.3560053211035,289.5045967540003,289.65587356739684
14380,10.0,-0.1608334901521175,100.0,288.9280806977382,289.21579973956835,289.35596803027664,289.5045909279601,289.6558729968769
14390,10.0,-0.16092426335812318,100.0,288.92747276690017,289.2156256848101,289.3559311131434,289.5045851626156,289.65587243245693
