R_m,H_m,V_m3,surface_m2,mass_kg,K_W_K,UA_top_W_K,energy_upper_MWh
2.0,5.0,62.83185307179586,87.96459430051421,113097.33552923254,1193.8052083641214,80.4247719318987,8.95353906273091
2.0,5.125,64.40264939859075,89.5353906273091,115924.76891746336,1164.6880081601184,81.43008158104743,9.177377539299183
2.0,5.25,65.97344572538566,91.106186954104,118752.2023056942,1136.9573412991633,82.43539123019617,9.401216015867458
2.0,5.375,67.54424205218055,92.6769832808989,121579.635693925,1110.516472896857,83.44070087934492,9.625054492435728
2.0,5.5,69.11503837897544,94.24777960769379,124407.0690821558,1085.2774621492013,84.44601052849364,9.848892969004002
2.0,5.625,70.68583470577035,95.81857593448869,127234.50247038662,1061.1601852125523,85.45132017764237,10.072731445572275
2.0,5.75,72.25663103256524,97.38937226128358,130061.93585861743,1038.0914855340186,86.4566298267911,10.296569922140545
2.0,5.875,73.82742735936014,98.96016858807849,132889.36924684825,1016.0044326503161,87.46193947593986,10.52040839870882
2.0,6.0,75.39822368615503,100.53096491487338,135716.80263507908,994.8376736367678,88.46724912508859,10.744246875277094
2.0,6.125,76.96902001294993,102.10176124166827,138544.23602330987,974.5348639707114,89.47255877423731,10.968085351845364
2.0,6.25,78.53981633974483,103.67255756846318,141371.6694115407,955.0441666912972,90.47786842338604,11.191923828413639
2.0,6.375,80.11061266653972,105.24335389525807,144199.1027997715,936.3178104816639,91.48317807253477,11.415762304981913
2.0,6.5,81.68140899333463,106.81415022205297,147026.53618800233,918.3116987416319,92.48848772168351,11.639600781550184
2.0,6.625,83.25220532012952,108.38494654884786,149853.96957623312,900.985062916318,93.49379737083225,11.863439258118456
2.0,6.75,84.82300164692441,109.95574287564276,152681.40296446395,884.3001543437937,94.49910701998098,12.087277734686728
2.0,6.875,86.39379797371932,111.52653920243766,155508.83635269478,868.221969719361,95.50441666912971,12.311116211255003
2.0,7.0,87.96459430051421,113.09733552923255,158336.26974092558,852.7180059743724,96.50972631827844,12.534954687823275
2.0,7.125,89.5353906273091,114.66813185602744,161163.70312915638,837.7580409572782,97.51503596742717,12.758793164391545
2.0,7.25,91.106186954104,116.23892818282235,163991.1365173872,823.3139368028424,98.52034561657592,12.98263164095982
2.0,7.375,92.6769832808989,117.80972450961724,166818.56990561797,809.3594632977095,99.52565526572465,13.206470117528088
2.0,7.5,94.24777960769379,119.38052083641213,169646.00329384883,795.8701389094143,100.53096491487338,13.430308594096367
2.0,7.625,95.81857593448869,120.95131716320704,172473.43668207966,782.8230874518829,101.53627456402212,13.654147070664639
2.0,7.75,97.38937226128358,122.52211349000193,175300.87007031046,770.1969086220138,102.54158421317085,13.877985547232912
2.0,7.875,98.96016858807849,124.09290981679683,178128.30345854128,757.9715608661088,103.54689386231959,14.101824023801186
2.0,8.0,100.53096491487338,125.66370614359172,180955.73684677208,746.1282552275759,104.55220351146832,14.325662500369456
2.0,8.125,102.10176124166827,127.23450247038662,183783.17023500288,734.6493589933054,105.55751316061705,14.549500976937729
2.0,8.25,103.67255756846318,128.80529879718154,186610.60362323368,723.5183080994675,106.56282280976579,14.773339453505999
2.0,8.375,105.24335389525807,130.37609512397643,189438.03701146453,712.7195273815651,107.56813245891452,14.997177930074274
2.0,8.5,106.81415022205297,131.94689145077132,192265.47039969536,702.2383578612479,108.57344210806325,15.22101640664255
2.0,8.625,108.38494654884786,133.5176877775662,195092.90378792616,692.0609903560124,109.57875175721199,15.44485488321082
2.0,8.75,109.95574287564276,135.0884841043611,197920.337176157,682.174404779498,110.58406140636072,15.668693359779095
2.0,8.875,111.52653920243766,136.659280431156,200747.77056438779,672.566314571336,111.58937105550946,15.892531836347368
2.0,9.0,113.09733552923255,138.23007675795088,203575.20395261858,663.2251157578453,112.59468070465819,16.116370312915638
2.0,9.125,114.66813185602744,139.80087308474577,206402.63734084938,654.1398401995186,113.59999035380692,16.340208789483913
2.0,9.25,116.23892818282235,141.3716694115407,209230.07072908024,645.3001126292548,114.60530000295566,16.564047266052185
2.0,9.375,117.80972450961724,142.94246573833559,212057.50411731104,636.6961111275315,115.61060965210439,16.787885742620457
2.0,9.5,119.38052083641213,144.51326206513048,214884.93750554183,628.3185307179587,116.61591930125313,17.01172421918873
2.0,9.625,120.95131716320704,146.0840583919254,217712.3708937727,620.1585497995436,117.62122895040187,17.235562695757004
2.0,9.75,122.52211349000193,147.6548547187203,220539.80428200346,612.2077991610879,118.6265385995506,17.459401172325272
2.0,9.875,124.09290981679683,149.22565104551518,223367.2376702343,604.4583333489222,119.63184824869933,17.683239648893547
2.0,10.0,125.66370614359172,150.79644737231007,226194.6710584651,596.9026041820607,120.63715789784806,17.90707812546182
2.05,5.0,66.01271563355552,90.80773565201295,118822.88814039991,1254.2415970375548,83.4658336205736,9.40681197778166
2.05,5.125,67.6630335243944,92.41780188697771,121793.4603439099,1223.6503385732242,84.49627601095105,9.6419822772262
2.05,5.25,69.31335141523329,94.0278681219425,124764.03254741992,1194.515806702433,85.52671840132851,9.877152576670744
2.05,5.375,70.96366930607218,95.63793435690727,127734.60475092992,1166.7363693372604,86.55716079170597,10.112322876115286
2.05,5.5,72.61398719691107,97.24800059187203,130705.17695443993,1140.2196336705044,87.58760318208343,10.347493175559828
2.05,5.625,74.26430508774995,98.85806682683679,133675.7491579499,1114.8814195889377,88.61804557246087,10.582663475004368
2.05,5.75,75.91462297858884,100.46813306180158,136646.3213614599,1090.6448669891781,89.64848796283832,10.81783377444891
2.05,5.875,77.56494086942773,102.07819929676634,139616.8935649699,1067.439657053238,90.67893035321578,11.053004073893451
2.05,6.0,79.21525876026661,103.6882655317311,142587.4657684799,1045.201330864629,91.70937274359322,11.288174373337991
2.05,6.125,80.8655766511055,105.29833176669587,145558.0379719899,1023.8706914592285,92.73981513397068,11.523344672782533
2.05,6.25,82.51589454194439,106.90839800166063,148528.6101754999,1003.3932776300439,93.77025752434812,11.758514972227076
2.05,6.375,84.16621243278328,108.51846423662542,151499.1823790099,983.7188996372979,94.80069991472558,11.993685271671618
2.05,6.5,85.81653032362216,110.12853047159018,154469.75458251988,964.8012284904269,95.83114230510303,12.228855571116156
2.05,6.625,87.46684821446105,111.73859670655494,157440.32678602988,946.5974317264565,96.86158469548049,12.464025870560699
2.05,6.75,89.11716610529994,113.3486629415197,160410.8989895399,929.067849657448,97.89202708585793,12.699196170005242
2.05,6.875,90.76748399613884,114.9587291764845,163381.47119304992,912.1757069364036,98.92246947623539,12.934366469449785
2.05,7.0,92.41780188697771,116.56879541144926,166352.0433965599,895.886855026825,99.95291186661284,13.169536768894325
2.05,7.125,94.0681197778166,118.17886164641402,169322.61560006993,880.1695417807402,100.9833542569903,13.404707068338869
2.05,7.25,95.7184376686555,119.78892788137878,172293.1878035799,864.994204853486,102.01379664736774,13.63987736778341
2.05,7.375,97.36875555949437,121.39899411634357,175263.76000708988,850.3332861271558,103.0442390377452,13.875047667227948
2.05,7.5,99.01907345033327,123.00906035130834,178234.3322105999,836.1610646917032,104.07468142812264,14.110217966672492
2.05,7.625,100.66939134117216,124.6191265862731,181204.9044141099,822.4535062541344,105.1051238185001,14.34538826611703
2.05,7.75,102.31970923201105,126.22919282123786,184175.4766176199,809.1881271210032,106.13556620887755,14.580558565561573
2.05,7.875,103.97002712284993,127.83925905620265,187146.0488211299,796.3438711349555,107.16600859925501,14.815728865006117
2.05,8.0,105.62034501368882,129.4493252911674,190116.62102463987,783.9009981484718,108.19645098963245,15.050899164450659
2.05,8.125,107.27066290452771,131.05939152613217,193087.19322814987,771.8409827923415,109.2268933800099,15.2860694638952
2.05,8.25,108.92098079536659,132.66945776109694,196057.76543165988,760.1464224470029,110.25733577038736,15.521239763339741
2.05,8.375,110.57129868620548,134.2795239960617,199028.33763516985,748.8009534552566,111.28777816076482,15.756410062784282
2.05,8.5,112.22161657704437,135.8895902310265,201998.90983867986,737.7891747279734,112.31822055114228,15.991580362228824
2.05,8.625,113.87193446788326,137.49965646599125,204969.48204218986,727.0965779927855,113.34866294151972,16.226750661673364
2.05,8.75,115.52225235872214,139.109722700956,207940.05424569987,716.70948402146,114.37910533189716,16.461920961117908
2.05,8.875,117.17257024956103,140.71978893592077,210910.62644920987,706.6149842465098,115.40954772227461,16.69709126056245
2.05,9.0,118.82288814039993,142.32985517088557,213881.19865271988,696.800887243086,116.43999011265207,16.93226156000699
2.05,9.125,120.4732060312388,143.93992140585033,216851.77085622985,687.2556696096191,117.47043250302951,17.167431859451533
2.05,9.25,122.1235239220777,145.5499876408151,219822.34305973985,677.9684308311107,118.50087489340697,17.402602158896073
2.05,9.375,123.77384181291659,147.16005387577985,222792.91526324986,668.9288517533626,119.53131728378443,17.637772458340613
2.05,9.5,125.42415970375548,148.77012011074464,225763.48746675986,660.1271563355552,120.56175967416189,17.872942757785157
2.05,9.625,127.07447759459436,150.3801863457094,228734.05967026984,651.5540763831453,121.59220206453934,18.108113057229698
2.05,9.75,128.72479548543325,151.99025258067417,231704.63187377984,643.2008189936179,122.6226444549168,18.343283356674238
2.05,9.875,130.37511337627214,153.60031881563893,234675.20407728985,635.0590364747113,123.65308684529424,18.578453656118782
2.05,10.0,132.02543126711103,155.21038505060372,237645.77628079982,627.1207985187774,124.68352923567168,18.81362395556332
2.1,5.0,69.27211801165494,93.68229293004764,124689.81242097888,1316.1702422214441,86.557160791706,9.871276816660828
2.1,5.125,71.0039209619463,95.33162907318227,127807.05773150336,1284.0685289965309,87.61273592331216,10.11805873707735
2.1,5.25,72.73572391223769,96.98096521631692,130924.30304202784,1253.4954687823276,88.66831105491832,10.364840657493868
2.1,5.375,74.46752686252906,98.63030135945156,134041.5483525523,1224.3444113687851,89.72388618652451,10.611622577910389
2.1,5.5,76.19932981282044,100.2796375025862,137158.7936630768,1196.5184020194947,90.77946131813067,10.858404498326914
2.1,5.625,77.9311327631118,101.92897364572084,140276.03897360124,1169.9291041968393,91.83503644973683,11.105186418743433
2.1,5.75,79.66293571340317,103.57830978885548,143393.28428412572,1144.4958628012557,92.89061158134301,11.351968339159953
2.1,5.875,81.39473866369455,105.22764593199012,146510.5295946502,1120.1448869969738,93.94618671294918,11.598750259576475
2.1,6.0,83.12654161398592,106.87698207512476,149627.77490517465,1096.8085351845368,95.00176184455535,11.845532179992993
2.1,6.125,84.8583445642773,108.5263182182594,152745.02021569916,1074.4246875277095,96.05733697616151,12.092314100409515
2.1,6.25,86.59014751456867,110.17565436139405,155862.2655262236,1052.9361937771553,97.1129121077677,12.339096020826034
2.1,6.375,88.32195046486005,111.82499050452869,158979.5108367481,1032.2903860560345,98.16848723937386,12.585877941242558
2.1,6.5,90.05375341515142,113.47432664766333,162096.75614727256,1012.4386478626493,99.22406237098002,12.832659861659078
2.1,6.625,91.78555636544279,115.12366279079797,165214.001457797,993.3360318652408,100.2796375025862,13.079441782075596
2.1,6.75,93.51735931573417,116.77299893393261,168331.2467683215,974.9409201640327,101.33521263419237,13.326223702492118
2.1,6.875,95.24916226602554,118.42233507706726,171448.49207884597,957.2147216155957,102.39078776579854,13.573005622908639
2.1,7.0,96.98096521631692,120.07167122020189,174565.73738937045,940.1216015867458,103.44636289740471,13.819787543325159
2.1,7.125,98.71276816660829,121.72100736333654,177682.9826998949,923.6282401553993,104.50193802901089,14.06656946374168
2.1,7.25,100.44457111689965,123.37034350647117,180800.22801041938,907.7036153251339,105.55751316061705,14.3133513841582
2.1,7.375,102.17637406719103,125.01967964960582,183917.47332094386,892.3188082857248,106.61308829222322,14.560133304574723
2.1,7.5,103.9081770174824,126.66901579274047,187034.71863146836,877.4468281476294,107.6686634238294,14.806915224991247
2.1,7.625,105.63997996777378,128.31835193587509,190151.96394199278,863.0624539157011,108.72423855543556,15.053697145407764
2.1,7.75,107.37178291806515,129.96768807900975,193269.20925251726,849.1420917557704,109.77981368704175,15.300479065824284
2.1,7.875,109.10358586835653,131.61702422214438,196386.45456304177,835.6636458548851,110.83538881864791,15.547260986240806
2.1,8.0,110.8353888186479,133.266360365279,199503.69987356622,822.6064013884026,111.89096395025408,15.794042906657326
2.1,8.125,112.56719176893927,134.91569650841367,202620.94518409067,809.9509182901195,112.94653908186027,16.040824827073845
2.1,8.25,114.29899471923065,136.5650326515483,205738.19049461518,797.6789346796631,114.00211421346643,16.287606747490365
2.1,8.375,116.03079766952202,138.21436879468294,208855.43580513966,785.7732789381756,115.05768934507259,16.53438866790689
2.1,8.5,117.7626006198134,139.86370493781757,211972.68111566408,774.2177895420259,116.11326447667875,16.781170588323405
2.1,8.625,119.49440357010477,141.51304108095223,215089.92642618858,762.9972418675038,117.16883960828494,17.02795250873993
2.1,8.75,121.22620652039615,143.16237722408687,218207.17173671306,752.0972812693966,118.2244147398911,17.27473442915645
2.1,8.875,122.95800947068751,144.8117133672215,221324.4170472375,741.5043618148981,119.27998987149726,17.52151634957297
2.1,9.0,124.68981242097888,146.46104951035616,224441.662357762,731.2056901230245,120.33556500310345,17.76829826998949
2.1,9.125,126.42161537127026,148.1103856534908,227558.90766828647,721.1891738199694,121.39114013470962,18.015080190406014
2.1,9.25,128.15341832156165,149.75972179662543,230676.15297881095,711.4433741737536,122.44671526631578,18.261862110822534
2.1,9.375,129.885221271853,151.4090579397601,233793.39828933537,701.9574625181035,123.50229039792197,18.50864403123905
2.1,9.5,131.61702422214438,153.05839408289472,236910.64359985988,692.7211801165495,124.55786552952813,18.755425951655575
2.1,9.625,133.34882717243576,154.70773022602935,240027.88891038438,683.724801153997,125.61344066113429,19.0022078720721
2.1,9.75,135.08063012272711,156.357066369164,243145.1342209088,674.9590985750996,126.66901579274045,19.248989792488615
2.1,9.875,136.8124330730185,158.00640251229862,246262.37953143328,666.4153125171869,127.72459092434664,19.495771712905135
2.1,10.0,138.54423602330988,159.65573865543328,249379.62484195776,658.0851211107221,128.7801660559528,19.742553633321656
2.15,5.0,72.61006020609409,96.58826613461818,130698.10837096936,1379.5911439157876,89.69875344529578,10.346933579368407
2.15,5.125,74.42531171124645,98.27687218592271,133965.5610802436,1345.9425794300369,90.77946131813067,10.605606918852619
2.15,5.25,76.2405632163988,99.96547823722722,137233.01378951783,1313.8963275388455,91.86016919096555,10.864280258336828
2.15,5.375,78.05581472155114,101.65408428853172,140500.46649879206,1283.3405989914304,92.94087706380043,11.122953597821036
2.15,5.5,79.8710662267035,103.34269033983625,143767.9192080663,1254.1737671961707,94.02158493663532,11.38162693730525
2.15,5.625,81.68631773185585,105.03129639114076,147035.37191734053,1226.3032390362557,95.10229280947021,11.640300276789457
2.15,5.75,83.50156923700821,106.71990244244526,150302.82462661478,1199.6444729702503,96.1830006823051,11.89897361627367
2.15,5.875,85.31682074216056,108.40850849374979,153570.277335889,1174.1201224815215,97.26370855514,12.157646955757878
2.15,6.0,87.13207224731292,110.0971145450543,156837.73004516325,1149.6592865964897,98.34441642797489,12.416320295242091
2.15,6.125,88.94732375246527,111.7857205963588,160105.18275443747,1126.1968521761532,99.42512430080977,12.6749936347263
2.15,6.25,90.76257525761761,113.47432664766333,163372.6354637117,1103.6729151326301,100.50583217364465,12.93366697421051
2.15,6.375,92.57782676276997,115.16293269896784,166640.08817298594,1082.0322697378726,101.58654004647954,13.192340313694718
2.15,6.5,94.39307826792232,116.85153875027237,169907.5408822602,1061.2239568582982,102.66724791931443,13.451013653178931
2.15,6.625,96.20832977307468,118.54014480157687,173174.99359153444,1041.20086333267,103.74795579214933,13.709686992663142
2.15,6.75,98.02358127822703,120.22875085288138,176442.44630080866,1021.9193658635464,104.82866366498422,13.968360332147352
2.15,6.875,99.83883278337937,121.91735690418591,179709.89901008288,1003.3390137569365,105.90937153781911,14.227033671631562
2.15,7.0,101.65408428853173,123.60596295549041,182977.35171935713,985.422245654134,106.99007941065399,14.485707011115773
2.15,7.125,103.46933579368408,125.29456900679492,186244.80442863135,968.1341360812545,108.07078728348887,14.744380350599982
2.15,7.25,105.28458729883644,126.98317505809945,189512.25713790563,951.4421682177846,109.15149515632378,15.003053690084197
2.15,7.375,107.09983880398879,128.67178110940395,192779.70984717982,935.3160297734154,110.23220302915865,15.261727029568402
2.15,7.5,108.91509030914114,130.36038716070846,196047.16255645407,919.7274292771918,111.31291090199355,15.520400369052613
2.15,7.625,110.7303418142935,132.048993212013,199314.61526572827,904.649930436582,112.39361877482844,15.779073708536822
2.15,7.75,112.54559331944584,133.7375992633175,202582.06797500252,890.0588025263146,113.47432664766332,16.037747048021032
2.15,7.875,114.3608448245982,135.426205314622,205849.52068427677,875.9308850258969,114.55503452049821,16.296420387505247
2.15,8.0,116.17609632975055,137.11481136592653,209116.973393551,862.2444649473673,115.6357423933331,16.555093726989455
2.15,8.125,117.9913478349029,138.80341741723103,212384.4261028252,848.9791654866385,116.716450266168,16.813767066473662
2.15,8.25,119.80659934005526,140.49202346853554,215651.87881209946,836.115844797447,117.79715813900287,17.072440405957874
2.15,8.375,121.6218508452076,142.18062951984007,218919.33152137368,823.636503830321,118.87786601183777,17.33111374544208
2.15,8.5,123.43710235035996,143.86923557114457,222186.78423064793,811.5242023034045,119.95857388467266,17.589787084926293
2.15,8.625,125.25235385551231,145.5578416224491,225454.23693992215,799.7629819801667,121.03928175750755,17.8484604244105
2.15,8.75,127.06760536066466,147.2464476737536,228721.68964919637,788.3377965233072,122.11998963034243,18.107133763894716
2.15,8.875,128.88285686581702,148.9350537250581,231989.14235847065,777.2344472765001,123.20069750317732,18.365807103378927
2.15,9.0,130.69810837096938,150.62365977636264,235256.59506774484,766.4395243976599,124.28140537601222,18.624480442863135
2.15,9.125,132.5133598761217,152.31226582766715,238524.0477770191,755.9403528305686,125.36211324884711,18.883153782347346
2.15,9.25,134.32861138127407,154.00087187897165,241791.50048629334,745.7249426571825,126.44282112168199,19.141827121831557
2.15,9.375,136.14386288642643,155.68947793027618,245058.9531955676,735.7819434217535,127.52352899451688,19.40050046131577
2.15,9.5,137.95911439157877,157.3780839815807,248326.40590484178,726.1006020609409,128.60423686735177,19.659173800799977
2.15,9.625,139.77436589673113,159.0666900328852,251593.85861411603,716.6707241120974,129.68494474018667,19.917847140284188
2.15,9.75,141.5896174018835,160.7552960841897,254861.31132339028,707.4826379055321,130.76565261302153,20.176520479768396
2.15,9.875,143.40486890703585,162.44390213549423,258128.76403266453,698.5271614763482,131.84636048585645,20.435193819252607
2.15,10.0,145.22012041218818,164.13250818679873,261396.21674193873,689.7955719578938,132.92706835869132,20.693867158736815
2.2,5.0,76.02654221687301,99.52565526572465,136847.77599037142,1444.5043021205872,92.89061158134302,10.833782265904405
2.2,5.125,77.92720577229483,101.25353122519905,140268.97039013068,1409.2724898737438,93.99645219540662,11.104626822552012
2.2,5.25,79.82786932771666,102.98140718467343,143690.16478988997,1375.718382971988,95.10229280947024,11.375471379199624
2.2,5.375,81.72853288313848,104.70928314414783,147111.35918964926,1343.7249322051975,96.20813342353384,11.646315935847234
2.2,5.5,83.62919643856031,106.43715910362221,150532.55358940858,1313.1857292005338,97.31397403759745,11.917160492494846
2.2,5.625,85.52985999398213,108.16503506309658,153953.74798916784,1284.0038241071886,98.41981465166106,12.188005049142454
2.2,5.75,87.43052354940396,109.89291102257098,157374.94238892713,1256.0906974961629,99.52565526572467,12.458849605790064
2.2,5.875,89.33118710482579,111.62078698204536,160796.13678868642,1229.3653635068829,100.63149587978828,12.729694162437674
2.2,6.0,91.2318506602476,113.34866294151976,164217.33118844568,1203.7535851004893,101.73733649385187,13.000538719085284
2.2,6.125,93.13251421566943,115.07653890099414,167638.52558820497,1179.187185404561,102.8431771079155,13.271383275732893
2.2,6.25,95.03317777109126,116.80441486046851,171059.71998796426,1155.6034416964699,103.94901772197909,13.542227832380503
2.2,6.375,96.93384132651309,118.53229081994292,174480.91438772355,1132.9445506828135,105.0548583360427,13.813072389028115
2.2,6.5,98.8345048819349,120.26016677941729,177902.10878748284,1111.1571554773748,106.16069895010631,14.083916945675725
2.2,6.625,100.73516843735673,121.98804273889169,181323.30318724213,1090.191926128745,107.2665395641699,14.354761502323333
2.2,6.75,102.63583199277856,123.71591869836607,184744.49758700142,1070.0031867559906,108.37238017823353,14.625606058970945
2.2,6.875,104.53649554820039,125.44379465784047,188165.6919867607,1050.548583360427,109.47822079229714,14.896450615618555
2.2,7.0,106.43715910362221,127.17167061731485,191586.88638652,1031.788787228991,110.58406140636073,15.167295172266165
2.2,7.125,108.33782265904404,128.89954657678922,195008.08078627923,1013.6872295583069,111.68990202042434,15.438139728913773
2.2,7.25,110.23848621446587,130.62742253626362,198429.27518603855,996.2098635314395,112.79574263448797,15.708984285561383
2.2,7.375,112.13914976988768,132.355298495738,201850.46958579784,979.3249505902287,113.90158324855156,15.979828842208994
2.2,7.5,114.03981332530951,134.0831744552124,205271.66398555713,963.0028680803915,115.00742386261516,16.250673398856605
2.2,7.625,115.94047688073134,135.81105041468678,208692.85838531645,947.2159358167785,116.11326447667878,16.52151795550422
2.2,7.75,117.84114043615317,137.53892637416115,212114.05278507568,931.938259432637,117.21910509074237,16.792362512151826
2.2,7.875,119.74180399157498,139.26680233363555,215535.24718483497,917.1455886479919,118.324945704806,17.063207068799436
2.2,8.0,121.64246754699681,140.99467829310993,218956.44158459426,902.815188825367,119.4307863188696,17.334051625447046
2.2,8.125,123.54313110241864,142.72255425258433,222377.63598435355,888.9257243818998,120.53662693293319,17.604896182094656
2.2,8.25,125.44379465784046,144.4504302120587,225798.8303841128,875.457152800356,121.64246754699681,17.875740738742262
2.2,8.375,127.34445821326229,146.17830617153308,229220.02478387213,862.3906281316939,122.74830816106041,18.146585295389876
2.2,8.5,129.2451217686841,147.90618213100748,232641.21918363142,849.7084130121102,123.85414877512403,18.417429852037486
2.2,8.625,131.14578532410593,149.63405809048186,236062.41358339065,837.3937983307752,124.95998938918763,18.68827440868509
2.2,8.75,133.04644887952776,151.36193404995626,239483.60798314997,825.4310297831927,126.06583000325125,18.959118965332706
2.2,8.875,134.9471124349496,153.08981000943064,242904.80238290926,813.8052406313168,127.17167061731485,19.229963521980316
2.2,9.0,136.84777599037142,154.81768596890504,246325.99678266855,802.5023900669929,128.27751123137847,19.500808078627927
2.2,9.125,138.74843954579325,156.5455619283794,249747.19118242786,791.5092066414177,129.38335184544206,19.77165263527554
2.2,9.25,140.64910310121508,158.2734378878538,253168.3855821871,780.8131362813986,130.48919245950566,20.042497191923147
2.2,9.375,142.54976665663688,160.0013138473282,256589.5799819464,770.4022944643132,131.59503307356928,20.313341748570757
2.2,9.5,144.4504302120587,161.72918980680257,260010.77438170568,760.2654221687302,132.70087368763288,20.584186305218367
2.2,9.625,146.35109376748053,163.45706576627697,263431.96878146497,750.3918452574479,133.8067143016965,20.855030861865977
2.2,9.75,148.25175732290236,165.18494172575134,266853.16318122426,740.7714369849166,134.9125549157601,21.125875418513587
2.2,9.875,150.1524208783242,166.91281768522575,270274.35758098355,731.394583352196,136.01839552982372,21.396719975161197
2.2,10.0,152.05308443374602,168.64069364470012,273695.55198074284,722.2521510602936,137.12423614388732,21.66756453180881
2.25,5.0,79.52156404399163,102.49446032336701,143138.81527918493,1510.9097168358412,96.13273519984767,11.33182287626881
2.25,5.125,81.50960314509143,104.26160619101125,146717.28566116458,1474.05826032765,97.26370855514,11.61511844817553
2.25,5.25,83.49764224619122,106.02875205865553,150295.75604314418,1438.9616350817535,98.39468191043233,11.89841402008225
2.25,5.375,85.485681347291,107.79589792629977,153874.2264251238,1405.4974110100848,99.52565526572465,12.181709591988968
2.25,5.5,87.4737204483908,109.56304379394405,157452.69680710344,1373.554288032583,100.65662862101698,12.46500516389569
2.25,5.625,89.4617595494906,111.33018966158829,161031.16718908306,1343.0308594096366,101.7876019763093,12.74830073580241
2.25,5.75,91.44979865059038,113.09733552923254,164609.63757106272,1313.8345363789924,102.91857533160163,13.031596307709131
2.25,5.875,93.43783775169017,114.86448139687681,168188.10795304232,1285.8806100730565,104.04954868689396,13.31489187961585
2.25,6.0,95.42587685278997,116.63162726452106,171766.57833502194,1259.0914306965344,105.18052204218628,13.598187451522572
2.25,6.125,97.41391595388976,118.39877313216533,175345.04871700157,1233.3956872129315,106.31149539747861,13.881483023429292
2.25,6.25,99.40195505498954,120.16591899980958,178923.51909898117,1208.727773468673,107.44246875277094,14.16477859533601
2.25,6.375,101.38999415608933,121.93306486745385,182501.9894809608,1185.027228890856,108.57344210806326,14.44807416724273
2.25,6.5,103.37803325718913,123.7002107350981,186080.45986294042,1162.2382437198778,109.70441546335559,14.731369739149452
2.25,6.625,105.36607235828892,125.46735660274237,189658.93024492005,1140.3092202534651,110.83538881864791,15.014665311056172
2.25,6.75,107.3541114593887,127.23450247038662,193237.40062689967,1119.192382841364,111.96636217394024,15.297960882962892
2.25,6.875,109.34215056048849,129.0016483380309,196815.87100887927,1098.8434304260663,113.09733552923257,15.58125645486961
2.25,7.0,111.33018966158829,130.76879420567514,200394.34139085893,1079.2212263113151,114.22830888452489,15.864552026776332
2.25,7.125,113.31822876268808,132.5359400733194,203972.81177283853,1060.2875205865553,115.35928223981722,16.14784759868305
2.25,7.25,115.30626786378787,134.30308594096365,207551.28215481815,1042.0067012660975,116.49025559510953,16.43114317058977
2.25,7.375,117.29430696488767,136.0702318086079,211129.75253679784,1024.3455707361636,117.62122895040186,16.714438742496494
2.25,7.5,119.28234606598745,137.83737767625217,214708.22291877738,1007.2731445572275,118.75220230569418,16.99773431440321
2.25,7.625,121.27038516708724,139.60452354389642,218286.69330075703,990.7604700562894,119.88317566098651,17.281029886309934
2.25,7.75,123.25842426818703,141.3716694115407,221865.1636827367,974.7804624747363,121.01414901627884,17.564325458216654
2.25,7.875,125.24646336928683,143.13881527918494,225443.6340647163,959.307756721169,122.14512237157116,17.847621030123374
2.25,8.0,127.23450247038662,144.9059611468292,229022.1044466959,944.3185730224008,123.27609572686349,18.130916602030094
2.25,8.125,129.2225415714864,146.67310701447346,232600.57482867554,929.7905949759023,124.40706908215581,18.414212173936814
2.25,8.25,131.2105806725862,148.44025288211773,236179.04521065514,915.7028586883886,125.53804243744814,18.69750774584353
2.25,8.375,133.19861977368598,150.20739874976198,239757.51559263477,902.0356518422933,126.66901579274047,18.98080331775025
2.25,8.5,135.1866588747858,151.97454461740625,243335.98597461442,888.7704216681419,127.7999891480328,19.264098889656974
2.25,8.625,137.17469797588558,153.7416904850505,246914.45635659405,875.8896909193282,128.93096250332513,19.547394461563695
2.25,8.75,139.16273707698537,155.50883635269477,250492.92673857365,863.3769810490521,130.06193585861746,19.83069003347041
2.25,8.875,141.15077617808515,157.27598222033902,254071.39712055327,851.2167418793472,131.19290921390976,20.113985605377135
2.25,9.0,143.13881527918494,159.04312808798326,257649.8675025329,839.3942871310229,132.32388256920208,20.397281177283855
2.25,9.125,145.12685438028473,160.81027395562754,261228.3378845125,827.8957352525157,133.45485592449444,20.68057674919057
2.25,9.25,147.1148934813845,162.57741982327178,264806.8082664921,816.7079550464007,134.58582927978674,20.963872321097288
2.25,9.375,149.10293258248433,164.34456569091606,268385.2786484718,805.818515645782,135.7168026350791,21.24716789300402
2.25,9.5,151.09097168358412,166.1117115585603,271963.7490304514,795.2156404399165,136.8477759903714,21.530463464910735
2.25,9.625,153.0790107846839,167.87885742620455,275542.219412431,784.8881645900474,137.97874934566372,21.81375903681745
2.25,9.75,155.0670498857837,169.64600329384882,279120.68979441066,774.8254958132519,139.10972270095604,22.09705460872418
2.25,9.875,157.05508898688348,171.41314916149307,282699.16017639026,765.0175781447298,140.24069605624837,22.380350180630895
2.25,10.0,159.04312808798326,173.18029502913734,286277.63055836986,755.4548584179206,141.3716694115407,22.66364575253762
2.3,5.0,83.09512568745001,105.49468130754525,149571.22623741,1578.8073880615505,99.42512430080976,11.841055410461625
2.3,5.125,85.17250382963626,107.30109708335937,153310.50689334527,1540.2998907917565,100.58123039733081,12.137081795723168
2.3,5.25,87.24988197182252,109.10751285917351,157049.78754928053,1503.6260838681433,101.73733649385184,12.433108180984709
2.3,5.375,89.32726011400877,110.91392863498763,160789.06820521576,1468.6580354060934,102.8934425903729,12.729134566246248
2.3,5.5,91.40463825619501,112.72034441080177,164528.34886115103,1435.2794436923186,104.04954868689393,13.02516095150779
2.3,5.625,93.48201639838126,114.52676018661589,168267.62951708626,1403.3843449436004,105.20565478341499,13.321187336769329
2.3,5.75,95.55939454056751,116.33317596243003,172006.91017302155,1372.8759896187396,106.36176087993603,13.617213722030872
2.3,5.875,97.63677268275376,118.13959173824415,175746.19082895675,1343.665862180043,107.51786697645707,13.913240107292408
2.3,6.0,99.71415082494002,119.9460075140583,179485.47148489204,1315.6728233846254,108.6739730729781,14.209266492553954
2.3,6.125,101.79152896712627,121.75242328987241,183224.75214082724,1288.8223576012656,109.83007916949916,14.50529287781549
2.3,6.25,103.86890710931252,123.55883906568656,186964.03279676253,1263.0459104492404,110.9861852660202,14.801319263077035
2.3,6.375,105.94628525149876,125.36525484150067,190703.31345269777,1238.2803043620004,112.14229136254124,15.097345648338573
2.3,6.5,108.02366339368501,127.17167061731482,194442.59410863303,1214.467221585808,113.29839745906227,15.393372033600116
2.3,6.625,110.10104153587126,128.97808639312893,198181.8747645683,1191.5527457068306,114.45450355558333,15.689398418861655
2.3,6.75,112.17841967805751,130.78450216894308,201921.15542050352,1169.486954119667,115.61060965210437,15.985424804123197
2.3,6.875,114.25579782024377,132.5909179447572,205660.43607643878,1148.2235549538548,116.76671574862542,16.28145118938474
2.3,7.0,116.33317596243002,134.39733372057134,209399.71673237404,1127.7195629011073,117.92282184514646,16.577477574646277
2.3,7.125,118.41055410461627,136.20374949638546,213138.99738830928,1107.9350091660003,119.0789279416675,16.87350395990782
2.3,7.25,120.48793224680252,138.0101652721996,216878.27804424454,1088.832681421759,120.23503403818854,17.169530345169356
2.3,7.375,122.56531038898876,139.81658104801372,220617.55870017977,1070.3778902112206,121.39114013470959,17.4655567304309
2.3,7.5,124.64268853117501,141.62299682382786,224356.83935611503,1052.5382587077004,122.54724623123063,17.76158311569244
2.3,7.625,126.72006667336127,143.42941259964198,228096.12001205032,1035.283533155115,123.70335232775169,18.057609500953983
2.3,7.75,128.79744481554752,145.23582837545612,231835.40066798555,1018.5854116526132,124.85945842427272,18.353635886215525
2.3,7.875,130.87482295773376,147.04224415127024,235574.68132392073,1002.4173892454288,126.01556452079376,18.64966227147706
2.3,8.0,132.95220109992002,148.84865992708438,239313.96197985602,986.754617538469,127.1716706173148,18.9456886567386
2.3,8.125,135.02957924210628,150.6550757028985,243053.2426357913,971.5737772686464,128.32777671383587,19.241715042000145
2.3,8.25,137.1069573842925,152.46149147871265,246792.52329172654,956.8529624615458,129.4838828103569,19.537741427261683
2.3,8.375,139.18433552647878,154.26790725452676,250531.8039476618,942.5715749621196,130.63998890687793,19.833767812523227
2.3,8.5,141.261713668665,156.0743230303409,254271.08460359706,928.7102282715002,131.796095003399,20.12979419778477
2.3,8.625,143.33909181085127,157.88073880615502,258010.3652595323,915.2506597458263,132.95220109992005,20.425820583046306
2.3,8.75,145.4164699530375,159.68715458196917,261749.64591546752,902.1756503208859,134.10830719644107,20.721846968307847
2.3,8.875,147.49384809522377,161.49357035778328,265488.92657140276,889.4689510205918,135.2644132929621,21.01787335356938
2.3,9.0,149.57122623741003,163.29998613359743,269228.20722733805,877.1152155897503,136.42051938948316,21.313899738830926
2.3,9.125,151.64860437959626,165.10640190941155,272967.4878832733,865.0999386638632,137.57662548600422,21.609926124092468
2.3,9.25,153.72598252178253,166.9128176852257,276706.76853920857,853.4093989521895,138.73273158252528,21.905952509354012
2.3,9.375,155.80336066396876,168.7192334610398,280446.04919514374,842.0306069661602,139.88883767904628,22.201978894615547
2.3,9.5,157.88073880615502,170.52564923685395,284185.32985107903,830.9512568745002,141.04494377556733,22.49800527987709
2.3,9.625,159.95811694834129,172.33206501266807,287924.6105070143,820.1596821098963,142.2010498720884,22.794031665138636
2.3,9.75,162.03549509052752,174.1384807884822,291663.89116294956,809.6448143905387,143.35715596860945,23.090058050400174
2.3,9.875,164.11287323271378,175.94489656429633,295403.1718188848,799.3961458539495,144.51326206513045,23.38608443566171
2.3,10.0,166.19025137490001,177.75131234011047,299142.45247482,789.4036940307752,145.6693681616515,23.68211082092325
2.35,5.0,86.74722714724817,108.5263182182594,156145.0088650467,1648.1973157977154,102.76777888422933,12.361479868482864
2.35,5.125,88.91590782592938,110.37200390224342,160048.6340866729,1607.9973812660637,103.94901772197909,12.670516865194937
2.35,5.25,91.08458850461058,112.21768958622741,163952.25930829905,1569.7117293311576,105.13025655972885,12.979553861907007
2.35,5.375,93.25326918329178,114.06337527021142,167855.8845299252,1533.2068053932237,106.31149539747861,13.288590858619079
2.35,5.5,95.42194986197299,115.90906095419541,171759.50975155138,1498.3611961797412,107.49273423522837,13.59762785533115
2.35,5.625,97.59063054065419,117.75474663817943,175663.13497317754,1465.0642807090803,108.67397307297813,13.906664852043221
2.35,5.75,99.7593112193354,119.60043232216341,179566.7601948037,1433.2150572154046,109.85521191072789,14.215701848755295
2.35,5.875,101.9279918980166,121.44611800614743,183470.38541642984,1402.7211198278428,111.03645074847766,14.524738845467361
2.35,6.0,104.09667257669781,123.29180369013145,187374.01063805606,1373.4977631647628,112.21768958622741,14.83377584217944
2.35,6.125,106.26535325537901,125.13748937411543,191277.63585968222,1345.4671965695636,113.39892842397718,15.14281283889151
2.35,6.25,108.43403393406021,126.98317505809945,195181.26108130842,1318.5578526381723,114.58016726172696,15.451849835603582
2.35,6.375,110.60271461274142,128.82886074208344,199084.88630293455,1292.7037770962474,115.7614060994767,15.760886832315652
2.35,6.5,112.77139529142262,130.67454642606745,202988.51152456072,1267.8440890751658,116.94264493722648,16.069923829027726
2.35,6.625,114.94007597010383,132.52023211005144,206892.1367461869,1243.922502488842,118.12388377497622,16.378960825739796
2.35,6.75,117.10875664878503,134.36591779403545,210795.76196781307,1220.8869005909003,119.305122612726,16.687997822451866
2.35,6.875,119.27743732746623,136.21160347801947,214699.3871894392,1198.688956943793,120.48636145047575,16.997034819163936
2.35,7.0,121.44611800614744,138.05728916200346,218603.0124110654,1177.2837969983682,121.66760028822551,17.30607181587601
2.35,7.125,123.61479868482864,139.90297484598747,222506.63763269156,1156.6296952966425,122.84883912597527,17.615108812588083
2.35,7.25,125.78347936350985,141.74866052997146,226410.26285431773,1136.6878039984244,124.03007796372503,17.924145809300157
2.35,7.375,127.95216004219105,143.59434621395548,230313.88807594392,1117.4219090154004,125.2113168014748,18.233182806012227
2.35,7.5,130.12084072087225,145.44003189793946,234217.51329757005,1098.7982105318104,126.39255563922455,18.542219802724297
2.35,7.625,132.28952139955345,147.28571758192348,238121.13851919622,1080.785125113256,127.57379447697434,18.851256799436367
2.35,7.75,134.45820207823468,149.1314032659075,242024.7637408224,1063.3531069662681,128.7550333147241,19.16029379614844
2.35,7.875,136.62688275691588,150.97708894989148,245928.38896244857,1046.4744862207717,129.93627215247386,19.46933079286051
2.35,8.0,138.79556343559707,152.8227746338755,249832.0141840747,1030.1233223735721,131.11751099022362,19.77836778957258
2.35,8.125,140.96424411427827,154.66846031785948,253735.6394057009,1014.2752712601325,132.29874982797338,20.087404786284655
2.35,8.25,143.13292479295947,156.5141460018435,257639.26462732704,998.9074641198275,133.47998866572314,20.396441782996725
2.35,8.375,145.3016054716407,158.3598316858275,261542.8898489533,983.9983974911734,134.6612275034729,20.705478779708802
2.35,8.5,147.4702861503219,160.2055173698115,265446.5150705794,969.5278328221856,135.84246634122266,21.01451577642087
2.35,8.625,149.6389668290031,162.05120305379552,269350.14029220556,955.4767048102698,137.02370517897242,21.323552773132942
2.35,8.75,151.8076475076843,163.8968887377795,273253.76551383175,941.8270375986946,138.20494401672218,21.632589769845012
2.35,8.875,153.9763281863655,165.7425744217635,277157.3907354579,928.5618680550509,139.38618285447194,21.941626766557082
2.35,9.0,156.14500886504672,167.5882601057475,281061.0159570841,915.6651754431753,140.5674216922217,22.250663763269152
2.35,9.125,158.31368954372792,169.43394578973152,284964.64117871027,903.1218168754605,141.7486605299715,22.559700759981226
2.35,9.25,160.48237022240912,171.2796314737155,288868.2664003364,890.9174679987651,142.92989936772122,22.868737756693296
2.35,9.375,162.65105090109031,173.12531715769953,292771.89162196254,879.0385684254483,144.111138205471,23.177774753405366
2.35,9.5,164.8197315797715,174.97100284168351,296675.51684358873,867.4722714724818,145.29237704322077,23.486811750117443
2.35,9.625,166.98841225845274,176.81668852566753,300579.1420652149,856.206397816995,146.47361588097053,23.795848746829513
2.35,9.75,169.15709293713394,178.66237420965152,304482.7672868411,845.2293927167772,147.6548547187203,24.104885743541587
2.35,9.875,171.32577361581514,180.50805989363553,308386.39250846725,834.5302864798559,148.83609355647005,24.413922740253657
2.35,10.0,173.49445429449634,182.35374557761955,312290.0177300934,824.0986578988577,150.01733239421984,24.722959736965727
2.4,5.0,90.47786842338604,111.58937105550945,162860.16316209486,1719.0795000443347,106.16069895010628,12.893096250332508
2.4,5.125,92.7398151339707,113.47432664766333,166931.66724114725,1677.1507317505705,107.36707052908477,13.215423656590824
2.4,5.25,95.00176184455535,115.35928223981719,171003.17132019962,1637.218571470795,108.57344210806325,13.537751062849136
2.4,5.375,97.26370855514,117.24423783197108,175074.675399252,1599.1437209714743,109.77981368704172,13.860078469107451
2.4,5.5,99.52565526572465,119.12919342412496,179146.17947830437,1562.7995454948498,110.9861852660202,14.182405875365763
2.4,5.625,101.7876019763093,121.01414901627882,183217.6835573567,1528.0706667060754,112.19255684499869,14.504733281624073
2.4,5.75,104.04954868689396,122.89910460843271,187289.18763640913,1494.8517391689868,113.39892842397717,14.827060687882389
2.4,5.875,106.31149539747861,124.7840602005866,191360.6917154615,1463.0463830164551,114.60530000295564,15.1493880941407
2.4,6.0,108.57344210806326,126.66901579274045,195432.19579451386,1432.5662500369456,115.81167158193414,15.471715500399013
2.4,6.125,110.8353888186479,128.55397138489434,199503.69987356622,1403.3302041178242,117.01804316091261,15.794042906657326
2.4,6.25,113.09733552923255,130.4389269770482,203575.20395261858,1375.2636000354678,118.22441473989109,16.116370312915638
2.4,6.375,115.3592822398172,132.32388256920208,207646.70803167098,1348.297647093596,119.43078631886958,16.438697719173952
2.4,6.5,117.62122895040186,134.20883816135597,211718.2121107233,1322.3688461879499,120.63715789784806,16.761025125432262
2.4,6.625,119.88317566098651,136.09379375350983,215789.71618977573,1297.418490599498,121.84352947682653,17.08335253169058
2.4,6.75,122.14512237157116,137.97874934566372,219861.2202688281,1273.3922222550627,123.04990105580502,17.405679937948893
2.4,6.875,124.40706908215581,139.8637049378176,223932.72434788046,1250.2396363958799,124.2562726347835,17.728007344207203
2.4,7.0,126.66901579274047,141.74866052997146,228004.22842693285,1227.9139286030963,125.46264421376198,18.050334750465517
2.4,7.125,128.9309625033251,143.63361612212535,232075.7325059852,1206.3715789784806,126.66901579274045,18.372662156723827
2.4,7.25,131.19290921390976,145.5185717142792,236147.23658503755,1185.5720689960929,127.87538737171893,18.69498956298214
2.4,7.375,133.4548559244944,147.4035273064331,240218.7406640899,1165.4776271487015,129.0817589506974,19.01731696924045
2.4,7.5,135.71680263507906,149.28848289858698,244290.24474314234,1146.0530000295564,130.2881305296759,19.339644375498768
2.4,7.625,137.97874934566372,151.17343849074084,248361.7488221947,1127.2652459307114,131.4945021086544,19.661971781757078
2.4,7.75,140.24069605624837,153.05839408289472,252433.25290124706,1109.0835484156999,132.70087368763285,19.98429918801539
2.4,7.875,142.50264276683302,154.9433496750486,256504.75698029943,1091.4790476471967,133.90724526661134,20.306626594273705
2.4,8.0,144.76458947741767,156.82830526720247,260576.26105935182,1074.4246875277092,135.11361684558983,20.62895400053202
2.4,8.125,147.02653618800232,158.71326085935635,264647.7651384042,1057.89507695036,136.3199884245683,20.951281406790336
2.4,8.25,149.28848289858698,160.5982164515102,268719.2692174566,1041.8663636632332,137.52636000354676,21.273608813048646
2.4,8.375,151.55042960917163,162.4831720436641,272790.77329650894,1026.3161194294537,138.73273158252528,21.59593621930696
2.4,8.5,153.81237631975628,164.36812763581796,276862.2773755613,1011.223235320197,139.93910316150374,21.91826362556527
2.4,8.625,156.07432303034093,166.25308322797184,280933.78145461367,996.5678261126578,141.1454747404822,22.24059103182358
2.4,8.75,158.3362697409256,168.13803882012573,285005.285533666,982.331142882477,142.35184631946072,22.562918438081894
2.4,8.875,160.59821645151024,170.0229944122796,289076.78961271845,968.4954929827238,143.55821789843918,22.88524584434021
2.4,9.0,162.8601631620949,171.90795000443347,293148.2936917708,955.044166691297,144.76458947741764,23.207573250598525
2.4,9.125,165.12210987267954,173.79290559658736,297219.7977708232,941.9613698873068,145.97096105639616,23.529900656856835
2.4,9.25,167.3840565832642,175.67786118874122,301291.30184987554,929.2321621861269,147.17733263537463,23.852228063115145
2.4,9.375,169.64600329384882,177.5628167808951,305362.8059289279,916.8424000236453,148.3837042143531,24.174555469373455
2.4,9.5,171.90795000443347,179.447772373049,309434.31000798027,904.7786842338604,149.5900757933316,24.496882875631773
2.4,9.625,174.16989671501813,181.33272796520285,313505.81408703263,893.0283117113428,150.79644737231007,24.819210281890086
2.4,9.75,176.43184342560278,183.21768355735674,317577.318166085,881.5792307919666,152.00281895128853,25.141537688148397
2.4,9.875,178.69379013618743,185.1026391495106,321648.82224513736,870.420000022448,153.20919053026702,25.46386509440671
2.4,10.0,180.95573684677208,186.98759474166448,325720.3263241897,859.5397500221674,154.4155621092455,25.786192500665017
2.45,5.0,94.28704951586369,114.68383981929541,169716.68912855466,1791.4539408014098,109.60388449844072,13.435904556010577
2.45,5.125,96.64422575376028,116.60806531961916,173959.60635676852,1747.759942245278,110.83538881864791,13.771802169910842
2.45,5.25,99.00140199165688,118.53229081994292,178202.52358498238,1706.146610287057,112.06689313885512,14.107699783811105
2.45,5.375,101.35857822955346,120.45651632026666,182445.4408131962,1666.4687821408463,113.29839745906231,14.443597397711368
2.45,5.5,103.71575446745005,122.3807418205904,186688.3580414101,1628.5944916376452,114.52990177926952,14.779495011611631
2.45,5.625,106.07293070534665,124.30496732091416,190931.27526962396,1592.4035029345864,115.76140609947672,15.115392625511896
2.45,5.75,108.43010694324323,126.2291928212379,195174.19249783782,1557.7860354794868,116.99291041968391,15.451290239412161
2.45,5.875,110.78728318113983,128.15341832156167,199417.10972605168,1524.6416517458806,118.22441473989113,15.787187853312425
2.45,6.0,113.14445941903642,130.0776438218854,203660.02695426554,1492.8782840011747,119.45591906009832,16.12308546721269
2.45,6.125,115.50163565693302,132.00186932220913,207902.94418247943,1462.4113802460488,120.68742338030552,16.458983081112954
2.45,6.25,117.85881189482961,133.9260948225329,212145.8614106933,1433.163152641128,121.91892770051271,16.79488069501322
2.45,6.375,120.2159881327262,135.85032032285665,216388.77863890718,1405.0619143540468,123.1504320207199,17.130778308913484
2.45,6.5,122.57316437062279,137.7745458231804,220631.69586712102,1378.0414929241613,124.38193634092711,17.46667592281375
2.45,6.625,124.93034060851939,139.69877132350416,224874.6130953349,1352.0407100387997,125.61344066113432,17.80257353671401
2.45,6.75,127.28751684641597,141.6229968238279,229117.53032354874,1327.0029191121555,126.84494498134151,18.138471150614276
2.45,6.875,129.64469308431256,143.54722232415165,233360.44755176263,1302.8755933101163,128.07644930154873,18.47436876451454
2.45,7.0,132.00186932220916,145.47144782447538,237603.3647799765,1279.6099577152927,129.30795362175593,18.810266378414806
2.45,7.125,134.35904556010576,147.39567332479913,241846.28200819035,1257.1606602115157,130.53945794196312,19.146163992315067
2.45,7.25,136.71622179800235,149.3198988251229,246089.19923640424,1235.4854764147653,131.77096226217031,19.482061606215332
2.45,7.375,139.07339803589895,151.24412432544665,250332.11646461807,1214.5450446111254,133.0024665823775,19.817959220115597
2.45,7.5,141.43057427379551,153.16834982577038,254575.03369283193,1194.30262720094,134.2339709025847,20.15385683401586
2.45,7.625,143.7877505116921,155.09257532609413,258817.9509210458,1174.7238956074818,135.4654752227919,20.489754447916123
2.45,7.75,146.1449267495887,157.01680082641786,263060.86814925965,1155.7767360009095,136.6969795429991,20.82565206181639
2.45,7.875,148.5021029874853,158.94102632674162,267303.78537747357,1137.4310735247045,137.9284838632063,21.161549675716653
2.45,8.0,150.8592792253819,160.86525182706538,271546.70260568743,1119.658713000881,139.1599881834135,21.497447289616918
2.45,8.125,153.2164554632785,162.78947732738914,275789.6198339013,1102.433194339329,140.3914925036207,21.833344903517183
2.45,8.25,155.5736317011751,164.7137028277129,280032.53706211515,1085.7296610917635,141.62299682382792,22.16924251741745
2.45,8.375,157.93080793907168,166.63792832803662,284275.454290329,1069.5247407769612,142.8545011440351,22.505140131317717
2.45,8.5,160.28798417696828,168.56215382836038,288518.37151854293,1053.796435765535,144.0860054642423,22.84103774521798
2.45,8.625,162.64516041486485,170.4863793286841,292761.28874675673,1038.5240236529912,145.3175097844495,23.17693535911824
2.45,8.75,165.00233665276144,172.41060482900787,297004.2059749706,1023.6879661722342,146.5490141046567,23.5128329730185
2.45,8.875,167.35951289065804,174.33483032933162,301247.12320318446,1009.2698258036112,147.78051842486389,23.848730586918766
2.45,9.0,169.71668912855463,176.25905582965538,305490.0404313983,995.2521893341166,149.0120227450711,24.18462820081903
2.45,9.125,172.07386536645123,178.1832813299791,309732.95765961224,981.6185976994026,150.24352706527827,24.520525814719303
2.45,9.25,174.43104160434783,180.10750683030287,313975.8748878261,968.3534815142756,151.4750313854855,24.856423428619568
2.45,9.375,176.78821784224442,182.03173233062662,318218.79211603996,955.4421017607518,152.70653570569272,25.19232104251983
2.45,9.5,179.145394080141,183.95595783095035,322461.70934425376,942.8704951586367,153.9380400258999,25.52821865642009
2.45,9.625,181.50257031803758,185.8801833312741,326704.6265724677,930.6254237929402,155.1695443461071,25.86411627032036
2.45,9.75,183.85974655593418,187.80440883159787,330947.54380068154,918.6943286161076,156.4010486663143,26.200013884220624
2.45,9.875,186.21692279383078,189.7286343319216,335190.46102889534,907.0652864817265,157.6325529865215,26.535911498120882
2.45,10.0,188.57409903172737,191.65285983224535,339433.3782571093,895.7269704007049,158.86405730672868,26.871809112021154
2.5,5.0,98.17477042468104,117.80972450961724,176714.58676442588,1865.32063806894,113.09733552923255,13.989904785517048
2.5,5.125,100.62913968529807,119.77321991811087,181132.45143353654,1819.8250127501854,114.35397259066846,14.339652405154974
2.5,5.25,103.08350894591509,121.7367153266045,185550.31610264716,1776.4958457799428,115.61060965210439,14.6894000247929
2.5,5.375,105.53787820653211,123.7002107350981,189968.1807717578,1735.1819889013395,116.86724671354031,15.039147644430827
2.5,5.5,107.99224746714914,125.66370614359172,194386.04544086845,1695.7460346081273,118.12388377497624,15.388895264068752
2.5,5.625,110.44661672776617,127.62720155208535,198803.9101099791,1658.0627893946134,119.38052083641215,15.73864288370668
2.5,5.75,112.9009859883832,129.59069696057898,203221.77477908976,1622.0179461469045,120.63715789784807,16.088390503344606
2.5,5.875,115.35535524900023,131.55419236907258,207639.6394482004,1587.5069260161192,121.89379495928398,16.438138122982533
2.5,6.0,117.80972450961724,133.5176877775662,212057.50411731104,1554.43386505745,123.15043202071989,16.787885742620457
2.5,6.125,120.26409377023427,135.48118318605984,216475.36878642166,1522.7107249542369,124.4070690821558,17.13763336225838
2.5,6.25,122.7184630308513,137.44467859455344,220893.23345553235,1492.256510455152,125.66370614359172,17.48738098189631
2.5,6.375,125.17283229146832,139.40817400304707,225311.09812464297,1462.9965788776,126.92034320502765,17.837128601534236
2.5,6.5,127.62720155208535,141.3716694115407,229728.96279375363,1434.8620292838,128.17698026646354,18.18687622117216
2.5,6.625,130.08157081270238,143.33516482003432,234146.82746286428,1407.789160806747,129.43361732789947,18.53662384081009
2.5,6.75,132.5359400733194,145.29866022852792,238564.69213197497,1381.7189911621779,130.6902543893354,18.886371460448018
2.5,6.875,134.99030933393644,147.26215563702155,242982.5568010856,1356.596827686502,131.94689145077132,19.236119080085942
2.5,7.0,137.44467859455347,149.22565104551518,247400.42147019622,1332.3718843349573,133.20352851220724,19.585866699723866
2.5,7.125,139.8990478551705,151.1891464540088,251818.2861393069,1308.9969389957473,134.46016557364317,19.935614319361797
2.5,7.25,142.3534171157875,153.1526418625024,256236.15080841753,1286.4280262544414,135.71680263507906,20.285361938999717
2.5,7.375,144.80778637640452,155.11613727099603,260654.01547752813,1264.6241614026712,136.973439696515,20.635109558637645
2.5,7.5,147.26215563702155,157.07963267948966,265071.8801466388,1243.54709204596,138.23007675795088,20.984857178275572
2.5,7.625,149.71652489763858,159.0431280879833,269489.74481574947,1223.1610741435672,139.4867138193868,21.334604797913496
2.5,7.75,152.1708941582556,161.0066234964769,273907.6094848601,1203.432669721897,140.74335088082273,21.684352417551427
2.5,7.875,154.62526341887263,162.97011890497052,278325.4741539707,1184.3305638532952,141.99998794225866,22.034100037189347
2.5,8.0,157.07963267948966,164.93361431346415,282743.3388230814,1165.8253987930875,143.25662500369458,22.383847656827278
2.5,8.125,159.5340019401067,166.89710972195775,287161.203492192,1147.88962342704,144.5132620651305,22.733595276465206
2.5,8.25,161.98837120072372,168.86060513045138,291579.0681613027,1130.4973564054183,145.7698991265664,23.083342896103133
2.5,8.375,164.44274046134075,170.824100538945,295996.93283041334,1113.6242615336955,147.02653618800232,23.433090515741057
2.5,8.5,166.89710972195778,172.78759594743863,300414.797499524,1097.2474341582001,148.28317324943825,23.782838135378984
2.5,8.625,169.3514789825748,174.75109135593226,304832.66216863465,1081.3452974312695,149.53981031087415,24.132585755016912
2.5,8.75,171.80584824319183,176.71458676442586,309250.5268377453,1065.8975074679656,150.79644737231007,24.482333374654832
2.5,8.875,174.26021750380883,178.6780821729195,313668.3915068559,1050.8848665177127,152.053084433746,24.83208099429276
2.5,9.0,176.71458676442586,180.64157758141312,318086.2561759665,1036.2892433716333,153.30972149518192,25.181828613930684
2.5,9.125,179.1689560250429,182.60507298990674,322504.1208450772,1022.0935003117479,154.56635855661784,25.53157623356861
2.5,9.25,181.62332528565992,184.56856839840034,326921.98551418784,1008.2814259832109,155.82299561805374,25.88132385320654
2.5,9.375,184.07769454627694,186.53206380689397,331339.8501832986,994.837673636768,157.07963267948966,26.231071472844473
2.5,9.5,186.53206380689397,188.4955592153876,335757.7148524091,981.7477042468105,158.3362697409256,26.580819092482386
2.5,9.625,188.986433067511,190.45905462388123,340175.57952151983,968.997734061787,159.5929068023615,26.93056671212032
2.5,9.75,191.44080232812803,192.42255003237483,344593.44419063046,956.5746861892001,160.8495438637974,27.280314331758245
2.5,9.875,193.89517158874506,194.38604544086846,349011.3088597411,944.4661458576911,162.10618092523333,27.630061951396172
2.5,10.0,196.34954084936209,196.34954084936209,353429.17352885177,932.66031903447,163.36281798666926,27.979809571034096
2.55,5.0,102.14103114983813,120.96702512647497,183853.85606970865,1940.6795918469247,116.64105204248182,14.555096938851936
2.55,5.125,104.69455692858408,122.96979044313846,188450.20247145134,1893.3459432652926,117.92282184514644,14.91897436232323
2.55,5.25,107.24808270733003,124.97255575980196,193046.54887319403,1848.2662779494522,119.2045916478111,15.282851785794527
2.55,5.375,109.80160848607598,126.97532107646543,197642.89527493675,1805.2833412529533,120.48636145047573,15.646729209265825
2.55,5.5,112.35513426482194,128.97808639312893,202239.2416766795,1764.2541744062953,121.76813125314035,16.010606632737126
2.55,5.625,114.90866004356789,130.98085170979243,206835.58807842224,1725.0485260861553,123.049901055805,16.374484056208427
2.55,5.75,117.46218582231384,132.98361702645593,211431.93448016493,1687.547471171239,124.33167085846964,16.73836147967972
2.55,5.875,120.01571160105979,134.9863823431194,216028.28088190762,1651.64220582717,125.61344066113426,17.102238903151022
2.55,6.0,122.56923737980574,136.9891476597829,220624.62728365033,1617.2329932057708,126.8952104637989,17.466116326622316
2.55,6.125,125.1227631585517,138.9919129764464,225220.97368539308,1584.2282382423875,128.17698026646354,17.829993750093617
2.55,6.25,127.67628893729766,140.9946782931099,229817.32008713577,1552.5436734775399,129.45875006912817,18.19387117356491
2.55,6.375,130.22981471604362,142.9974436097734,234413.66648887852,1522.1016406642548,130.7405198717928,18.557748597036216
2.55,6.5,132.78334049478957,145.00020892643687,239010.0128906212,1492.8304552668653,132.02228967445745,18.92162602050751
2.55,6.625,135.33686627353552,147.00297424310037,243606.35929236392,1464.6638429033394,133.30405947712208,19.28550344397881
2.55,6.75,137.89039205228147,149.00573955976387,248202.70569410664,1437.5404384051294,134.5858292797867,19.649380867450112
2.55,6.875,140.44391783102742,151.00850487642737,252799.05209584936,1411.4033395250362,135.86759908245136,20.013258290921407
2.55,7.0,142.99744360977337,153.01127019309087,257395.39849759208,1386.1997084620891,137.149368885116,20.377135714392708
2.55,7.125,145.55096938851932,155.01403550975434,261991.74489933476,1361.8804153311753,138.43113868778062,20.741013137864
2.55,7.25,148.10449516726527,157.01680082641784,266588.0913010775,1338.3997185151206,139.71290849044527,21.104890561335306
2.55,7.375,150.65802094601122,159.01956614308133,271184.43770282017,1315.7149775233388,140.9946782931099,21.4687679848066
2.55,7.5,153.2115467247572,161.02233145974483,275780.78410456295,1293.7863945646166,142.27644809577453,21.8326454082779
2.55,7.625,155.76507250350315,163.0250967764083,280377.13050630566,1272.576781538967,143.55821789843918,22.1965228317492
2.55,7.75,158.3185982822491,165.0278620930718,284973.4769080484,1252.051349578661,144.8399877011038,22.560400255220497
2.55,7.875,160.87212406099505,167.0306274097353,289569.8233097911,1232.177518632968,146.12175750376844,22.924277678691798
2.55,8.0,163.425649839741,169.0333927263988,294166.1697115338,1212.924744904328,147.4035273064331,23.288155102163095
2.55,8.125,165.97917561848695,171.0361580430623,298762.51611327654,1194.2643642134922,148.68529710909772,23.652032525634393
2.55,8.25,168.5327013972329,173.0389233597258,303358.8625150192,1176.1694496041969,149.96706691176234,24.015909949105687
2.55,8.375,171.08622717597885,175.04168867638927,307955.2089167619,1158.6146816996566,151.24883671442697,24.379787372576985
2.55,8.5,173.6397529547248,177.04445399305277,312551.55531850463,1141.576230498191,152.5306065170916,24.743664796048282
2.55,8.625,176.19327873347078,179.04721930971627,317147.9017202474,1125.0316474474926,153.81237631975625,25.107542219519587
2.55,8.75,178.74680451221673,181.04998462637977,321744.2481219901,1108.9597667696714,155.0941461224209,25.471419642990885
2.55,8.875,181.30033029096268,183.05274994304324,326340.59452373284,1093.340615125028,156.3759159250855,25.835297066462186
2.55,9.0,183.85385606970863,185.05551525970674,330936.9409254755,1078.1553288038472,157.65768572775016,26.19917448993348
2.55,9.125,186.40738184845458,187.05828057637024,335533.2873272182,1063.3860777243424,158.9394555304148,26.563051913404774
2.55,9.25,188.96090762720053,189.06104589303374,340129.6337289609,1049.0159955929323,160.22122533307942,26.926929336876068
2.55,9.375,191.51443340594648,191.06381120969723,344725.98013070365,1035.0291156516932,161.50299513574407,27.29080676034737
2.55,9.5,194.06795918469243,193.0665765263607,349322.3265324464,1021.4103114983815,162.78476493840867,27.654684183818674
2.55,9.625,196.62148496343838,195.0693418430242,353918.6729341891,1008.145242517883,164.06653474107333,28.018561607289968
2.55,9.75,199.17501074218436,197.0721071596877,358515.01933593187,995.2203035112435,165.34830454373798,28.382439030761272
2.55,9.875,201.7285365209303,199.0748724763512,363111.3657376745,982.6225781503417,166.6300743464026,28.746316454232566
2.55,10.0,204.28206229967626,201.07763779301467,367707.7121394173,970.3397959234624,167.91184414906724,29.11019387770387
2.6,5.0,106.18583169133501,124.15574166986863,191134.49704440305,2017.5308021353653,120.23503403818857,15.131481016015242
2.6,5.125,108.84047748361839,126.19777689470199,195912.8594705131,1968.3227337906003,121.54193658208192,15.509768041415622
2.6,5.25,111.49512327590176,128.23981211953537,200691.22189662317,1921.457906795586,122.84883912597527,15.888055066816001
2.6,5.375,114.14976906818514,130.2818473443687,205469.58432273325,1876.7728391956887,124.15574166986863,16.26634209221638
2.6,5.5,116.80441486046851,132.32388256920208,210247.9467488433,1834.1189110321502,125.46264421376199,16.644629117616763
2.6,5.625,119.45906065275189,134.36591779403545,215026.30917495344,1793.3607130092134,126.76954675765535,17.022916143017145
2.6,5.75,122.11370644503526,136.40795301886882,219804.67160106348,1754.3746105524915,128.0764493015487,17.401203168417524
2.6,5.875,124.76835223731864,138.4499882437022,224583.03402717356,1717.0474911790343,129.38335184544206,17.779490193817907
2.6,6.0,127.42299802960201,140.49202346853554,229361.3964532836,1681.2756684461376,130.6902543893354,18.15777721921829
2.6,6.125,130.07764382188537,142.53405869336893,234139.75887939366,1646.9639201105022,131.99715693322878,18.536064244618665
2.6,6.25,132.73228961416876,144.57609391820228,238918.12130550377,1614.0246417082922,133.3040594771221,18.914351270019047
2.6,6.375,135.38693540645215,146.61812914303565,243696.48373161387,1582.377099714012,134.61096202101547,19.29263829541943
2.6,6.5,138.0415811987355,148.66016436786902,248474.84615772392,1551.9467708733578,135.91786456490883,19.67092532081981
2.6,6.625,140.69622699101888,150.70219959270236,253253.208583834,1522.6647563285776,137.22476710880215,20.049212346220195
2.6,6.75,143.35087278330226,152.74423481753576,258031.57100994408,1494.4672608410112,138.53166965269554,20.427499371620573
2.6,6.875,146.00551857558565,154.7862700423691,262809.93343605415,1467.2951288257202,139.83857219658887,20.805786397020956
2.6,7.0,148.66016436786902,156.82830526720247,267588.29586216423,1441.0934300966894,141.14547474048223,21.18407342242133
2.6,7.125,151.31481016015238,158.87034049203584,272366.65828827425,1415.8110892178001,142.4523772843756,21.56236044782171
2.6,7.25,153.96945595243577,160.9123757168692,277145.0207143844,1391.4005531968037,143.75927982826894,21.940647473222096
2.6,7.375,156.62410174471916,162.95441094170258,281923.38314049446,1367.817492973129,145.0661823721623,22.31893449862248
2.6,7.5,159.27874753700252,164.99644616653592,286701.74556660454,1345.0205347569101,146.37308491605566,22.69722152402286
2.6,7.625,161.93339332928588,167.03848139136932,291480.10799271456,1322.9710177936822,147.67998745994902,23.075508549423233
2.6,7.75,164.58803912156927,169.08051661620266,296258.4704188247,1301.6327755712034,148.98689000384238,23.453795574823623
2.6,7.875,167.24268491385266,171.12255184103603,301036.8328449348,1280.971937863724,150.2937925477357,23.832082600224002
2.6,8.0,169.89733070613602,173.1645870658694,305815.19527104485,1260.9567513346033,151.60069509162906,24.210369625624384
2.6,8.125,172.55197649841938,175.20662229070277,310593.5576971549,1241.5574166986862,152.90759763552242,24.588656651024763
2.6,8.25,175.20662229070277,177.24865751553614,315371.920123265,1222.7459406881,154.21450017941578,24.96694367642515
2.6,8.375,177.86126808298616,179.2906927403695,320150.2825493751,1204.496001274845,155.52140272330914,25.34523070182553
2.6,8.5,180.51591387526952,181.33272796520285,324928.6449754851,1186.7828247855089,156.8283052672025,25.7235177272259
2.6,8.625,183.17055966755288,183.37476319003622,329707.0074015952,1169.583073701661,158.13520781109582,26.101804752626286
2.6,8.75,185.82520545983627,185.4167984148696,334485.3698277053,1152.8747440773516,159.44211035498918,26.48009177802667
2.6,8.875,188.47985125211966,187.45883363970296,339263.7322538154,1136.6370716255578,160.74901289888254,26.85837880342705
2.6,9.0,191.13449704440302,189.50086886453633,344042.0946799254,1120.8504456307585,162.0559154427759,27.236665828827427
2.6,9.125,193.78914283668638,191.5429040893697,348820.45710603544,1105.4963299371864,163.36281798666926,27.614952854227802
2.6,9.25,196.44378862896977,193.58493931420304,353598.8195321456,1090.5571903434407,164.66972053056259,27.99323987962819
2.6,9.375,199.09843442125316,195.6269745390364,358377.1819582557,1076.016427805528,165.97662307445597,28.371526905028578
2.6,9.5,201.75308021353652,197.66900976386978,363155.5443843657,1061.85831691335,167.2835256183493,28.749813930428953
2.6,9.625,204.40772600581988,199.71104498870315,367933.9068104758,1048.0679491612286,168.5904281622427,29.128100955829336
2.6,9.75,207.06237179810327,201.75308021353652,372712.2692365858,1034.6311805822386,169.89733070613602,29.506387981229715
2.6,9.875,209.71701759038666,203.7951154383699,377490.631662696,1021.5345833596785,171.20423325002938,29.884675006630104
2.6,10.0,212.37166338267002,205.83715066320326,382268.9940888061,1008.7654010676827,172.51113579392273,30.262962032030483
2.65,5.0,110.3091720491716,127.37587413979814,198556.50968850887,2095.8742689342607,123.87928151635272,15.719057017006952
2.65,5.125,113.06690135040088,129.4571792728014,203520.42243072158,2044.7553843261078,125.2113168014748,16.112033442432125
2.65,5.25,115.82463065163017,131.53848440580464,208484.33517293428,1996.0707323183433,126.54335208659685,16.505009867857297
2.65,5.375,118.58235995285946,133.61978953880788,213448.24791514705,1949.6504827295446,127.87538737171894,16.89798629328248
2.65,5.5,121.34008925408875,135.7010946718111,218412.16065735975,1905.3402444856913,129.207422656841,17.290962718707647
2.65,5.625,124.09781855531804,137.78239980481433,223376.0733995725,1862.999350163787,130.53945794196306,17.68393914413282
2.65,5.75,126.85554785654733,139.86370493781757,228339.9861417852,1822.4993642906613,131.87149322708515,18.076915569557993
2.65,5.875,129.61327715777662,141.9450100708208,233303.89888399793,1783.7227820717112,133.2035285122072,18.46989199498317
2.65,6.0,132.3710064590059,144.02631520382405,238267.81162621063,1746.5618907785504,134.5355637973293,18.862868420408343
2.65,6.125,135.1287357602352,146.10762033682727,243231.7243684234,1710.91777055858,135.86759908245136,19.25584484583352
2.65,6.25,137.8864650614645,148.1889254698305,248195.6371106361,1676.6994151474084,137.19963436757342,19.648821271258694
2.65,6.375,140.64419436269378,150.27023060283375,253159.5498528488,1643.822956026871,138.5316696526955,20.04179769668386
2.65,6.5,143.40192366392307,152.351535735837,258123.46259506152,1612.2109761032773,139.8637049378176,20.434774122109037
2.65,6.625,146.15965296515236,154.43284086884023,263087.3753372742,1581.7919010824608,141.19574022293966,20.827750547534208
2.65,6.75,148.91738226638165,156.51414600184347,268051.288079487,1552.4994584698227,142.52777550806172,21.220726972959383
2.65,6.875,151.67511156761094,158.5954511348467,273015.2008216997,1524.2721955885531,143.85981079318378,21.613703398384562
2.65,7.0,154.43284086884023,160.67675626784995,277979.1135639124,1497.0530492387575,145.1918460783059,22.00667982380973
2.65,7.125,157.19057017006952,162.7580614008532,282943.02630612516,1470.7889606556214,146.52388136342796,22.39965624923491
2.65,7.25,159.9482994712988,164.83936653385643,287906.93904833787,1445.43053029949,147.85591664855002,22.79263267466008
2.65,7.375,162.7060287725281,166.92067166685968,292870.8517905506,1420.9317077520411,149.18795193367208,23.185609100085255
2.65,7.5,165.4637580737574,169.00197679986292,297834.7645327633,1397.2495126228403,150.51998721879417,23.578585525510427
2.65,7.625,168.22148737498668,171.08328193286616,302798.67727497604,1374.3437829077118,151.85202250391626,23.971561950935605
2.65,7.75,170.97921667621597,173.16458706586937,307762.59001718875,1352.176947699523,153.18405778903832,24.364538376360773
2.65,7.875,173.73694597744526,175.2458921988726,312726.50275940145,1330.7138215455623,154.51609307416038,24.75751480178595
2.65,8.0,176.49467527867455,177.32719733187585,317690.4155016142,1309.9214180839128,155.84812835928244,25.150491227211127
2.65,8.125,179.25240457990384,179.4085024648791,322654.3282438269,1289.768780882622,157.18016364440453,25.543467652636295
2.65,8.25,182.01013388113313,181.48980759788233,327618.24098603963,1270.2268296571276,158.51219892952662,25.936444078061474
2.65,8.375,184.76786318236242,183.57111273088557,332582.1537282523,1251.26822025926,159.84423421464868,26.32942050348664
2.65,8.5,187.5255924835917,185.65241786388881,337546.0664704651,1232.8672170201532,161.17626949977074,26.72239692891182
2.65,8.625,190.283321784821,187.73372299689203,342509.9792126778,1214.9995761937741,162.5083047848928,27.11537335433699
2.65,8.75,193.0410510860503,189.81502812989527,347473.8919548905,1197.642439391006,163.84034007001486,27.508349779762167
2.65,8.875,195.79878038727958,191.8963332628985,352437.8046971032,1180.7742360193017,165.17237535513695,27.90132620518734
2.65,9.0,198.55650968850887,193.97763839590175,357401.717439316,1164.374593852367,166.50441064025904,28.294302630612517
2.65,9.125,201.31423898973816,196.058943528905,362365.6301815287,1148.4242569502796,167.8364459253811,28.687279056037685
2.65,9.25,204.07196829096745,198.14024866190823,367329.5429237414,1132.9050102347355,169.16848121050316,29.080255481462864
2.65,9.375,206.82969759219674,200.22155379491147,372293.45566595416,1117.7996100982723,170.50051649562525,29.473231906888042
2.65,9.5,209.58742689342603,202.3028589279147,377257.36840816686,1103.0917204917162,171.83255178074734,29.86620833231321
2.65,9.625,212.34515619465532,204.38416406091795,382221.28115037957,1088.7658539918236,173.1645870658694,30.259184757738385
2.65,9.75,215.1028854958846,206.46546919392117,387185.1938925923,1074.807317402185,174.49662235099146,30.652161183163553
2.65,9.875,217.8606147971139,208.5467743269244,392149.1066348051,1061.2021614857015,175.82865763611352,31.04513760858874
2.7,5.0,114.51105222334796,130.6274225362636,206119.89400202635,2175.7099922436114,127.57379447697434,16.317824941827087
2.7,5.125,117.37382852893165,132.7479975774367,211272.891352077,2122.643894871816,128.93096250332513,16.72577056537276
2.7,5.25,120.23660483451536,134.86857261860982,216425.88870212762,2072.1047545177253,130.28813052967593,17.133716188918434
2.7,5.375,123.09938114009906,136.98914765978293,221578.8860521783,2023.9162718545224,131.64529855602672,17.541661812464117
2.7,5.5,125.96215744568275,139.10972270095604,226731.88340222894,1977.9181747669195,133.0024665823775,17.949607436009792
2.7,5.625,128.82493375126646,141.23029774212915,231884.88075227966,1933.964437549877,134.3596346087283,18.35755305955547
2.7,5.75,131.68771005685016,143.35087278330226,237037.8781023303,1891.921732385749,135.7168026350791,18.765498683101146
2.7,5.875,134.55048636243384,145.47144782447538,242190.87545238092,1851.6680785052013,137.07397066142988,19.173444306646825
2.7,6.0,137.41326266801755,147.5920228656485,247343.8728024316,1813.0916602030095,138.43113868778067,19.581389930192504
2.7,6.125,140.27603897360126,149.7125979068216,252496.87015248227,1776.0897895866217,139.78830671413147,19.98933555373818
2.7,6.25,143.13881527918494,151.83317294799468,257649.8675025329,1740.5679937948892,141.14547474048226,20.397281177283855
2.7,6.375,146.00159158476865,153.95374798916782,262802.86485258356,1706.4392096028325,142.50264276683305,20.80522680082953
2.7,6.5,148.86436789035236,156.0743230303409,267955.8622026342,1673.6230709566241,143.85981079318384,21.21317242437521
2.7,6.625,151.72714419593603,158.19489807151405,273108.8595526849,1642.0452771649898,145.21697881953463,21.621118047920884
2.7,6.75,154.58992050151974,160.31547311268713,278261.85690273554,1611.637031291564,146.57414684588542,22.029063671466563
2.7,6.875,157.45269680710345,162.43604815386027,283414.8542527862,1582.3345398135357,147.93131487223621,22.437009295012242
2.7,7.0,160.31547311268713,164.55662319503335,288567.85160283686,1554.078565888294,149.288482898587,22.844954918557917
2.7,7.125,163.17824941827084,166.6771982362065,293720.8489528875,1526.8140296446397,150.6456509249378,23.252900542103596
2.7,7.25,166.04102572385455,168.79777327737958,298873.8463029382,1500.4896498231803,152.0028189512886,23.660846165649275
2.7,7.375,168.90380202943825,170.9183483185527,304026.84365298884,1475.0576218600756,153.35998697763935,24.06879178919495
2.7,7.5,171.76657833502193,173.0389233597258,309179.8410030395,1450.4733281624076,154.71715500399014,24.476737412740626
2.7,7.625,174.62935464060564,175.1594984008989,314332.83835309016,1426.6950768810568,156.07432303034093,24.884683036286305
2.7,7.75,177.49213094618935,177.28007344207202,319485.8357031408,1403.6838659636203,157.43149105669173,25.29262865983198
2.7,7.875,180.35490725177303,179.40064848324513,324638.8330531914,1381.4031696784834,158.78865908304252,25.700574283377655
2.7,8.0,183.21768355735674,181.52122352441825,329791.83040324214,1359.8187451522572,160.1458271093933,26.108519906923338
2.7,8.125,186.08045986294044,183.64179856559136,334944.82775329275,1338.8984567652994,161.5029951357441,26.51646553046901
2.7,8.25,188.94323616852412,185.76237360676447,340097.8251033434,1318.6121165112797,162.8601631620949,26.924411154014685
2.7,8.375,191.80601247410783,187.88294864793758,345250.8224533941,1298.9313386529025,164.21733118844568,27.33235677756037
2.7,8.5,194.66878877969154,190.0035236891107,350403.8198034448,1279.8294072021245,165.57449921479648,27.740302401106046
2.7,8.625,197.53156508527522,192.1240987302838,355556.8171534954,1261.2811549238327,166.93166724114727,28.148248024651718
2.7,8.75,200.39434139085893,194.24467377145692,360709.8145035461,1243.2628527106351,168.28883526749806,28.5561936481974
2.7,8.875,203.25711769644263,196.36524881263003,365862.8118535968,1225.75210830626,169.64600329384885,28.964139271743083
2.7,9.0,206.11989400202634,198.48582385380314,371015.8092036474,1208.7277734686731,171.00317132019964,29.372084895288754
2.7,9.125,208.98267030761002,200.60639889497625,376168.806553698,1192.1698587636226,172.36033934655043,29.780030518834433
2.7,9.25,211.84544661319373,202.72697393614936,381321.80390374863,1176.059455266817,173.71750737290122,30.187976142380094
2.7,9.375,214.70822291877744,204.84754897732245,386474.80125379935,1160.378662529926,175.07467539925202,30.595921765925784
2.7,9.5,217.57099922436112,206.96812401849556,391627.79860385,1145.1105222334797,176.4318434256028,31.003867389471463
2.75,5.0,118.79147221386404,133.91038685926492,213824.64998495526,2257.037972063417,131.31857292005336,16.927784790475624
2.75,5.125,121.76125901921064,136.0702318086079,219170.26623457915,2201.988265427724,132.70087368763285,17.350979410237517
2.75,5.25,124.73104582455724,138.23007675795088,224515.88248420303,2149.5599733937306,134.08317445521237,17.774174029999408
2.75,5.375,127.70083262990384,140.38992170729387,229861.4987338269,2099.5702065706205,135.46547522279187,18.197368649761298
2.75,5.5,130.67061943525044,142.54976665663685,235207.1149834508,2051.8527018758336,136.8477759903714,18.62056326952319
2.75,5.625,133.64040624059703,144.70961160597983,240552.73123307468,2006.2559751674817,138.23007675795088,19.04375788928508
2.75,5.75,136.61019304594365,146.8694565553228,245898.34748269856,1962.6417148377539,139.6123775255304,19.46695250904697
2.75,5.875,139.57997985129026,149.0293015046658,251243.96373232247,1920.8833804795038,140.99467829310993,19.89014712880886
2.75,6.0,142.54976665663685,151.18914645400878,256589.57998194633,1880.864976719514,142.37697906068942,20.313341748570753
2.75,6.125,145.51955346198343,153.34899140335176,261935.19623157018,1842.4799771946261,143.75927982826892,20.736536368332636
2.75,6.25,148.48934026733005,155.50883635269474,267280.8124811941,1805.6303776507336,145.14158059584844,21.159730988094534
2.75,6.375,151.45912707267667,157.66868130203773,272626.428730818,1770.2258604418957,146.52388136342796,21.582925607856424
2.75,6.5,154.42891387802325,159.8285262513807,277972.04498044186,1736.1830554333976,147.90618213100748,22.006120227618315
2.75,6.625,157.39870068336984,161.9883712007237,283317.6612300657,1703.4248845761638,149.28848289858695,22.4293148473802
2.75,6.75,160.36848748871645,164.14821615006667,288663.2774796896,1671.8799793062349,150.67078366616647,22.852509467142095
2.75,6.875,163.33827429406307,166.30806109940966,294008.8937293135,1641.482161500667,152.053084433746,23.275704086903982
2.75,7.0,166.30806109940966,168.46790604875264,299354.5099789374,1612.1699800452977,153.43538520132552,23.69889870666588
2.75,7.125,169.27784790475624,170.62775099809562,304700.1262285612,1583.886296184854,154.817685968905,24.12209332642776
2.75,7.25,172.24763471010286,172.7875959474386,310045.74247818516,1556.5779117678737,156.1999867364845,24.54528794618966
2.75,7.375,175.21742151544947,174.9474408967816,315391.35872780904,1530.1952352972319,157.58228750406403,24.968482565951547
2.75,7.5,178.18720832079606,177.10728584612457,320736.9749774329,1504.6919813756112,158.96458827164355,25.39167718571344
2.75,7.625,181.15699512614265,179.26713079546755,326082.59122705675,1480.024899713716,160.34688903922304,25.814871805475324
2.75,7.75,184.12678193148926,181.42697574481053,331428.2074766807,1456.1535303634948,161.72918980680254,26.238066425237218
2.75,7.875,187.09656873683588,183.58682069415352,336773.8237263046,1433.039982262487,163.11149057438206,26.66126104499911
2.75,8.0,190.06635554218246,185.7466656434965,342119.43997592846,1410.6487325396356,164.49379134196158,27.084455664761006
2.75,8.125,193.03614234752905,187.90651059283948,347465.0562255522,1388.9464443467182,165.87609210954108,27.50765028452289
2.75,8.25,196.00592915287567,190.06635554218246,352810.6724751763,1367.9018012505558,167.25839287712057,27.93084490428479
2.75,8.375,198.97571595822228,192.22620049152545,358156.2887248001,1347.4853564557714,168.6406936447001,28.354039524046673
2.75,8.5,201.94550276356887,194.38604544086843,363501.90497442393,1327.6693953314218,170.02299441227962,28.777234143808563
2.75,8.625,204.91528956891545,196.5458903902114,368847.5212240478,1308.427809891836,171.4052951798591,29.20042876357045
2.75,8.75,207.88507637426207,198.7057353395544,374193.1374736717,1289.7359840362383,172.7875959474386,29.62362338333234
2.75,8.875,210.85486317960869,200.86558028889738,379538.75372329564,1271.5706884864321,174.16989671501813,30.046818003094238
2.75,9.0,213.82464998495527,203.02542523824036,384884.36997291946,1253.909984479676,175.55219748259765,30.470012622856125
2.75,9.125,216.79443679030186,205.18527018758334,390229.9862225434,1236.7331353772147,176.93449825017714,30.89320724261802
2.75,9.25,219.76422359564847,207.34511513692632,395575.60247216723,1220.020525439685,178.31679901775664,31.31640186237991
2.8,5.0,123.15043202071989,137.22476710880215,221670.7776372958,2339.8582083936776,135.1136168455898,17.548936562952584
2.8,5.125,126.22919282123789,139.423881966315,227212.5470782282,2282.788495993832,136.52105035439803,17.9876599770264
2.8,5.25,129.30795362175587,141.62299682382786,232754.31651916058,2228.43638894636,137.92848386320625,18.426383391100213
2.8,5.375,132.38671442227388,143.82211168134071,238296.08596009295,2176.61228687784,139.33591737201448,18.865106805174026
2.8,5.5,135.46547522279187,146.0212265388536,243837.8554010254,2127.1438258124344,140.74335088082273,19.303830219247843
2.8,5.625,138.54423602330988,148.22034139636645,249379.62484195776,2079.8739630166024,142.15078438963096,19.742553633321656
2.8,5.75,141.62299682382786,150.4194562538793,254921.3942828902,2034.6593116466763,143.55821789843918,20.181277047395472
2.8,5.875,144.70175762434587,152.61857111139216,260463.16372382257,1991.3686879946192,144.9656514072474,20.620000461469285
2.8,6.0,147.78051842486386,154.817685968905,266004.93316475494,1949.8818403280648,146.37308491605563,21.058723875543098
2.8,6.125,150.85927922538187,157.01680082641786,271546.7026056874,1910.088333382594,147.78051842486386,21.497447289616918
2.8,6.25,153.93804002589985,159.21591568393072,277088.47204661975,1871.886566714942,149.18795193367208,21.936170703690728
2.8,6.375,157.01680082641786,161.41503054144357,282630.2414875522,1835.1829085440609,150.5953854424803,22.374894117764544
2.8,6.5,160.09556162693585,163.61414539895642,288172.01092848455,1799.8909295335982,152.00281895128853,22.81361753183836
2.8,6.625,163.17432242745386,165.81326025646928,293713.7803694169,1765.9307233159832,153.41025246009679,23.25234094591217
2.8,6.75,166.25308322797184,168.01237511398213,299255.5498103493,1733.2283025138354,154.81768596890498,23.691064359985987
2.8,6.875,169.33184402848985,170.21148997149498,304797.31925128173,1701.7150606499474,156.22511947771324,24.129787774059803
2.8,7.0,172.41060482900784,172.41060482900784,310339.0886922141,1671.3272917097697,157.63255298652143,24.568511188133616
2.8,7.125,175.48936562952585,174.6097196865207,315880.85813314654,1642.0057602762652,159.03998649532969,25.007234602207433
2.8,7.25,178.56812643004383,176.80883454403354,321422.6275740789,1613.695316133571,160.44742000413788,25.445958016281246
2.8,7.375,181.64688723056184,179.00794940154643,326964.39701501135,1586.3445480635103,161.85485351294614,25.884681430355062
2.8,7.5,184.72564803107983,181.20706425905928,332506.1664559437,1559.905472262452,163.26228702175436,26.323404844428875
2.8,7.625,187.80440883159784,183.40617911657213,338047.9358968761,1534.3332514056904,164.66972053056259,26.76212825850269
2.8,7.75,190.88316963211582,185.605293974085,343589.70533780847,1509.5859408991469,166.07715403937084,27.2008516725765
2.8,7.875,193.96193043263384,187.80440883159784,349131.4747787409,1485.6242592975732,167.48458754817904,27.639575086650318
2.8,8.0,197.04069123315182,190.0035236891107,354673.2442196733,1462.4113802460486,168.8920210569873,28.078298500724134
2.8,8.125,200.1194520336698,192.20263854662355,360215.01366060565,1439.9127436268786,170.2994545657955,28.517021914797947
2.8,8.25,203.1982128341878,194.4017534041364,365756.7831015381,1418.0958838749561,171.70688807460374,28.955745328871764
2.8,8.375,206.2769736347058,196.60086826164925,371298.5525424704,1396.9302736678674,173.11432158341194,29.39446874294557
2.8,8.5,209.3557344352238,198.7999831191621,376840.3219834028,1376.3871814080458,174.5217550922202,29.83319215701939
2.8,8.625,212.4344952357418,200.99909797667496,382382.09142433526,1356.4395410977843,175.9291886010284,30.271915571093206
2.8,8.75,215.5132560362598,203.1982128341878,387923.86086526763,1337.0618333678158,177.33662210983664,30.710638985167016
2.8,8.875,218.5920168367778,205.39732769170067,393465.6303062,1318.2299765598184,178.74405561864484,31.149362399240836
2.85,5.0,127.58793164391548,140.5705632848753,229658.2769590479,2424.170701234394,138.95892625358374,18.181280259257957
2.85,5.125,130.77762993501338,142.80894805055803,235399.73388302408,2365.0445865701404,140.39149250362067,18.635812265739407
2.85,5.25,133.96732822611125,145.04733281624075,241141.19080700024,2308.7340011756132,141.82405875365765,19.090344272220854
2.85,5.375,137.15702651720915,147.2857175819235,246882.64773097646,2255.0425127761805,143.25662500369458,19.544876278702304
2.85,5.5,140.34672480830704,149.52410234760623,252624.10465495268,2203.791546576722,144.6891912537315,19.999408285183755
2.85,5.625,143.5364230994049,151.76248711328896,258365.56157892884,2154.818401097239,146.1217575037685,20.4539402916652
2.85,5.75,146.7261213905028,154.00087187897168,264107.01850290503,2107.9745228125166,147.55432375380542,20.908472298146652
2.85,5.875,149.91581968160068,156.2392566446544,269848.4754268812,2063.124001050548,148.98689000384235,21.363004304628095
2.85,6.0,153.10551797269858,158.47764141033713,275589.9323508574,2020.1422510286618,150.41945625387933,21.817536311109546
2.85,6.125,156.29521626379648,160.71602617601985,281331.38927483367,1978.9148581505258,151.85202250391626,22.272068317591003
2.85,6.25,159.48491455489435,162.95441094170258,287072.8461988098,1939.3365609875152,153.2845887539532,22.72660032407244
2.85,6.375,162.67461284599224,165.1927957073853,292814.30312278605,1901.3103539093288,154.71715500399017,23.181132330553893
2.85,6.5,165.8643111370901,167.43118047306803,298555.7600467622,1864.7466932572263,156.1497212540271,23.63566433703534
2.85,6.625,169.054009428188,169.66956523875075,304297.21697073843,1829.5627933844485,157.58228750406403,24.090196343516794
2.85,6.75,172.2437077192859,171.9079500044335,310038.6738947146,1795.682000914366,159.014853754101,24.54472834999824
2.85,6.875,175.43340601038378,174.14633477011623,315780.1308186908,1763.0332372613775,160.44742000413794,24.99926035647969
2.85,7.0,178.62310430148167,176.38471953579895,321521.587742667,1731.5505008817101,161.87998625417487,25.45379236296114
2.85,7.125,181.81280259257957,178.62310430148167,327263.04466664325,1701.172421918873,163.31255250421182,25.908324369442592
2.85,7.25,185.00250088367744,180.8614890671644,333004.5015906194,1671.8418629202718,164.74511875424878,26.36285637592404
2.85,7.375,188.19219917477534,183.09987383284712,338745.95851459564,1643.5055601589113,166.1776850042857,26.81738838240549
2.85,7.5,191.38189746587324,185.33825859852988,344487.4154385718,1616.1138008229293,167.6102512543227,27.271920388886937
2.85,7.625,194.5715957569711,187.5766433642126,350228.872362548,1589.6201319569798,169.04281750435962,27.726452395368387
2.85,7.75,197.761294048069,189.81502812989532,355970.3292865242,1563.9810975705768,170.47538375439655,28.180984401849837
2.85,7.875,200.95099233916687,192.05341289557805,361711.78621050034,1539.1560007837422,171.9079500044335,28.635516408331274
2.85,8.0,204.14069063026477,194.29179766126077,367453.2431344766,1515.1066882714963,173.34051625447046,29.090048414812728
2.85,8.125,207.33038892136267,196.5301824269435,373194.7000584528,1491.797354605781,174.77308250450739,29.544580421294178
2.85,8.25,210.52008721246054,198.76856719262622,378936.156982429,1469.1943643844813,176.2056487545443,29.999112427775625
2.85,8.375,213.70978550355844,201.00695195830895,384677.61390640517,1447.2660902891905,177.6382150045813,30.453644434257075
2.85,8.5,216.8994837946563,203.24533672399167,390419.07083038136,1425.9827654319965,179.07078125461823,30.908176440738526
2.9,5.0,132.1039710834508,143.9477753874843,237787.14795021142,2509.9754505855653,142.85450114403508,18.824815879391736
2.9,5.125,135.40657036053707,146.2254300613369,243731.82664896676,2448.7565371566493,144.31220013530074,19.295436276376535
2.9,5.25,138.70916963762332,148.5030847351895,249676.50534772198,2390.452810081491,145.7698991265664,19.766056673361323
2.9,5.375,142.0117689147096,150.78073940904213,255621.18404647725,2334.860884265642,147.2275981178321,20.236677070346115
2.9,5.5,145.31436819179586,153.05839408289472,261565.86274523256,2281.795864168696,148.68529710909775,20.70729746733091
2.9,5.625,148.61696746888214,155.33604875674732,267510.54144398787,2231.0892894093913,150.1429961003634,21.177917864315702
2.9,5.75,151.9195667459684,157.6137034305999,273455.22014274314,2182.5873483352743,151.60069509162906,21.648538261300498
2.9,5.875,155.22216602305468,159.8913581044525,279399.8988414984,2136.1493196472898,153.05839408289472,22.11915865828529
2.9,6.0,158.52476530014096,162.1690127783051,285344.5775402537,2091.6462088213043,154.51609307416038,22.589779055270085
2.9,6.125,161.82736457722723,164.44666745215773,291289.25623900903,2048.9595514984208,155.97379206542604,23.06039945225488
2.9,6.25,165.1299638543135,166.72432212601032,297233.9349377643,2007.9803604684523,157.4314910566917,23.531019849239676
2.9,6.375,168.43256313139975,169.00197679986292,303178.6136365195,1968.6081965376984,158.88919004795738,24.00164024622446
2.9,6.5,171.73516240848602,171.2796314737155,309123.29233527486,1930.750346604281,160.34688903922304,24.472260643209257
2.9,6.625,175.0377616855723,173.5572861475681,315067.97103403014,1894.3210947815587,161.8045880304887,24.94288104019405
2.9,6.75,178.34036096265856,175.83494082142073,321012.6497327854,1859.2410745078262,163.2622870217544,25.413501437178844
2.9,6.875,181.64296023974484,178.11259549527333,326957.3284315407,1825.4366913349565,164.71998601302005,25.884121834163636
2.9,7.0,184.9455595168311,180.39025016912592,332902.007130296,1792.839607561118,166.1776850042857,26.354742231148435
2.9,7.125,188.24815879391738,182.66790484297852,338846.6858290513,1761.3862811126774,167.63538399555136,26.825362628133227
2.9,7.25,191.55075807100366,184.9455595168311,344791.3645278066,1731.0175521279762,169.09308298681702,27.295983025118023
2.9,7.375,194.85335734808993,187.2232141906837,350736.04322656186,1701.678271583434,170.55078197808268,27.766603422102815
2.9,7.5,198.15595662517617,189.5008688645363,356680.72192531714,1673.3169670570435,172.00848096934834,28.237223819087603
2.9,7.625,201.45855590226245,191.7785235383889,362625.4006240724,1645.8855413675838,173.466179960614,28.707844216072395
2.9,7.75,204.76115517934872,194.05617821224152,368570.07932282763,1619.339000377784,174.9238789518797,29.17846461305719
2.9,7.875,208.063754456435,196.33383288609411,374514.75802158297,1593.635206720994,176.38157794314534,29.649085010041986
2.9,8.0,211.36635373352127,198.6114875599467,380459.4367203383,1568.7346566159783,177.839276934411,30.11970540702678
2.9,8.125,214.66895301060754,200.8891422337993,386404.1154190936,1544.600277283425,179.2969759256767,30.590325804011577
2.9,8.25,217.9715522876938,203.1667969076519,392348.79411784885,1521.1972427791304,180.75467491694235,31.06094620099637
2.95,5.0,136.6985503393259,147.35640341662926,246057.39061078662,2597.272456447192,146.8003415169439,19.47954342335394
2.95,5.125,140.11601409780906,149.67332799865173,252208.8253760563,2533.924347753358,148.28317324943825,19.966532008937794
2.95,5.25,143.5334778562922,151.99025258067422,258360.26014132594,2473.592815663992,149.76600498193264,20.45352059452164
2.95,5.375,146.95094161477533,154.3071771626967,264511.69490659557,2416.067401346225,151.24883671442703,20.940509180105487
2.95,5.5,150.3684053732585,156.62410174471916,270663.1296718653,2361.1567785883562,152.73166844692142,21.42749776568934
2.95,5.625,153.78586913174163,158.94102632674162,276814.56443713495,2308.6866279530595,154.21450017941578,21.914486351273183
2.95,5.75,157.2033328902248,161.25795090876412,282965.99920240464,2258.4977882149497,155.69733191191017,22.40147493685703
2.95,5.875,160.62079664870794,163.57487549078658,289117.43396767427,2210.444643784844,157.18016364440456,22.88846352244088
2.95,6.0,164.03826040719107,165.89180007280905,295268.86873294396,2164.3937137059934,158.66299537689895,23.37545210802473
2.95,6.125,167.45572416567424,168.2087246548315,301420.30349821365,2120.222413426279,160.1458271093933,23.86244069360858
2.95,6.25,170.87318792415738,170.52564923685398,307571.7382634833,2077.8179651577534,161.6286588418877,24.349429279192428
2.95,6.375,174.29065168264052,172.84257381887647,313723.1730287529,2037.0764364291701,163.1114905743821,24.836417864776273
2.95,6.5,177.70811544112368,175.15949840089894,319874.60779402265,1997.901889574763,164.59432230687645,25.323406450360125
2.95,6.625,181.12557919960682,177.4764229829214,326026.0425592923,1960.2056275073146,166.07715403937084,25.810395035943973
2.95,6.75,184.54304295808996,179.79334756494387,332177.4773245619,1923.9055232942162,167.55998577186523,26.29738362152782
2.95,6.875,187.96050671657312,182.11027214696637,338328.91208983155,1888.925422870685,169.04281750435962,26.784372207111662
2.95,7.0,191.37797047505626,184.42719672898883,344480.3468551013,1855.1946117479943,170.525649236854,27.27136079269552
2.95,7.125,194.7954342335394,186.7441213110113,350631.7816203709,1822.6473378576784,172.0084809693484,27.758349378279362
2.95,7.25,198.21289799202256,189.0610458930338,356783.2163856406,1791.222383756684,173.4913127018428,28.245337963863214
2.95,7.375,201.6303617505057,191.37797047505626,362934.6511509102,1760.8626823370791,174.97414443433715,28.73232654944706
2.95,7.5,205.04782550898886,193.69489505707872,369086.08591617993,1731.5149709647947,176.4569761668315,29.219315135030907
2.95,7.625,208.465289267472,196.0118196391012,375237.5206814496,1703.1294796375028,177.9398078993259,29.706303720614763
2.95,7.75,211.88275302595514,198.32874422112369,381388.95544671925,1675.659649320769,179.4226396318203,30.193292306198607
2.95,7.875,215.3002167844383,200.64566880314615,387540.39021198894,1649.0618771093282,180.90547136431468,30.680280891782456
2.95,8.0,218.71768054292144,202.96259338516862,393691.82497725857,1623.295285279495,182.38830309680907,31.167269477366307
3.0,5.0,141.3716694115407,150.79644737231007,254469.00494077324,2686.0617188192728,150.79644737231007,20.14546289114455
3.0,5.125,144.9059611468292,153.1526418625024,260830.73006429258,2620.5480183602663,152.30441184603316,20.649099463423166
3.0,5.25,148.44025288211773,155.50883635269477,267192.4551878119,2558.154017923117,153.81237631975628,21.15273603570178
3.0,5.375,151.97454461740625,157.8650308428871,273554.18031133123,2498.6620640179285,155.32034079347937,21.65637260798039
3.0,5.5,155.50883635269477,160.22122533307945,279915.9054348506,2441.8742898357027,156.8283052672025,22.160009180259006
3.0,5.625,159.04312808798326,162.57741982327178,286277.63055836986,2387.6104167282424,158.33626974092556,22.66364575253762
3.0,5.75,162.57741982327178,164.93361431346415,292639.3556818892,2335.7058424515417,159.84423421464868,23.167282324816227
3.0,5.875,166.1117115585603,167.28980880365648,299001.08080540854,2286.009973463211,161.35219868837177,23.67091889709484
3.0,6.0,169.64600329384882,169.64600329384882,305362.8059289279,2238.3847656827274,162.86016316209486,24.174555469373455
3.0,6.125,173.18029502913734,172.0021977840412,311724.5310524472,2192.7034439341005,164.36812763581798,24.678192041652068
3.0,6.25,176.71458676442586,174.35839227423352,318086.2561759665,2148.8493750554185,165.87609210954108,25.181828613930684
3.0,6.375,180.24887849971438,176.71458676442586,324447.9812994859,2106.7150735837436,167.38405658326417,25.685465186209296
3.0,6.5,183.7831702350029,179.0707812546182,330809.7064230052,2066.2013221686716,168.8920210569873,26.189101758487915
3.0,6.625,187.31746197029142,181.42697574481056,337171.4315465245,2027.2163915617155,170.39998553071038,26.692738330766524
3.0,6.75,190.85175370557994,183.7831702350029,343533.1566700439,1989.6753472735354,171.90795000443347,27.196374903045143
3.0,6.875,194.38604544086846,186.13936472519524,349894.8817935632,1953.4994318685622,173.4159144781566,27.700011475323752
3.0,7.0,197.92033717615698,188.4955592153876,356256.60691708256,1918.6155134423377,174.9238789518797,28.20364804760237
3.0,7.125,201.4546289114455,190.85175370557994,362618.3320406019,1884.9555921538758,176.43184342560278,28.70728461988098
3.0,7.25,204.988920646734,193.20794819577227,368980.0571641212,1852.456357806395,177.9398078993259,29.21092119215959
3.0,7.375,208.5232123820225,195.56414268596464,375341.7822876405,1821.058792419846,179.447772373049,29.714557764438204
3.0,7.5,212.05750411731103,197.92033717615698,381703.50741115987,1790.707812546182,180.95573684677208,30.21819433671682
3.0,7.625,215.59179585259955,200.2765316663493,388065.2325346792,1761.3519467667363,182.4637013204952,30.721830908995432
3.0,7.75,219.12608758788807,202.63272615654165,394426.95765819855,1732.943044399531,183.97166579421827,31.22546748127405
3.05,5.0,146.12332830009524,154.26790725452676,263021.9909401714,2776.34323770181,154.8428187101337,20.82257428276357
3.05,5.125,149.7764115075976,156.663371652889,269597.54071367567,2708.627548977375,156.3759159250855,21.34313863983266
3.05,5.25,153.4294947151,159.0588360512512,276173.09048718,2644.136416858866,157.90901314003736,21.86370299690175
3.05,5.375,157.08257792260238,161.4543004496134,282748.6402606843,2582.644872280753,159.44211035498915,22.38426735397084
3.05,5.5,160.73566113010475,163.84976484797565,289324.19003418856,2523.948397910736,160.97520756994098,22.90483171103993
3.05,5.625,164.38874433760714,166.24522924633786,295899.7398076928,2467.8606557349417,162.5083047848928,23.425396068109013
3.05,5.75,168.0418275451095,168.64069364470006,302475.2895811971,2414.211511045052,164.04140199984462,23.9459604251781
3.05,5.875,171.6949107526119,171.0361580430623,309050.8393547014,2362.845308682391,165.57449921479645,24.466524782247195
3.05,6.0,175.34799396011428,173.4316224414245,315626.3891282057,2313.619364751508,167.10759642974824,24.987089139316282
3.05,6.125,179.00107716761664,175.82708683978672,322201.93890171,2266.4026430218855,168.64069364470006,25.507653496385377
3.05,6.25,182.65416037511903,178.22255123814895,328777.48867521423,2221.0745901614478,170.1737908596519,26.028217853454464
3.05,6.375,186.30724358262142,180.61801563651116,335353.0384487186,2177.5241080014193,171.7068880746037,26.54878221052356
3.05,6.5,189.9603267901238,183.01348003487337,341928.5882222228,2135.6486443860076,173.23998528955553,27.06934656759264
3.05,6.625,193.61340999762618,185.4089444332356,348504.1379957271,2095.353386944762,174.77308250450736,27.589910924661734
3.05,6.75,197.26649320512857,187.8044088315978,355079.68776923144,2056.550546445785,176.30617971945918,28.11047528173082
3.05,6.875,200.91957641263093,190.19987322996002,361655.2375427357,2019.1587183285887,177.83927693441098,28.631039638799912
3.05,7.0,204.57265962013332,192.59533762832223,368230.78731623996,1983.1023126441498,179.3723741493628,29.151603995869
3.05,7.125,208.2257428276357,194.99080202668446,374806.3370897443,1948.31104400127,180.90547136431462,29.672168352938087
3.05,7.25,211.87882603513808,197.38626642504667,381381.88686324854,1914.71947427711,182.43856857926644,30.19273271000717
3.05,7.375,215.53190924264047,199.78173082340888,387957.4366367528,1882.2666018317354,183.97166579421827,30.713297067076258
3.05,7.5,219.18499245014283,202.17719522177111,394532.9864102572,1850.8954918012064,185.5047630091701,31.23386142414536
3.1,5.0,150.95352700498955,157.7707830632794,271716.3486089812,2868.1170130948017,158.93945553041482,21.51087759821101
3.1,5.125,154.7273651801143,160.2055173698115,278509.25732420577,2798.1629396046847,160.49768548659534,22.048649538166288
3.1,5.25,158.50120335523906,162.6402516763436,285302.1660394303,2731.5400124712396,162.0559154427759,22.586421478121565
3.1,5.375,162.27504153036378,165.0749859828757,292095.0747546548,2668.015826134699,163.61414539895642,23.12419341807684
3.1,5.5,166.04887970548853,167.50972028940777,298887.9834698794,2607.379102813456,165.17237535513698,23.661965358032116
3.1,5.625,169.82271788061325,169.94445459593987,305680.89218510385,2549.437344973157,166.7306053113175,24.199737297987387
3.1,5.75,173.596556055738,172.37918890247195,312473.80090032844,2494.0147939954795,168.28883526749803,24.737509237942668
3.1,5.875,177.37039423086273,174.81392320900403,319266.7096155529,2440.9506494423845,169.84706522367858,25.275281177897938
3.1,6.0,181.14423240598748,177.24865751553614,326059.61833077745,2390.0975109123347,171.40529517985914,25.813053117853215
3.1,6.125,184.91807058111223,179.68339182206822,332852.5270460021,2341.320010689634,172.96352513603966,26.3508250578085
3.1,6.25,188.69190875623696,182.1181261286003,339645.4357612266,2294.4936104758413,174.5217550922202,26.88859699776377
3.1,6.375,192.4657469313617,184.5528604351324,346438.34447645105,2249.5035396821972,176.07998504840072,27.42636893771904
3.1,6.5,196.23958510648643,186.9875947416645,353231.2531916756,2206.2438562267703,177.6382150045813,27.964140877674318
3.1,6.625,200.01342328161118,189.4223290481966,360024.1619069001,2164.616613656454,179.19644496076182,28.501912817629588
3.1,6.75,203.7872614567359,191.85706335472867,366817.07062212465,2124.5311208109642,180.75467491694235,29.03968475758487
3.1,6.875,207.56109963186066,194.29179766126074,373609.9793373492,2085.9032822507647,182.31290487312287,29.577456697540143
3.1,7.0,211.3349378069854,196.72653196779285,380402.88805257366,2048.6550093534297,183.87113482930343,30.115228637495417
3.1,7.125,215.10877598211013,199.16126627432493,387195.79676779825,2012.7136933998609,185.42936478548395,30.653000577450698
3.1,7.25,218.88261415723488,201.59600058085704,393988.7054830228,1978.0117331688286,186.9875947416645,31.190772517405968
3.1500000000000004,5.0,155.86226552622364,161.30507479856794,280552.07794720255,2961.3830449982497,163.0863578331534,22.21037283748687
3.1500000000000004,5.125,159.75882216437924,163.7790790132699,287565.8798958826,2889.1541902421945,164.66972053056264,22.765632158424037
3.1500000000000004,5.25,163.6553788025348,166.25308322797187,294579.68184456264,2820.364804760238,166.2530832279719,23.320891479361208
3.1500000000000004,5.375,167.55193544069041,168.72708744267385,301593.4837932427,2754.774925579767,167.83644592538116,23.876150800298383
3.1500000000000004,5.5,171.44849207884602,171.2010916573758,308607.28574192285,2692.1664045438633,169.4198086227904,24.431410121235558
3.1500000000000004,5.625,175.3450487170016,173.67509587207775,315621.0876906029,2632.3404844428883,171.00317132019967,24.986669442172726
3.1500000000000004,5.75,179.2416053551572,176.14910008677973,322634.88963928295,2575.115691302826,172.58653401760893,25.541928763109897
3.1500000000000004,5.875,183.13816199331276,178.6231043014817,329648.69158796297,2520.325995743191,174.16989671501818,26.097188084047072
3.1500000000000004,6.0,187.03471863146837,181.09710851618365,336662.493536643,2467.819204165208,175.75325941242744,26.652447404984237
3.1500000000000004,6.125,190.93127526962397,183.5711127308856,343676.2954853231,2417.4555469373468,177.33662210983667,27.207706725921415
3.1500000000000004,6.25,194.82783190777954,186.04511694558755,350690.0974340032,2369.1064359985994,178.91998480724592,27.762966046858587
3.1500000000000004,6.375,198.72438854593514,188.51912116028953,357703.89938268333,2322.653368626078,180.50334750465518,28.318225367795762
3.1500000000000004,6.5,202.62094518409071,190.9931253749915,364717.7013313633,2277.9869576909614,182.08671020206447,28.873484688732926
3.1500000000000004,6.625,206.51750182224632,193.46712958969346,371731.50328004337,2235.006071696792,183.6700728994737,29.4287440096701
3.1500000000000004,6.75,210.41405846040192,195.9411338043954,378745.30522872345,2193.6170703690736,185.25343559688292,29.984003330607273
3.1500000000000004,6.875,214.3106150985575,198.41513801909738,385759.1071774035,2153.7331236350906,186.8367982942922,30.539262651544448
3.1500000000000004,7.0,218.2071717367131,200.88914223379933,392772.90912608354,2115.2736035701782,188.42016099170144,31.094521972481612
3.2,5.0,160.8495438637974,164.87078246039235,289529.17895483534,3056.1413334121507,167.28352561834933,22.92106000059113
3.2,5.125,164.87078246039235,167.38405658326417,296767.4084287062,2981.6013008899035,168.8920210569873,23.49408650060591
3.2,5.25,168.8920210569873,169.89733070613602,304005.6379025771,2910.610793725858,170.50051649562528,24.06711300062069
3.2,5.375,172.91325965358223,172.41060482900787,311243.867376448,2842.922170615954,172.10901193426326,24.640139500635463
3.2,5.5,176.93449825017717,174.9238789518797,318482.0968503189,2778.3103031019555,173.71750737290122,25.213166000650244
3.2,5.625,180.9557368467721,177.4371530747515,325720.3263241898,2716.570074144134,175.32600281153918,25.786192500665024
3.2,5.75,184.97697544336702,179.95042719762336,332958.5557980607,2657.514202967088,176.93449825017717,26.359219000679808
3.2,5.875,188.99821403996197,182.4637013204952,340196.78527193156,2600.9713475848093,178.54299368881516,26.932245500694584
3.2,6.0,193.0194526365569,184.97697544336702,347435.0147458025,2546.784444510126,180.15148912745312,27.50527200070937
3.2,6.125,197.04069123315185,187.49024956623884,354673.24421967333,2494.809251765021,181.75998456609108,28.078298500724134
3.2,6.25,201.0619298297468,190.0035236891107,361911.4736935443,2444.913066729721,183.36848000472907,28.651325000738925
3.2,6.375,205.0831684263417,192.5167978119825,369149.70316741505,2396.9735948330595,184.97697544336705,29.22435150075369
3.2,6.5,209.10440702293664,195.03007193485436,376387.93264128594,2350.877948778578,186.58547088200504,29.797378000768475
3.2,6.625,213.12564561953158,197.5433460577262,383626.1621151568,2306.521761065774,188.193966320643,30.370404500783245
3.2,6.75,217.14688421612652,200.05662018059803,390864.3915890277,2263.808395120112,189.80246175928096,30.943431000798025
3.25,5.0,165.91536201771095,168.46790604875267,298647.6516318797,3152.3918783365084,171.53095888600274,23.642939087523807
3.25,5.125,170.06324606815372,171.0204500797944,306113.8429226767,3075.504271547813,173.1645870658694,24.234012564711907
3.25,5.25,174.21113011859651,173.57299411083608,313580.03421347373,3002.277979368103,174.79821524573612,24.825086041900004
3.25,5.375,178.35901416903928,176.12553814187777,321046.2255042707,2932.4575612432636,176.43184342560278,25.416159519088097
3.25,5.5,182.50689821948205,178.67808217291952,328512.4167950677,2865.8107984877347,178.0654716054695,26.007232996276194
3.25,5.625,186.65478226992482,181.2306262039612,335978.6080858647,2802.126114076896,179.6990997853362,26.598306473464287
3.25,5.75,190.8026663203676,183.7831702350029,343444.79937666166,2741.210328988268,181.33272796520288,27.18937995065238
3.25,5.875,194.95055037081036,186.33571426604462,350910.9906674586,2682.8867049672413,182.96635614506957,27.780453427840474
3.25,6.0,199.09843442125316,188.88825829708634,358377.1819582557,2626.9932319470904,184.59998432493626,28.371526905028578
3.25,6.125,203.24631847169593,191.44080232812803,365843.3732490527,2573.3811251726597,186.23361250480295,28.96260038221667
3.25,6.25,207.3942025221387,193.99334635916972,373309.56453984964,2521.9135026692065,187.86724068466964,29.553673859404768
3.25,6.375,211.54208657258147,196.54589039021147,380775.75583064667,2472.4642183031438,189.50086886453636,30.14474733659286
3.25,6.5,215.68997062302424,199.09843442125316,388241.9471214437,2424.9168294896217,191.13449704440302,30.735820813780958
3.25,6.625,219.837854673467,201.65097845229485,395708.1384122406,2379.1636817634026,192.76812522426974,31.326894290969047
3.3,5.0,171.05971998796423,172.09644556364887,307907.4959783356,3250.13467977132,175.82865763611352,24.376010098284905
3.3,5.125,175.33621298766334,174.68825950286043,315605.18337779405,3170.863102215922,177.48741855720894,24.98541035074203
3.3,5.25,179.61270598736246,177.28007344207202,323302.8707772524,3095.3663616869712,179.14617947830436,25.59481060319915
3.3,5.375,183.88919898706155,179.8718873812836,331000.55817671074,3023.381097461693,180.80494039939975,26.204210855656267
3.3,5.5,188.16569198676066,182.4637013204952,338698.2455761691,2954.6678907011997,182.46370132049518,26.813611108113385
3.3,5.625,192.44218498645978,185.05551525970677,346395.9329756276,2889.008604241173,184.1224622415906,27.423011360570516
3.3,5.75,196.71867798615887,187.64732919891833,354093.620375086,2826.2040693663653,185.781223162686,28.03241161302764
3.3,5.875,200.99517098585798,190.23914313812992,361791.30777454434,2766.072067890485,187.4399840837814,28.641811865484758
3.3,6.0,205.2716639855571,192.8309570773415,369488.9951740028,2708.4455664761,189.0987450048768,29.25121211794189
3.3,6.125,209.54815698525618,195.4227710165531,377186.68257346115,2653.171167160261,190.75750592597223,29.860612370399004
3.3,6.25,213.8246499849553,198.01458495576463,384884.3699729195,2600.107743817056,192.41626684706762,30.47001262285613
3.3,6.375,218.1011429846544,200.60639889497622,392582.0573723779,2549.1252390363293,194.07502776816304,31.07941287531325
3.35,5.0,176.2826177745573,175.756401005081,317308.71199420316,3349.369737716588,180.17662186868182,25.120273032874415
3.35,5.125,180.68968321892123,178.38748485246245,325241.4297940582,3267.6777928942324,181.86051553100594,25.748279858696275
3.35,5.25,185.09674866328515,181.0185686998439,333174.14759391325,3189.8759406824647,183.54440919333007,26.37628668451813
3.35,5.375,189.5038141076491,183.64965254722534,341106.8653937684,3115.692779271245,185.22830285565422,27.00429351034
3.35,5.5,193.91087955201303,186.2807363946068,349039.58319362346,3044.8815797423526,186.91219651797834,27.632300336161858
3.35,5.625,198.31794499637695,188.91182024198827,356972.3009934785,2977.2175446369674,188.59609018030247,28.260307161983715
3.35,5.75,202.7250104407409,191.5429040893697,364905.01879333355,2912.495424101381,190.27998384262662,28.88831398780557
3.35,5.875,207.13207588510483,194.17398793675116,372837.73659318866,2850.527436354543,191.96387750495074,29.516320813627438
3.35,6.0,211.53914132946875,196.80507178413262,380770.45439304376,2791.1414480971566,193.64777116727487,30.144327639449298
3.35,6.125,215.9462067738327,199.43615563151405,388703.17219289887,2734.179377727827,195.331664829599,30.772334465271165
3.4000000000000004,5.0,181.58405537749007,179.44777237304902,326851.2996794821,3450.0970521723116,184.57485158370758,25.875727891292335
3.4000000000000004,5.125,186.12365676192732,182.11812612860035,335022.58217146917,3365.9483435827433,186.2838779872604,26.522621088574642
3.4000000000000004,5.25,190.6632581463646,184.78847988415168,343193.8646634563,3285.8067163545825,187.99290439081327,27.169514285856955
3.4000000000000004,5.375,195.20285953080185,187.458833639703,351365.1471554433,3209.3926066719177,189.70193079436612,27.816407483139262
3.4000000000000004,5.5,199.7424609152391,190.12918739525432,359536.4296474303,3136.4518656111923,191.41095719791898,28.463300680421572
3.4000000000000004,5.625,204.28206229967634,192.79954115080562,367707.7121394174,3066.752935264277,193.1199836014718,29.11019387770388
3.4000000000000004,5.75,208.8216636841136,195.46989490635696,375878.9946314045,3000.0843931933146,194.82901000502466,29.757087074986195
3.4000000000000004,5.875,213.36126506855084,198.1402486619083,384050.2771233915,2936.252810359414,196.5380364085775,30.403980272268498
3.4000000000000004,6.0,217.9008664529881,200.81060241745962,392221.5596153786,2875.0808768102597,198.24706281213037,31.050873469550808
3.45,5.0,186.96403279676258,183.17055966755288,336535.25903417263,3552.3166231384894,189.0233467811907,26.642374673538665
3.45,5.125,191.63813361668164,185.8801833312741,344948.64051002695,3465.6747542814533,190.75750592597228,27.308434040377133
3.45,5.25,196.3122344366007,188.58980699499529,353362.02198588126,3383.158688703323,192.49166507075384,27.974493407215597
3.45,5.375,200.98633525651977,191.2994306587165,361775.4034617356,3304.480579663711,194.2258242155354,28.640552774054065
3.45,5.5,205.66043607643883,194.0090543224377,370188.7849375899,3229.3787483077176,195.95998336031698,29.306612140892533
3.45,5.625,210.3345368963579,196.71867798615887,378602.1664134442,3157.614776123102,197.6941425050985,29.972671507731
3.45,5.75,215.00863771627695,199.4283016498801,387015.5478892985,3088.9709766421647,199.4283016498801,30.638730874569465
3.45,5.875,219.682738536196,202.13792531360127,395428.92936515284,3023.248189905097,201.16246079466165,31.304790241407932
3.5,5.0,192.42255003237483,186.92476288859268,346360.5900582747,3656.028450615122,193.52210746113127,27.42021337961341
3.5,5.125,197.2331137831842,189.67365646048376,355019.60480973154,3566.857024990363,195.28139934714153,28.105718714103745
3.5,5.25,202.04367753399356,192.42255003237483,363678.6195611884,3481.9318577286876,197.04069123315185,28.79122404859408
3.5,5.375,206.85424128480292,195.1714436042659,372337.63431264524,3400.956698246625,198.7999831191621,29.476729383084415
3.5,5.5,211.6648050356123,197.92033717615698,380996.6490641021,3323.662227831929,200.55927500517242,30.16223471757475
3.5,5.625,216.47536878642165,200.66923074804805,389655.663815559,3249.803067213442,202.31856689118268,30.847740052065085
3.55,5.0,197.95960708432682,190.71038203616837,356327.2927517883,3761.2325346022094,198.07113362352925,28.20924400951657
3.55,5.125,202.90859726143498,193.4985455162293,365235.47507058294,3669.495155709473,199.85555825076824,28.91447510975448
3.55,5.25,207.85758743854313,196.28670899629026,374143.6573893776,3582.1262234306755,201.63998287800726,29.61970620999239
3.55,5.375,212.80657761565132,199.07487247635117,383051.83970817237,3498.82096242066,203.42440750524628,30.324937310230315
3.55,5.5,217.75556779275948,201.86303595641215,391960.022026967,3419.302304183827,205.20883213248527,31.030168410468224
3.6,5.0,203.5752039526186,194.52741711028,366435.3671147134,3867.9288750997534,202.67042526838475,29.009466563248147
3.6,5.125,208.66458405143408,197.3548504985108,375596.2512925813,3773.5891464387837,204.47998263685247,29.734703227329355
3.6,5.25,213.75396415024954,200.18228388674163,384757.1354704491,3683.741785809289,206.2895400053202,30.459939891410556
3.6,5.375,218.843344249065,203.00971727497245,393918.019648317,3598.073372185817,208.0990973737879,31.185176555491765
3.6500000000000004,5.0,209.26934063725014,198.3758681109275,376684.8131470503,3976.1174721077523,207.31998239569768,29.820881040808146
3.6500000000000004,5.125,214.50107415318138,201.2425714073282,386101.93347572646,3879.1389971782946,209.1546725053941,30.566403066828343
3.6500000000000004,5.25,219.73280766911265,204.1092747037289,395519.0538044028,3786.778544864526,210.98936261509056,31.311925092848558
3.7,5.0,215.04201713822135,202.25573503811088,387075.63084879844,4085.798325626206,212.019805005468,30.64348744219654
