us_scale,keff_scale,Ta_C,undersupply_MWh,min_T1_C,outlet_margin_C,terminal_ratio,pump_kWh,feasible
0.9717149062798955,0.8700024550879595,34.648056832273674,50.807894036570325,288.996666276825,-211.003333723175,-0.0032903276699989634,478.92105336369065,False
0.9804701186949617,0.9816498424234967,18.673025551352033,50.84759315247966,288.9220395214668,-211.0779604785332,-0.0035316895640201103,478.92105336369065,False
1.0747549483773315,0.9723202708372488,30.2347051114973,50.887569738196746,288.86553961761086,-211.13446038238914,-0.0037104636175317148,478.92105336369065,False
0.9909180297735481,1.0067035240939042,25.39666936684892,50.8407012911077,288.93901673138384,-211.06098326861616,-0.003478967538666032,478.92105336369065,False
1.0152303367733868,1.0277192559726445,29.295972332452564,50.8490711969802,288.92886585355427,-211.07113414644573,-0.0035120863223219085,478.92105336369065,False
0.8746379903877444,0.9088258791663056,29.328431115876135,50.75257642712617,289.08379544778927,-210.91620455221073,-0.0030158109542167875,478.92105336369065,False
1.0886677542411116,1.0379292557159083,33.39080079384957,50.88977092188169,288.8661422953423,-211.13385770465771,-0.0037114805537142776,478.92105336369065,False
0.8966762311207169,0.8818657498144914,31.497299781920436,50.76345587695036,289.06696008188464,-210.93303991811536,-0.0030680429151153763,478.92105336369065,False
1.0230712996781357,0.8789616533247432,33.913177461087045,50.844089890024264,288.93738018858477,-211.06261981141523,-0.0034786196149907246,478.92105336369065,False
0.9403521889561766,1.1852597114787928,18.72399818961105,50.819376550301456,288.97313323931894,-211.02686676068106,-0.0033785366548821265,478.92105336369065,False
0.9176080478696236,1.180397487676568,17.0419324477365,50.806593852870655,288.9928684585462,-211.00713154145382,-0.0033157055861063687,478.92105336369065,False
0.9251304632841554,1.188750970464506,15.37448877326916,50.81526967826545,288.9776054700876,-211.0223945299124,-0.0033644939996114124,478.92105336369065,False
1.141807233640181,0.8610570280045986,31.87453974095429,50.92913900716769,288.79669382455364,-211.20330617544636,-0.003923774333968895,478.92105336369065,False
1.088496114857034,1.0777890792356293,33.56908293175027,50.889293091526966,288.86798224035533,-211.13201775964467,-0.0037074220688429562,478.92105336369065,False
1.100133083396388,1.1863414798229548,27.340386257255588,50.912018524873666,288.82800847808596,-211.17199152191404,-0.0038391174514718408,478.92105336369065,False
1.1403440062305368,1.106128767073285,32.19403168143735,50.927700210921735,288.80484948642953,-211.19515051357047,-0.003908981028378573,478.92105336369065,False
0.8819440278683139,1.0417838947622795,16.15443700765617,50.78272648813114,289.0284001207972,-210.9715998792028,-0.003197027602319203,478.92105336369065,False
0.8525352740413474,1.0746033176995027,15.08961486498939,50.76374387577864,289.0597338573141,-210.9402661426859,-0.0030990593023992865,478.92105336369065,False
0.9588739827877402,1.1877508762506417,34.79757259586736,50.79936852275396,289.01785429210213,-210.98214570789787,-0.0032367726289995566,478.92105336369065,False
0.9995878317590282,1.0582541709465618,21.696501429187048,50.85472511316392,288.9143446402938,-211.0856553597062,-0.0035594643952642975,478.92105336369065,False
0.9468893044306985,1.0943579173530233,30.401717149251176,50.80011927974422,289.0111478981867,-210.98885210181328,-0.0032540163951755045,478.92105336369065,False
0.9017222218439199,0.8509099982293755,34.6186660610943,50.76079828660556,289.0728374086766,-210.9271625913234,-0.003048127737950884,478.92105336369065,False
0.9973767974927679,0.8057062846063171,15.124977502581643,50.86692886167978,288.883629687062,-211.116370312938,-0.0036457237968436644,478.92105336369065,False
0.9458735976984489,1.1165816025054767,21.21907997813019,50.81811963551816,288.9754189378519,-211.02458106214812,-0.0033682949071795207,478.92105336369065,False
1.0800676917438967,1.079497022098441,28.449751555664857,50.89548211284929,288.85353277392363,-211.14646722607637,-0.0037533195140247843,478.92105336369065,False
1.0291432552353434,0.8978473328059006,22.695167572444184,50.8730172661638,288.8814984957747,-211.11850150422532,-0.0036565490246683614,478.92105336369065,False
1.1215326189944426,1.1911413948282887,20.534120987050272,50.94315120580739,288.7712338663377,-211.2287661336623,-0.004019494811213917,478.92105336369065,False
1.109572560974303,0.9798952847080207,26.835695329259536,50.919435566835105,288.8107297050303,-211.18927029496967,-0.0038845985941419543,478.92105336369065,False
0.9706604831396088,0.8271624450976561,25.021641994761055,50.82720930413479,288.95681970749644,-211.04318029250356,-0.0034147508673705537,478.92105336369065,False
0.8841037636771424,1.0620861762459515,16.26630004562238,50.78408078404993,289.02670496592,-210.97329503408002,-0.003203271538822695,478.92105336369065,False
0.8886230705786963,1.1817777284195263,17.494186083292508,50.78511610144991,289.02857042309444,-210.97142957690556,-0.0032024936919758844,478.92105336369065,False
1.1302595241139206,1.0972219840542345,27.788946448184355,50.93154470035927,288.7944246978259,-211.2055753021741,-0.003941634325819486,478.92105336369065,False
0.922326270440421,1.0194766820451115,23.33357918869548,50.7972653836682,289.0089497524038,-210.9910502475962,-0.0032577597517162737,478.92105336369065,False
1.0287344842851156,0.8455016660120048,33.00112024637505,50.84988189095209,288.9264622542935,-211.07353774570652,-0.003511770295462168,478.92105336369065,False
0.9857851663768057,1.1487899106104282,34.976104225487354,50.81704661812383,288.98833994110987,-211.01166005889013,-0.0033287280075950617,478.92105336369065,False
0.9626298671907608,1.1191035585425504,25.475683259200082,50.82108335591607,288.9737580193004,-211.02624198069958,-0.0033736807351784277,478.92105336369065,False
0.8642119687110896,1.1480094025016738,30.892388640150287,50.74284443975398,289.1061739114581,-210.8938260885419,-0.002954880542081355,478.92105336369065,False
1.0089510536802646,1.1809256554425458,24.496671001840014,50.85538415962359,288.9182493740498,-211.08175062595018,-0.00355250376561248,478.92105336369065,False
1.0118564863670372,1.1559271281560397,24.000783233337973,50.8584468537208,288.91226486465047,-211.08773513534953,-0.003570383670885468,478.92105336369065,False
0.8665884968188146,0.9674476117357428,16.203707454643226,50.77158638221199,289.0451078107428,-210.95489218925718,-0.0031408918738906034,478.92105336369065,False
0.9921399812163276,0.8958708798195211,34.86663702271395,50.82121169757584,288.97574963492843,-211.02425036507157,-0.0033577316302192254,478.92105336369065,False
1.057782127829356,1.1272621366246347,25.01311425818767,50.88806466624986,288.86389100336476,-211.13610899663524,-0.0037225881411447853,478.92105336369065,False
0.9815116529837462,1.0878983007193965,27.695157180322816,50.829444039911415,288.961049612345,-211.038950387655,-0.0034126375126541124,478.92105336369065,False
1.1425219438647405,0.8079772287935313,19.63794362820132,50.9595851245375,288.73480995671946,-211.26519004328054,-0.004117473136800347,478.92105336369065,False
1.0221049369184978,1.1041522692453682,28.11136548257945,50.85648215637443,288.917550837953,-211.082449162047,-0.003551333583649059,478.92105336369065,False
0.9746624658786787,1.0161114921329844,23.9022650904826,50.83257815700705,288.95139773315816,-211.04860226684184,-0.003440113367071741,478.92105336369065,False
0.9710844113156393,0.8654758249600863,25.130568205209105,50.82732576264579,288.95755777760974,-211.04244222239026,-0.0034140617455740373,478.92105336369065,False
0.9957052454493188,0.899824429021293,19.95845242786666,50.855513051123246,288.90815634979043,-211.09184365020957,-0.0035721245721236083,478.92105336369065,False
1.016742826742233,0.9697997173245988,23.480876322232824,50.862732354811,288.900595513046,-211.09940448695397,-0.0035991749918747175,478.92105336369065,False
0.9791700341272953,1.0739137598409585,30.067605092419086,50.82282245105925,288.9733761855498,-211.0266238144502,-0.003372935942203113,478.92105336369065,False
1.1214701532846596,1.032514310866563,19.39505938134978,50.9456331927349,288.7625455787278,-211.23745442127222,-0.004039778463266693,478.92105336369065,False
0.8834866884738996,0.9789067475396449,30.210173917289765,50.75705423632528,289.0786668228998,-210.92133317710022,-0.0030350030419559687,478.92105336369065,False
0.9373731731171147,1.1431776187944016,23.123583268645817,50.80835060260226,288.9934429213438,-211.00655707865621,-0.0033122762483755626,478.92105336369065,False
1.0597805994255594,1.1674829366628707,21.363602705332415,50.89781406389579,288.8458422954529,-211.15415770454712,-0.0037816533277416392,478.92105336369065,False
1.042498845641536,1.1009858433716357,34.39116043691925,50.856425391978455,288.92270734364564,-211.07729265635436,-0.003534851259616313,478.92105336369065,False
1.1497667880444442,1.1020352798810888,28.471772108553562,50.94327338322644,288.7759763948036,-211.2240236051964,-0.004000387688296554,478.92105336369065,False
1.0183991772676992,1.0356964830189872,17.558894291572937,50.87693225347126,288.87413774465915,-211.12586225534085,-0.0036859759769937517,478.92105336369065,False
1.0548835761441595,0.9457113387570661,19.804903592960258,50.89761236342948,288.8398691684778,-211.16013083152222,-0.0037906411944472413,478.92105336369065,False
0.9055165113373483,0.8213724826825761,31.476032824236174,50.76943239386547,289.05586171591034,-210.94413828408966,-0.003100679609134132,478.92105336369065,False
0.9511868509421013,1.005974958269801,29.90125692523182,50.803956541928024,289.00250120623883,-210.99749879376117,-0.0032776389045479967,478.92105336369065,False
1.1151289414355823,1.1602948674708369,21.81005441882588,50.93555100566616,288.78409793520797,-211.21590206479203,-0.003977258930426974,478.92105336369065,False
1.1276496201331916,0.9263787627249762,20.505436383376967,50.94715940835648,288.7586046520135,-211.2413953479865,-0.004047436622594325,478.92105336369065,False
1.0570140830749923,0.9141037659503776,20.1678829178343,50.89824765578755,288.83841193722765,-211.16158806277235,-0.0037938520702938436,478.92105336369065,False
0.9863199841465727,1.0613300974129443,33.586882895033284,50.820230817690415,288.9800594007396,-211.0199405992604,-0.003351200090598923,478.92105336369065,False
1.0144628017501622,1.1200621946454472,20.773075329337146,50.86724645895479,288.89448091334594,-211.10551908665406,-0.0036252067129442507,478.92105336369065,False
0.8906197667742932,1.0215093513062294,34.58860003279459,50.75360149464304,289.0883433761813,-210.91165662381871,-0.003006116364699605,478.92105336369065,False
0.8927922702678238,1.0605194911190783,32.3811674448704,50.75935251474315,289.07829468287224,-210.92170531712776,-0.0030396196254805904,478.92105336369065,False
0.8917022882766719,1.114153370843636,32.73433187510204,50.758008032794685,289.08196140521284,-210.91803859478716,-0.0030302554009459695,478.92105336369065,False
1.0355347755082362,0.854426296044508,34.005242521071175,50.85225993693716,288.92361411049836,-211.07638588950164,-0.0035211875290401978,478.92105336369065,False
0.8676783100280292,1.0351596654808928,28.895392080643884,50.748781576541596,289.0925379695209,-210.9074620304791,-0.0029933835602328506,478.92105336369065,False
0.9424840772215892,0.9189737729342804,18.32908688400802,50.82133298378064,288.9635816131165,-211.0364183868835,-0.003397261404688594,478.92105336369065,False
1.0164045003693647,0.9417947082440812,20.606722890066557,50.86873633196334,288.8878652351561,-211.11213476484392,-0.0036382960379323414,478.92105336369065,False
1.0832752608105949,0.9729669042969377,33.32498077942309,50.88619252397795,288.87044402934913,-211.12955597065087,-0.003694950396701415,478.92105336369065,False
1.1069548619054852,1.1634626907473669,30.245569675825635,50.909775997121876,288.8336642332075,-211.16633576679249,-0.0038201427272981977,478.92105336369065,False
0.9971407244087228,0.9943377409817069,20.728795351838606,50.854998133084536,288.91170714670204,-211.08829285329796,-0.0035650136811429286,478.92105336369065,False
1.1445811744168857,1.0111753045065537,15.756859884048213,50.970848897869026,288.71742829989137,-211.28257170010863,-0.004181887332949828,478.92105336369065,False
0.8679940081492384,0.9577805127298701,16.945037534179633,50.77119318134262,289.0460253056073,-210.95397469439268,-0.0031375749729605365,478.92105336369065,False
1.0728578304269423,0.9386474099863598,21.072002554290417,50.90734870388135,288.8247472258365,-211.17525277416348,-0.003838275806868619,478.92105336369065,False
0.9560388047121939,0.8837620840424589,25.11413033843524,50.816947183589185,288.97494881630666,-211.02505118369334,-0.003359728706060722,478.92105336369065,False
0.8708921948203856,0.9863081710580334,25.57251280620091,50.75714217578745,289.0755004317597,-210.92449956824032,-0.0030453472835228913,478.92105336369065,False
1.060429479766552,0.9770821131301324,24.901139408443974,50.88995219368936,288.85729411559714,-211.14270588440286,-0.0037368048105033244,478.92105336369065,False
1.1258579182253339,1.1425786716026805,22.720005075586673,50.94083890270575,288.77579858725375,-211.22420141274625,-0.004002786377103815,478.92105336369065,False
0.8654208357694696,0.8444348163511672,26.729144891568595,50.751015795816386,289.0831439424129,-210.9168560575871,-0.003015188697222883,478.92105336369065,False
0.9211584530993295,0.8627759412216222,24.40522658836789,50.79412498626984,289.01135357891025,-210.98864642108975,-0.0032434527716691266,478.92105336369065,False
1.0364310599338848,1.0026885539772634,32.0955147002566,50.85731571829683,288.91711999413116,-211.08288000586884,-0.0035482449153317035,478.92105336369065,False
0.9192050953365823,0.9968551751742081,22.621189535098658,50.79646540654681,289.0092442487923,-210.9907557512077,-0.003255855290148977,478.92105336369065,False
0.8658132935855728,0.9953711368867537,27.830935737739367,50.74943102791444,289.08985205373733,-210.91014794626267,-0.0030002302792198213,478.92105336369065,False
1.1046045938231701,1.0691721608133014,19.48589122755596,50.93357044972788,288.783286508451,-211.216713491549,-0.003975660936789968,478.92105336369065,False
0.9598208991637719,1.0422185446522036,19.566029839505596,50.831222337053696,288.9509886523579,-211.04901134764208,-0.0034425393625014964,478.92105336369065,False
0.8838342255774675,1.151515304818919,18.261574898443932,50.78021644517829,289.0364529715104,-210.9635470284896,-0.0031761868523735278,478.92105336369065,False
1.0665819784506492,1.0154215050373532,24.95754820303445,50.89414303564645,288.8513409776033,-211.1486590223967,-0.0037573937677854914,478.92105336369065,False
0.9368374466368593,1.0862659995903887,22.01621525017812,50.81012969526077,288.9884192920471,-211.01158070795287,-0.0033257443160796115,478.92105336369065,False
1.1422816671612315,0.8949390004874855,32.638881737288386,50.9276313291554,288.8005962202687,-211.1994037797313,-0.00391292896832301,478.92105336369065,False
1.0812044977702195,0.9515195684721356,27.645718678700657,50.89795562819969,288.84591381338197,-211.15408618661803,-0.0037717606142585905,478.92105336369065,False
1.0675599898351509,0.9149302818159248,27.095955796582672,50.88978214422613,288.85799893351435,-211.14200106648565,-0.0037318151007693693,478.92105336369065,False
0.9095834828607998,1.0197839629762149,15.461122026610134,50.803764565615396,288.99276406089893,-211.00723593910107,-0.0033090839427944428,478.92105336369065,False
1.1456348347585283,1.168198433882548,29.090100273617793,50.93901072297589,288.78501852402394,-211.21498147597606,-0.0039747262125702995,478.92105336369065,False
1.0340240965591534,0.8973604868764682,23.628272984941447,50.87435328634835,288.88003981964647,-211.11996018035353,-0.0036611543472294047,478.92105336369065,False
0.9937405137236592,1.1463490017290965,21.392067378859757,50.85139528803536,288.92159324295056,-211.07840675704944,-0.003540357360211182,478.92105336369065,False
1.1294600268855446,1.0641856931217297,33.085749367729434,50.91810012085518,288.8203367204202,-211.1796632795798,-0.0038579521211174416,478.92105336369065,False
0.9101043507654321,1.0151002248619874,16.652683726020687,50.80180003203551,288.99671471707313,-211.00328528292687,-0.0032963571093354233,478.92105336369065,False
1.0192570158756782,1.0052012589065793,22.82533902636014,50.86596744399585,288.8955722405229,-211.10442775947712,-0.003616662381528888,478.92105336369065,False
0.8958154830267991,0.9620139452772929,17.56589218888144,50.78979837806262,289.0159051123803,-210.98409488761968,-0.0032332400497072237,478.92105336369065,False
1.0900820177550072,0.9616165757738495,33.98616664369521,50.88922773014084,288.86582088291044,-211.13417911708956,-0.003709108834759718,478.92105336369065,False
0.8777330684732698,1.1241872927238874,34.6952838773067,50.74485579276909,289.1049882125234,-210.89501178747662,-0.002957642567459851,478.92105336369065,False
0.8512557488650397,0.930788484577924,26.535051896636464,50.74169927808575,289.100175990942,-210.89982400905802,-0.002964805211943916,478.92105336369065,False
1.0374556827724857,1.065698036934864,16.620760019660764,50.892586837462005,288.848312071448,-211.151687928552,-0.0037692259122318796,478.92105336369065,False
1.0242370188965677,1.1216913727309306,18.909101690181082,50.878219620317715,288.8750296182152,-211.1249703817848,-0.0036869837870054465,478.92105336369065,False
0.9236787590982717,1.0958841309536085,20.492643784295566,50.803949306009095,288.9976985275717,-211.00230147242831,-0.0032967261257994397,478.92105336369065,False
1.0695588294277731,0.9609355537641515,20.101480237714327,50.907292691271984,288.82454221113414,-211.17545778886586,-0.003839921839289254,478.92105336369065,False
1.0178220243200118,1.0928373785107088,29.700613411425184,50.85004880456666,288.929075768343,-211.070924231657,-0.003514279609701553,478.92105336369065,False
0.8599587272162066,0.8542081854335922,21.157512982144908,50.757556331279424,289.0689188735233,-210.93108112647673,-0.0030606647524319,478.92105336369065,False
1.0399962672387568,1.1443839320482214,33.041136156411,50.857815865723026,288.9203174743167,-211.07968252568332,-0.0035443445112710646,478.92105336369065,False
0.8696243908751242,1.199171917410627,32.601320271756954,50.74340920578393,289.107612082023,-210.89238791797698,-0.002952474080871489,478.92105336369065,False
0.9773596545780578,0.9242476815243692,32.452566519341644,50.81637689533557,288.9823567344581,-211.0176432655419,-0.003338001513098298,478.92105336369065,False
0.89614235967268,1.0487035508121183,23.014779120785512,50.779648820901684,289.0382784233403,-210.96172157665973,-0.0031660066707112086,478.92105336369065,False
1.0405289412246768,1.0220023354096357,32.847170924618936,50.85844186888727,288.916342574879,-211.08365742512098,-0.0035515604107145366,478.92105336369065,False
0.9161994905601591,0.9358753326522002,31.64326769554075,50.77651858004191,289.04697180645195,-210.95302819354805,-0.003133668478169631,478.92105336369065,False
0.8866527910541194,0.9742520676998504,21.051611319080997,50.77666453295888,289.04014590823124,-210.95985409176876,-0.0031569168891284285,478.92105336369065,False
1.0309656882381764,0.8587421869532181,22.74839975649391,50.87412123177352,288.8788619762556,-211.12113802374438,-0.003663184812845298,478.92105336369065,False
1.0415064164205499,0.8633366570148114,31.158706237931337,50.862668736488935,288.90450322052305,-211.09549677947695,-0.003582139895325111,478.92105336369065,False
0.8988804202238316,0.8222514908294737,21.291958727238686,50.78459680507687,289.02390212225316,-210.97609787774684,-0.0032019662908837625,478.92105336369065,False
1.1482813893236101,0.8987359496757522,32.37212428961821,50.93235557964239,288.7927406935996,-211.20725930640037,-0.003938003888911106,478.92105336369065,False
1.0042971470764237,1.1467407150091495,34.265883661931255,50.831025122148546,288.96498600066195,-211.03501399933805,-0.0034027305154442824,478.92105336369065,False
1.0771959077542956,1.0666590322850134,22.797370550186606,50.90657330675127,288.8303361228449,-211.16966387715507,-0.003826308443197819,478.92105336369065,False
0.9313591856772327,0.864270773664869,16.04643745299734,50.81795194008063,288.96631059567295,-211.03368940432705,-0.003386249813608126,478.92105336369065,False
1.0923905628747768,1.138643764784361,24.801370467763554,50.91257909611698,288.82382079133396,-211.17617920866604,-0.003850236423160021,478.92105336369065,False
0.8587857621766338,1.0494881527554318,16.43483450739238,50.765701011137836,289.0568070643956,-210.94319293560437,-0.0031072763017575777,478.92105336369065,False
0.9286111986696071,1.0529595011870687,18.800968257339193,50.81073953471847,288.98436072796125,-211.01563927203875,-0.0033371697557834663,478.92105336369065,False
0.857559177677577,0.9063620857810196,24.922843981275825,50.74899573976589,289.08661325678025,-210.91338674321975,-0.003006772413252927,478.92105336369065,False
0.8949677571940168,1.1365505230339956,23.70639120384774,50.77761467512453,289.0441004206097,-210.9558995793903,-0.0031512926217312485,478.92105336369065,False
0.8687813605088461,1.0190941003678617,27.95070449738494,50.75128114177285,289.087445310024,-210.912554689976,-0.0030088559650020166,478.92105336369065,False
1.1182989607036977,0.8073103572828306,15.07379777079275,50.95347781325643,288.74093825388536,-211.25906174611464,-0.0040979987712522585,478.92105336369065,False
1.0692785583112108,0.9907569527727756,19.68595604985881,50.90808967643091,288.82356314438533,-211.17643685561467,-0.0038443643026606594,478.92105336369065,False
0.8706423829819561,0.9464997850942279,24.332524106560385,50.759237915884164,289.07033444498256,-210.92966555501744,-0.0030600496136884503,478.92105336369065,False
0.8785379896729952,0.9026121754040614,20.75366343888412,50.771432632399964,289.04693398945625,-210.95306601054375,-0.003132369007374432,478.92105336369065,False
0.9173068300658632,1.0961323463621413,29.43575604626674,50.781835847753044,289.04032246234533,-210.95967753765467,-0.003161555667841664,478.92105336369065,False
1.1281755832182356,1.0849424402416943,25.282649855411435,50.9361682078773,288.78437030558973,-211.21562969441027,-0.003972963645225395,478.92105336369065,False
0.9103798665247198,1.1778829105103186,25.612316434020016,50.78468337566827,289.0348087337839,-210.9651912662161,-0.003182543321101823,478.92105336369065,False
0.8977774900018811,0.8360797116096809,16.06801652030743,50.79392112860254,289.00529596980095,-210.99470403019905,-0.0032615000202259868,478.92105336369065,False
0.9653380140206275,1.1031699399759014,26.89512675334265,50.81999423495141,288.9762427596696,-211.02375724033038,-0.003365108405346949,478.92105336369065,False
1.0839364565711942,1.0079088056045722,30.820715201161512,50.89251805697515,288.85876800169586,-211.14123199830414,-0.00373352287603995,478.92105336369065,False
0.9820453399217713,0.8229295126162319,19.061852159803223,50.84768069988344,288.91865310486895,-211.08134689513105,-0.003535500611933577,478.92105336369065,False
0.9040250640515037,0.9558613289978377,22.320917558916495,50.786381043576064,289.0246565185373,-210.9753434814627,-0.003205241720627088,478.92105336369065,False
1.1155351198968968,1.0237511201360876,17.292026780021597,50.94647402053871,288.7591738158259,-211.24082618417413,-0.004050063858777489,478.92105336369065,False
0.9878693780244031,1.082645284956332,33.236935926005664,50.82204911356243,288.9773091960614,-211.0226908039386,-0.0033608462136822037,478.92105336369065,False
1.1192364988210757,1.0468131723642844,18.281302656005487,50.946754517750456,288.760074581879,-211.239925418121,-0.004048266640333,478.92105336369065,False
1.0964894741500957,0.8825138330848707,18.10868318673961,50.9308413473716,288.7824239335775,-211.2175760664225,-0.003969920360834808,478.92105336369065,False
1.055025441603544,1.0355430625907922,18.537181849356347,50.90070547290193,288.8357866745064,-211.16421332549362,-0.0038076065997241035,478.92105336369065,False
0.8879470493019889,1.1533978907723133,31.61253688076108,50.75765678730402,289.0826424359396,-210.9173575640604,-0.003029754474772218,478.92105336369065,False
1.075648166870661,0.8039976386896479,27.193565557752425,50.89498258271076,288.8471192377318,-211.15288076226818,-0.0037613880290206523,478.92105336369065,False
1.0992516081787786,1.1248936047041294,20.583122172609087,50.927280613361766,288.7958215182122,-211.20417848178778,-0.003938437019462048,478.92105336369065,False
0.8520452308616043,1.0045945216095027,24.249561382023344,50.7465263252155,289.09241641046896,-210.90758358953104,-0.002992483222575162,478.92105336369065,False
0.963572689265595,0.952041232736187,25.221852294863844,50.82203961066817,288.9682131489574,-211.03178685104263,-0.0033840210309853992,478.92105336369065,False
0.8817774779012656,0.9392870239309401,29.827996333957408,50.756559338270904,289.07831882385955,-210.92168117614045,-0.0030344442774604,478.92105336369065,False
1.0455500671264453,0.8777615634625325,19.281417109910507,50.892121240273546,288.84696168686395,-211.15303831313605,-0.0037651285771553495,478.92105336369065,False
0.9506349831852634,1.0542752928162913,30.925455588909127,50.8015516582424,289.00828995006304,-210.99171004993696,-0.0032613580099544043,478.92105336369065,False
0.9958433991459271,0.9477748766069625,19.125559908192777,50.857455394120024,288.90540056078214,-211.09459943921786,-0.003582960535700953,478.92105336369065,False
0.9020198382747742,0.8550182226953464,15.047782158395382,50.79894925106611,288.9967344429884,-211.00326555701162,-0.00328943486257829,478.92105336369065,False
0.943428454093392,0.840663858681382,33.809317069221436,50.790512483791275,289.0236597462321,-210.9763402537679,-0.0032035343652161807,478.92105336369065,False
1.0786409593304942,0.9175773121675794,22.896089457922898,50.90715309148305,288.82610701106233,-211.17389298893767,-0.003833027608609906,478.92105336369065,False
0.9412161417674805,1.1370808949785443,33.92128883138378,50.789187148363524,289.0325850191524,-210.9674149808476,-0.0031878568582995787,478.92105336369065,False
1.0436537600045899,0.8102026820613414,27.165898216205576,50.873013646512895,288.88316171817416,-211.11683828182584,-0.0036474405529382265,478.92105336369065,False
1.0708915910751289,1.1720171030405417,16.72183645508899,50.916290640129695,288.8117895307102,-211.1882104692898,-0.003889902718829693,478.92105336369065,False
1.0830012861209908,0.9881775492333316,21.61157799098886,50.91327946304852,288.8165677930553,-211.1834322069447,-0.003866438781350684,478.92105336369065,False
0.9263245238099431,1.1221674325536373,27.881945556482975,50.791137416841536,289.02459620697726,-210.97540379302274,-0.0032125508257029433,478.92105336369065,False
0.9233452425817202,0.8325634619981167,25.682222322681206,50.79307238573609,289.01332437398173,-210.98667562601827,-0.003235927856339554,478.92105336369065,False
1.0247925035712848,0.9541658600336529,24.294029035153386,50.86653157826305,288.89465950661867,-211.10534049338133,-0.0036173100691501317,478.92105336369065,False
0.9845921287721083,1.141256646786098,15.155508247070795,50.85816273346255,288.90564461688956,-211.09435538311044,-0.003590717545979966,478.92105336369065,False
1.0366734639058148,0.9802128810381143,29.608182024224515,50.86298978952048,288.90531794338915,-211.09468205661085,-0.003584675621126448,478.92105336369065,False
1.1438899800098685,0.8649093780067494,30.64432569243386,50.93358021348796,288.78842393702405,-211.21157606297595,-0.003950157942454039,478.92105336369065,False
0.8533949703292946,0.9735919100075155,25.59430265586485,50.74495865201973,289.095176287929,-210.904823712071,-0.0029824377319519163,478.92105336369065,False
1.0953018079589012,1.1174224477168444,30.358567940997624,50.90149599063715,288.84621542515,-211.15378457485002,-0.003778241925957912,478.92105336369065,False
1.0265749674444804,1.1914345359060892,16.368846456501572,50.88556889006601,288.8625600227599,-211.1374399772401,-0.0037296687482073236,478.92105336369065,False
1.0306387278345004,0.8869316544876067,28.26726487104582,50.861708238951,288.90423486041334,-211.09576513958666,-0.0035840138066217412,478.92105336369065,False
0.8749615519595655,1.0854474283391187,23.26132060346631,50.76443885456167,289.06422794430944,-210.93577205569056,-0.003085275178420943,478.92105336369065,False
1.0973773792414048,1.0184272734429418,32.14181436036171,50.89857161670282,288.8502774213232,-211.1497225786768,-0.003760924523998447,478.92105336369065,False
1.1260343536545343,0.9473029024319113,30.819709967553507,50.92110434487439,288.8107707072726,-211.18922929272742,-0.003883016623682112,478.92105336369065,False
1.0090714999484578,1.1836654269546398,26.06615082960107,50.852069296253795,288.92497318239754,-211.07502681760246,-0.0035312929785107517,478.92105336369065,False
1.0037756844478722,1.0452920099790926,30.543715312391235,50.838562382681936,288.9474119913097,-211.0525880086903,-0.0034540397095920044,478.92105336369065,False
1.0542814165307008,1.1631138667129215,27.30162839655336,50.880503076913286,288.8789762013258,-211.12102379867417,-0.0036763352991011434,478.92105336369065,False
1.0661190962352993,0.8027089389546271,29.279599807942496,50.88363884292846,288.867380535688,-211.13261946431197,-0.003697129501025768,478.92105336369065,False
0.9488913406253601,1.124500590905701,19.16269873415704,50.824441917608894,288.96371966923857,-211.03628033076143,-0.0034057488299083015,478.92105336369065,False
1.0940456207752511,0.8912126312050073,17.256482226299777,50.93112506783463,288.78144159609093,-211.21855840390907,-0.003973424157359444,478.92105336369065,False
1.1367536358191348,0.9912720975750948,24.3666451743027,50.944218599105504,288.76825318210325,-211.23174681789675,-0.004019812648054516,478.92105336369065,False
1.0376026984866147,0.967195727807032,21.126190339764683,50.8825165193904,288.86621052742464,-211.13378947257536,-0.0037080805224310983,478.92105336369065,False
1.1120543837366077,0.9948517165745123,33.82727601419259,50.904466048170335,288.8416265559085,-211.15837344409152,-0.003787312315372147,478.92105336369065,False
0.9853959539486619,1.1278205963445984,17.59756004309094,50.853549225660224,288.9147568782397,-211.0852431217603,-0.003561218746772463,478.92105336369065,False
1.0556968602744639,1.0572443829721407,21.02969721640255,50.89555684531802,288.84675280022446,-211.15324719977554,-0.0037738058748675485,478.92105336369065,False
1.120909768892178,1.1619580181975313,19.54070283394843,50.94506443957222,288.76656330010474,-211.23343669989526,-0.004032970686967497,478.92105336369065,False
1.0656824903980937,0.9264678166872695,19.968297174707878,50.90482276247003,288.82772083257703,-211.17227916742297,-0.0038282986321935128,478.92105336369065,False
0.9613526269920725,0.8730793423149055,34.07424494509121,50.80210750383672,289.0057065813735,-210.9942934186265,-0.003261805634415934,478.92105336369065,False
1.063190325275191,0.9564471933216139,21.08956066356209,50.90054610572979,288.83633170214785,-211.16366829785215,-0.0038023415082929397,478.92105336369065,False
0.864508612133839,0.8535830868938793,23.4141439732447,50.7565581747985,289.07204147636327,-210.92795852363673,-0.003050746628393761,478.92105336369065,False
0.9667577679747188,0.9348276415884907,30.869511591307827,50.81249251617415,288.9877058632126,-211.01229413678738,-0.0033214954656112265,478.92105336369065,False
0.9596702388382953,1.0834781988641526,33.06002362432455,50.80334487607472,289.0076520234465,-210.9923479765535,-0.003264640520492381,478.92105336369065,False
1.0053169858732391,1.1782895108796514,29.542788983661673,50.84195682777199,288.94412588308415,-211.05587411691585,-0.003470289922712542,478.92105336369065,False
0.9443465928802101,0.8339347340430748,16.16351905597255,50.82693820576432,288.9509178976909,-211.04908210230911,-0.0034337245164665904,478.92105336369065,False
0.9933934151195287,0.85186371846884,17.429852110603854,50.859219768744055,288.8990805540918,-211.10091944590818,-0.003598786028673574,478.92105336369065,False
0.9306831328832558,1.0519750555560654,16.387074449572957,50.81703167806636,288.9722766949715,-211.02772330502847,-0.003375445772831151,478.92105336369065,False
0.9178410323851414,0.9354364466578439,30.633584131139692,50.77962577919171,289.0411612937373,-210.95883870626272,-0.0031520671839634935,478.92105336369065,False
0.9022219389621242,0.830125134027178,32.879992446955285,50.76447982597258,289.06513357995306,-210.93486642004694,-0.0030716689533777466,478.92105336369065,False
0.917158690027439,1.1391352987846943,33.7927145705158,50.77320517635605,289.05855122799073,-210.94144877200927,-0.003105573565935868,478.92105336369065,False
1.0025878040922707,1.0281482319421322,27.373840847951122,50.844557617955694,288.9347291795721,-211.06527082042788,-0.0034935059239982916,478.92105336369065,False
0.9682372450142226,1.1261011659987845,24.839445896315983,50.82630201121436,288.96489417807686,-211.03510582192314,-0.0034021030085228917,478.92105336369065,False
0.9644424813063096,0.8891821813105836,15.437801599803631,50.842839214730425,288.92541468495085,-211.07458531504915,-0.003516943748798224,478.92105336369065,False
0.9553414109706855,0.885727435616803,23.555094254059576,50.819666862947024,288.9693812735134,-211.03061872648658,-0.003377456324255826,478.92105336369065,False
0.885245922794385,1.1668372932057405,34.15407584340797,50.75100282222808,289.09558668447744,-210.90441331552256,-0.0029892615756006977,478.92105336369065,False
0.955259147755285,1.0752172436188179,24.20625283827525,50.81852246152247,288.97600386104756,-211.02399613895244,-0.0033646474624954167,478.92105336369065,False
1.1232346885183424,0.8562597122203521,26.34567200893234,50.9298706466382,288.79047051816127,-211.20952948183873,-0.003943262784791602,478.92105336369065,False
0.9078725321568697,0.9399361386302842,19.754873539545592,50.7940602412981,289.0099043040574,-210.9900956959426,-0.0032513241864087737,478.92105336369065,False
1.0006239308153586,1.175664696922032,34.437377433294515,50.82822074059962,288.97035414031365,-211.02964585968635,-0.003386962151022437,478.92105336369065,False
0.9205165130622456,0.8556331539354464,18.228101069504543,50.80589098748358,288.9875088391582,-211.01249116084182,-0.003318703346165385,478.92105336369065,False
0.8854218083662823,1.1301867895292175,34.73179907145052,50.749972631004475,289.09682815262096,-210.90317184737904,-0.002983777987081004,478.92105336369065,False
0.9267229102897454,0.968560663432565,24.104372147023486,50.798730736603474,289.0059508173411,-210.9940491826589,-0.0032650881264182294,478.92105336369065,False
1.128640302418792,0.9495719247990663,20.56202023789911,50.94774970784864,288.75820256688667,-211.24179743311333,-0.00404976867806011,478.92105336369065,False
0.9163930322393482,0.905909295047088,28.747077599213934,50.78231528822554,289.03474736272534,-210.96525263727466,-0.003171145559002992,478.92105336369065,False
1.1011840844464191,0.8277688504260157,19.26660960283825,50.93135468256984,288.7813377821006,-211.2186622178994,-0.003970898927406815,478.92105336369065,False
0.9534238096646266,0.8180243344180919,21.723599135640747,50.82199578932639,288.96271620283005,-211.03728379716995,-0.0033956655097511813,478.92105336369065,False
0.9221912420431676,1.1150362803403315,31.503756275890606,50.781106999644585,289.04344843304744,-210.95655156695256,-0.003152450414997929,478.92105336369065,False
1.1134501622361306,0.9606095489186073,28.683679600393738,50.91766291165429,288.8148027156309,-211.1851972843691,-0.003870821459867282,478.92105336369065,False
1.0208251340483852,1.1736697409160357,15.974712741890626,50.88231374732102,288.86720707510784,-211.13279292489216,-0.0037141233222922963,478.92105336369065,False
1.1075606744336337,1.084167562063966,31.5531596380404,50.90696833677824,288.83756969306285,-211.16243030693715,-0.0038041789718092907,478.92105336369065,False
1.044243017380536,1.0322048969692619,20.28784301037801,50.889145268051806,288.85611960432476,-211.14388039567524,-0.0037429737634794803,478.92105336369065,False
1.13231047114705,1.1307924487090073,30.12412436993217,50.92732231290422,288.8041688082677,-211.19583119173228,-0.003912254063172716,478.92105336369065,False
0.9581115829437616,1.1340168658488756,20.901132751732383,50.82739003925956,288.96036220727484,-211.03963779272516,-0.003416818634893185,478.92105336369065,False
0.9012595352388337,0.8350462069692369,29.169771258028657,50.77102205550789,289.0519243559706,-210.94807564402942,-0.0031137249637786107,478.92105336369065,False
1.0737190623173662,0.9437667772936689,20.069201344107395,50.91027320959153,288.819233054989,-211.180766945011,-0.003855985518339426,478.92105336369065,False
1.1017717035059542,1.0762452739287074,29.044820852615917,50.90896045539007,288.8319496891546,-211.1680503108454,-0.0038216423946150703,478.92105336369065,False
1.0080932916176704,0.8483701474535279,16.307404627461445,50.872083588236954,288.8769691857206,-211.1230308142794,-0.0036687082793841193,478.92105336369065,False
1.0706220308303795,0.9309763899133473,31.395565602326386,50.88202396477515,288.8746436421988,-211.1253563578012,-0.0036797692396450393,478.92105336369065,False
0.9132722957698782,0.857285992966054,25.08647312268412,50.78729696653538,289.02290240659147,-210.97709759340853,-0.0032066220417715087,478.92105336369065,False
1.0303137644375377,0.98974990397783,16.694528722959284,50.887239935389935,288.85545673238033,-211.14454326761967,-0.003743170522626901,478.92105336369065,False
1.0315339647940844,1.0402839231025296,23.763897287404212,50.87250835951116,288.88638425832903,-211.11361574167097,-0.003647355858182125,478.92105336369065,False
1.0123435805600831,0.9588382111707013,19.677330632279524,50.867924948084436,288.8888591294301,-211.1111408705699,-0.003635894056475608,478.92105336369065,False
1.1103222530668884,1.1985705905978234,20.64302974862285,50.935021133453624,288.7848548665699,-211.2151451334301,-0.003976607100908699,478.92105336369065,False
1.0450560287277721,0.8520423471552172,34.4191523352366,50.85774781080277,288.91497490039046,-211.08502509960954,-0.00354846663990824,478.92105336369065,False
0.9831966022379002,1.0341077980281923,31.837504283952267,50.82177996681995,288.9755458847699,-211.02445411523013,-0.0033643324023386128,478.92105336369065,False
1.0199112215562192,1.1054659926717287,27.528213909816884,50.856254454315795,288.9174864119087,-211.08251358809127,-0.0035515945539320555,478.92105336369065,False
1.1059100153865224,1.0802418157780964,33.86054732046151,50.90036046213252,288.85027697228537,-211.14972302771463,-0.0037636984592362703,478.92105336369065,False
0.8564568824188893,0.803550478474784,17.50239727854917,50.76176212139971,289.0584935569152,-210.9415064430848,-0.0030915750751076207,478.92105336369065,False
0.957597052993306,1.0272507419045989,30.848226782602794,50.806417495997586,288.9996808980826,-211.0003191019174,-0.0032874977131335096,478.92105336369065,False
0.8739732446516302,1.0202653902540912,30.97879759957781,50.74916626962889,289.09300425242105,-210.90699574757895,-0.0029912823696189974,478.92105336369065,False
1.047716469166616,0.8264057360108724,17.6329589332827,50.897294460428206,288.83600355701236,-211.16399644298764,-0.003797574781877625,478.92105336369065,False
0.8500816684555622,1.1392254688167274,15.353484707035523,50.76159042337817,289.06493244211055,-210.93506755788945,-0.00308531750706092,478.92105336369065,False
1.1144945283912264,0.8388920014426497,27.48855812736349,50.92107654514752,288.80546983667614,-211.19453016332386,-0.0038949437251479045,478.92105336369065,False
0.9812072298060129,0.9133901677347982,15.380891294261765,50.85496688004305,288.9059216192581,-211.0940783807419,-0.003579790743649482,478.92105336369065,False
1.0404207741260618,1.0472866960327474,15.558563065463947,50.89704644052009,288.83971170810526,-211.16028829189474,-0.003795675729018716,478.92105336369065,False
0.9819855329923638,1.0520231963548776,22.252787854571597,50.84120504414693,288.9368170995389,-211.06318290046107,-0.0034879178420868283,478.92105336369065,False
0.8858909785226616,0.9823461038884854,20.701159018262096,50.77680701379051,289.0398557248571,-210.9601442751429,-0.003158179875951742,478.92105336369065,False
0.9026273524111882,0.8123263355903179,15.910513746202547,50.79765608599339,288.9985118072345,-211.00148819276552,-0.003281986756680968,478.92105336369065,False
0.8972738540658821,0.8050180343798824,19.040718959413894,50.78778909563073,289.016730811077,-210.98326918892297,-0.0032239564005024737,478.92105336369065,False
1.0958111395348848,1.1423069558623078,15.326214216403578,50.9372591293597,288.775413083292,-211.224586916708,-0.0040039702603722185,478.92105336369065,False
0.8943999875664935,0.8937173587105124,18.560745939543132,50.78679291692346,289.0200019278644,-210.97999807213557,-0.0032173481148120835,478.92105336369065,False
0.9308125968834834,1.1096651111358722,24.68295847970675,50.80060665595843,289.0064953667531,-210.9935046332469,-0.003269424629935489,478.92105336369065,False
1.0014374838019477,0.987919876028446,31.367223802367917,50.83511870195668,288.95238421117375,-211.04761578882625,-0.0034357754524434146,478.92105336369065,False
0.8980738794888316,1.1314412450828946,20.409774644582946,50.7861352317483,289.0277224623649,-210.97227753763508,-0.003203022761143637,478.92105336369065,False
1.0769867467991068,1.0875023560950283,30.37804511365501,50.888918118775834,288.86607194029574,-211.13392805970426,-0.0037139060217982424,478.92105336369065,False
0.8846689684879452,1.1554185267220953,26.912654133759954,50.764365645222405,289.06845104266233,-210.93154895733767,-0.0030748550609293462,478.92105336369065,False
0.9890433660356166,0.9649435050652255,19.792982911792084,50.85125586914773,288.9164833101754,-211.0835166898246,-0.003548577288097177,478.92105336369065,False
1.0174785984428785,0.8296114595327244,17.779583416241934,50.875526270833504,288.8720164115631,-211.1279835884369,-0.0036835840208917295,478.92105336369065,False
0.9446676150430418,0.9165265464442791,33.96338368559856,50.7911356248538,289.02444656928566,-210.97555343071434,-0.003204254255965739,478.92105336369065,False
0.8781866035795587,0.8477099992719938,18.588761258458053,50.77520231521209,289.03806676383317,-210.96193323616683,-0.0031581526011132755,478.92105336369065,False
1.0155278224993485,0.8379835349231164,20.199135349377148,50.868873665836055,288.88501549136606,-211.11498450863394,-0.00364276221917539,478.92105336369065,False
1.0408738594729554,1.0671086418528617,31.760823578711694,50.8611660716577,288.9120294291981,-211.08797057080187,-0.0035672228881206158,478.92105336369065,False
1.0561268136182604,0.862077839557088,26.264348611207666,50.88372084902909,288.8660512774692,-211.13394872253082,-0.0037039478125831535,478.92105336369065,False
0.9562225091890018,0.8830558072530705,30.29244879184918,50.806432131904074,288.9960008161086,-211.00399918389138,-0.003292984981337907,478.92105336369065,False
1.0501663843186946,0.9005652702053079,17.199357670642986,50.90010739811395,288.8326696315369,-211.16733036846313,-0.0038114424857045182,478.92105336369065,False
0.9399148332650316,0.9270543949407712,28.520949793919122,50.79893609309672,289.00789942431953,-210.99210057568047,-0.0032571446898769433,478.92105336369065,False
0.8661892825196503,0.8739211002853479,17.99546003757197,50.76784619795966,289.0503558050898,-210.9496441949102,-0.0031203122008871204,478.92105336369065,False
1.0764942768836108,0.9624723764091603,31.34992146937247,50.88616410835852,288.8685597580931,-211.1314402419069,-0.0037004535486323677,478.92105336369065,False
0.8802748663829535,1.1704929975032794,32.40229586002486,50.75096802528006,289.09449386537585,-210.90550613462415,-0.002992881577014977,478.92105336369065,False
0.9793323500236657,0.9827346559583466,27.423102795689367,50.8283760240055,288.96020170226825,-211.03979829773175,-0.003410754194787483,478.92105336369065,False
0.8549855528703967,1.082014439703971,31.887969700247563,50.73463708583557,289.1187224032603,-210.88127759673972,-0.0029123147175967963,478.92105336369065,False
1.0704196047336356,0.8679033547269852,30.78585465695714,50.883204063355166,288.8707978068905,-211.1292021931095,-0.003689174591413994,478.92105336369065,False
1.0822360091971304,0.8992742981319755,18.78755826262714,50.91919055149862,288.80252538163336,-211.19747461836664,-0.003906953156311817,478.92105336369065,False
0.8822828228597492,0.8892850551941495,23.30236640334702,50.769215856632016,289.052002644152,-210.94799735584797,-0.003115746790804044,478.92105336369065,False
0.9918055736942344,0.838095062508726,25.959777916686008,50.8398942385016,288.9370069086832,-211.0629930913168,-0.003478012088992632,478.92105336369065,False
0.851669034588639,1.0384432370377445,27.661177557075515,50.740063251074574,289.10602699048405,-210.89397300951595,-0.00295074866192809,478.92105336369065,False
1.0446241184101495,1.111703550741458,30.336821247013226,50.86696994318644,288.90240655181805,-211.09759344818195,-0.0035997160391033098,478.92105336369065,False
0.9045063353772392,0.8313497652305246,24.068515513747663,50.783159967192766,289.02838983764156,-210.97161016235844,-0.0031881351307501255,478.92105336369065,False
1.0302358805831089,1.1007470786683267,26.69893431550427,50.86519010378497,288.9020990158399,-211.0979009841601,-0.0036001969676502346,478.92105336369065,False
0.8934761580863373,0.9752038874328628,18.695286335438766,50.785985360055975,289.0232441211925,-210.97675587880752,-0.003210537758027086,478.92105336369065,False
0.900709393205053,0.840108674266204,32.26830580810895,50.76465262025765,289.0646340180456,-210.93536598195442,-0.003073668168599457,478.92105336369065,False
0.8754971516236739,1.0311201874593112,30.4541904056181,50.75120623101433,289.08955916679287,-210.91044083320713,-0.003002660738957873,478.92105336369065,False
0.8561474707457147,1.0993372616955792,24.87275384846548,50.74835872885317,289.09198097699135,-210.90801902300865,-0.002997844676574878,478.92105336369065,False
0.9867541679674261,0.945108916698553,22.841827366273684,50.843151280166445,288.9316589727983,-211.0683410272017,-0.0034996037229381586,478.92105336369065,False
0.8850832910450184,1.1571980247819704,24.630011650262272,50.76899580526646,289.0593381037174,-210.94066189628262,-0.0031038377364879313,478.92105336369065,False
0.9181158582791012,0.9707718245715482,21.525437393735107,50.797831821976764,289.00563938431526,-210.99436061568474,-0.0032661658435623204,478.92105336369065,False
0.9941335541136238,0.8426032701262899,19.251893610102933,50.85584083440582,288.9058123196265,-211.09418768037352,-0.0035770514872280348,478.92105336369065,False
0.9448944072813865,1.0947616812937664,28.704187352967878,50.8022050959749,289.0064858112233,-210.99351418877671,-0.0032688185557399143,478.92105336369065,False
0.9826078047500707,0.9331595679942283,24.57828147036681,50.83657293248788,288.943498314095,-211.056501685905,-0.003461554043527892,478.92105336369065,False
0.9418346091677552,1.1452734031148302,19.152724758623034,50.81950400078294,288.9723092125676,-211.0276907874324,-0.0033794061849694475,478.92105336369065,False
1.0159971571437496,0.8536968260932429,34.51096941630587,50.8379790730005,288.9472511988357,-211.05274880116428,-0.0034462417953776176,478.92105336369065,False
1.0226919396872596,0.8145476437702013,23.063208222521098,50.867592682516864,288.8888444033214,-211.1111555966786,-0.003629609547000188,478.92105336369065,False
1.1308163726500775,0.9631823776668996,33.707462775439126,50.91736762222379,288.81980453605263,-211.18019546394737,-0.0038550951840564175,478.92105336369065,False
0.9693266045344674,0.9045307087883973,30.46301185750781,50.81504953594508,288.98254652897583,-211.01745347102417,-0.003336549378433646,478.92105336369065,False
1.1373802053047606,0.9959930826227494,23.78788594149072,50.94607415364041,288.764808945619,-211.235191054381,-0.004030948977781045,478.92105336369065,False
1.0789254361191292,0.9110788514728329,29.92378512262762,50.891053418508626,288.8582179605864,-211.1417820394136,-0.003730959351793157,478.92105336369065,False
1.0097780223021955,1.0592796656938102,17.116064608452263,50.87180592288251,288.88277157756556,-211.11722842243444,-0.003659639747826364,478.92105336369065,False
0.9117885750923642,0.8106916866885808,21.82077953331607,50.79260808417039,289.0108634527398,-210.98913654726022,-0.0032427919149942775,478.92105336369065,False
1.1470555192597804,1.147250636603748,20.277505361176352,50.96166268116783,288.73958452203766,-211.26041547796234,-0.004117908223784908,478.92105336369065,False
0.8616722863283401,0.9083212175743672,23.643124998892684,50.75422505290582,289.07723500436236,-210.92276499563764,-0.0030365760554326767,478.92105336369065,False
0.8609838833450619,1.0536746718191776,28.96132034562082,50.74409183462532,289.1006638696449,-210.8993361303551,-0.002968393382655294,478.92105336369065,False
1.1006981812489256,1.14971563154088,27.417916105985043,50.91217327026769,288.8269768253177,-211.17302317468233,-0.0038407320252602664,478.92105336369065,False
0.8511736686510769,0.9404858521709974,18.92520411224013,50.75557877677222,289.07262735513507,-210.92737264486493,-0.0030525228356872813,478.92105336369065,False
1.123997991280279,1.1524552024775552,25.521425332923066,50.932791219412756,288.7916570534486,-211.2083429465514,-0.003952926390366512,478.92105336369065,False
1.1188051639113932,1.0242104811047774,33.20436332662234,50.910556632616704,288.83181995462803,-211.16818004537197,-0.003819728074245536,478.92105336369065,False
1.0620354894246218,1.1677188185262535,33.340646629388814,50.872072920279194,288.89788862464354,-211.10211137535646,-0.0036165454517999096,478.92105336369065,False
1.1477483187735014,1.1748604612410045,26.74945728688605,50.946236133770746,288.7712571429713,-211.2287428570287,-0.0040186954353971845,478.92105336369065,False
1.1414592046936902,1.0347209613379489,21.628271364537248,50.954260065342595,288.75035855318987,-211.24964144681013,-0.00407854554090112,478.92105336369065,False
1.123892094825547,1.1812405317661154,19.350489170100413,50.94765302897079,288.76258952591553,-211.23741047408447,-0.004046468725395495,478.92105336369065,False
1.088121423376984,0.9362740674840649,24.46267044989223,50.910133269756244,288.82295149717277,-211.17704850282723,-0.003843875067917081,478.92105336369065,False
1.0591265220449007,1.1918758711401103,30.484678760063794,50.87663827566391,288.88860017910895,-211.11139982089105,-0.0036470896172857846,478.92105336369065,False
1.0326700415006198,0.9341871265598617,20.133044832098527,50.88121382893449,288.86682302907735,-211.13317697092265,-0.003704671310339695,478.92105336369065,False
0.935343505929452,1.003213522541384,22.020799839129072,50.80896414362298,288.98844993859524,-211.01155006140476,-0.003322060502659054,478.92105336369065,False
0.956669670388279,1.1131856731789393,22.490875942284013,50.82308083129385,288.96812914256816,-211.03187085743184,-0.0033912734739898333,478.92105336369065,False
0.8714002872386528,0.8501989477170188,28.131771153635192,50.75252485253359,289.0817568985414,-210.9182431014586,-0.003019825476551552,478.92105336369065,False
1.0573404115323584,0.9256957650052249,21.979459214438663,50.89437741639238,288.846495624702,-211.15350437529798,-0.0037687464102385236,478.92105336369065,False
0.9013625277957364,0.9347566084237837,25.849399818936327,50.77765433551824,289.04095341097855,-210.95904658902145,-0.003152690356326897,478.92105336369065,False
0.9659237239088896,1.13600706256217,19.88818138406593,50.83498507280608,288.94718262429666,-211.05281737570334,-0.0034587150659641745,478.92105336369065,False
0.863289001878817,0.8512779274716278,26.1870587475955,50.750558357274805,289.08367818710695,-210.91632181289305,-0.003013779924961239,478.92105336369065,False
0.9067406707730331,1.165496111555026,29.210757261305357,50.77513355104996,289.0526994519447,-210.9473005480553,-0.0031252569872265213,478.92105336369065,False
0.8628664676408343,1.037228443048599,26.228969281552544,50.75042882362197,289.0880842433611,-210.9119157566389,-0.003007590092968796,478.92105336369065,False
1.0196235152361797,0.9220704486337777,15.280836938868307,50.88264196613341,288.8604206720932,-211.1395793279068,-0.003724417155717854,478.92105336369065,False
1.1399282348570634,0.9413128726798764,28.999594194774993,50.93501226561731,288.7863085450014,-211.21369145499858,-0.00396030623739301,478.92105336369065,False
1.0730180768979687,0.9996005443094695,31.852024524299097,50.88269353036977,288.8754820669941,-211.1245179330059,-0.0036801506766510938,478.92105336369065,False
0.9680695523312416,1.0217514605560076,28.81699259232806,50.81777160699114,288.9794790773966,-211.0205209226034,-0.0033513191034718437,478.92105336369065,False
1.0427057661722068,0.8152962131193832,28.176221920902833,50.87010356526883,288.88885625507754,-211.11114374492246,-0.003629620543797141,478.92105336369065,False
0.854485531883775,0.8142674671632321,26.168300903991053,50.74445606864563,289.0928360567957,-210.9071639432043,-0.002983226414114238,478.92105336369065,False
1.1431814468784391,1.1907502125609093,27.565601877927023,50.94110566397376,288.78074667420816,-211.21925332579184,-0.003989311614523881,478.92105336369065,False
0.941148915677955,0.9002292641671628,18.35410029806839,50.82031248138445,288.9648607547979,-211.03513924520212,-0.0033923981840982115,478.92105336369065,False
0.91480996106536,1.1932161422267622,15.889474188741303,50.80688647080605,288.9918830510989,-211.0081169489011,-0.0033193878996136943,478.92105336369065,False
0.9136430484263066,1.010240231634577,15.935259180761511,50.80572205305966,288.98964885576055,-211.01035114423945,-0.0033185513709433605,478.92105336369065,False
0.8557045494756877,1.0546597236919928,18.382521883372604,50.759929423450544,289.0676936912494,-210.93230630875058,-0.003072975296039132,478.92105336369065,False
1.0475020297303144,1.1320145127465293,32.94012035450079,50.86310331302261,288.91133700179154,-211.08866299820846,-0.0035722898014912637,478.92105336369065,False
1.0485032577922302,1.1027658278159402,34.992067948480695,50.85911857687682,288.9188701910948,-211.0811298089052,-0.0035471038017681165,478.92105336369065,False
0.9549765380546478,1.1351878057450246,16.606031500793833,50.83400173601599,288.9463814987678,-211.05361850123222,-0.0034612144410955713,478.92105336369065,False
1.0518211034605063,1.1058540431819266,31.225214168836352,50.86986448315296,288.89828734335714,-211.10171265664286,-0.003612526874234343,478.92105336369065,False
0.9004782345219211,1.0732492492278627,32.434868967234436,50.764479561445384,289.0702688235697,-210.92973117643032,-0.003065609798571873,478.92105336369065,False
1.0725724705672783,0.818754676641344,28.613242541286006,50.88961188104694,288.8574170469758,-211.1425829530242,-0.003729409529785423,478.92105336369065,False
0.8865620215857279,0.9838906334097642,18.778690507262496,50.7809443693826,289.03178740369464,-210.96821259630536,-0.0031838225390376203,478.92105336369065,False
1.146202785148745,1.1124920824609568,32.75157488636013,50.930308298618726,288.80125265602766,-211.19874734397234,-0.0039206843277148845,478.92105336369065,False
0.8825218328572679,0.8505216392813015,22.344490261457935,50.771150238776535,289.0473182112801,-210.95268178871987,-0.0031289603313897065,478.92105336369065,False
1.1465601949807664,0.9962616934768687,26.053269425032433,50.94688388701912,288.76549699035337,-211.23450300964663,-0.0040287885519052526,478.92105336369065,False
1.0850031037250771,0.8743321046231889,34.81742601956528,50.88374780460264,288.87351071327197,-211.12648928672803,-0.0036808721024631026,478.92105336369065,False
1.0010305861893096,0.8045902751849064,19.08390422105585,50.8610232268985,288.8963261791065,-211.1036738208935,-0.003605453417928677,478.92105336369065,False
1.1278546612152653,1.0677393965520745,31.162886638989253,50.92167777352416,288.81286330446426,-211.18713669553574,-0.003881813240295143,478.92105336369065,False
0.9665001332385449,1.0001273029730693,24.437059284827992,50.82576308254966,288.96260754010706,-211.03739245989294,-0.0034038737248329796,478.92105336369065,False
0.9047267831813252,0.9760689566833097,31.219872373425474,50.76959458828506,289.05885851938086,-210.94114148061914,-0.003097682749760105,478.92105336369065,False
0.8613097178675141,1.1994383243993054,27.779921540128036,50.7466965640609,289.0989553989874,-210.9010446010126,-0.0029799473943215183,478.92105336369065,False
0.936627875810327,1.1975852907314786,28.836419663394587,50.796406510482306,289.0184236613836,-210.98157633861638,-0.0032353827792132362,478.92105336369065,False
1.034668697112147,1.0430948698692895,19.73398769538435,50.8836529706628,288.86495207140223,-211.13504792859777,-0.0037154448991254026,478.92105336369065,False
0.8703091162350218,1.1961570756924635,29.575797523186537,50.74952823455654,289.09547612305164,-210.90452387694836,-0.002990848421135536,478.92105336369065,False
1.0251072838673074,0.8724820428127358,30.764958257241044,50.85238924545393,288.92115127913627,-211.07884872086373,-0.0035297696850040885,478.92105336369065,False
0.9291652716203693,0.9162111477573558,15.406996478462624,50.8177306893132,288.96738027120205,-211.03261972879795,-0.003385095137039056,478.92105336369065,False
0.9276428179415727,1.012018776590053,20.883066107406336,50.80584993946601,288.9929473328432,-211.0070526671568,-0.0033081773008784335,478.92105336369065,False
0.9964665537505926,1.1308768703705234,18.199544991124263,50.86012168721808,288.9044645924521,-211.0955354075479,-0.0035940076122683187,478.92105336369065,False
0.974385175249904,1.0435759427397466,16.197507366862023,50.848553109296425,288.9200217510622,-211.07997824893778,-0.0035408002369893225,478.92105336369065,False
1.149082964605642,1.0018803447725746,24.279334644837128,50.953012888386446,288.7540043411586,-211.24599565884142,-0.004065487973035236,478.92105336369065,False
0.8625731195561962,0.8311896158836135,22.71404097363641,50.75647761342007,289.07121230777653,-210.92878769222347,-0.0030524384299755974,478.92105336369065,False
0.9415833522536302,0.9093880455589209,28.873096500983767,50.7993457341307,289.0070960420325,-210.99290395796748,-0.003258938393662447,478.92105336369065,False
0.9231023209331541,1.0966707407591108,29.51491416009722,50.785647211102265,289.0341688444279,-210.96583115557212,-0.0031810965275398256,478.92105336369065,False
0.9152786588704835,1.0482183624896295,17.02155123700891,50.80480204420409,288.9927765414968,-211.00722345850318,-0.003310272904884103,478.92105336369065,False
0.9083790837566145,0.9484735602407433,29.23961755841325,50.775911000213895,289.046512934423,-210.953487065577,-0.0031356520138360556,478.92105336369065,False
1.058421522642865,1.0073105570985916,21.191904187799725,50.89703385819071,288.8433273942634,-211.15667260573662,-0.003782433512047275,478.92105336369065,False
0.996916551170395,0.8629158021147445,27.998211760292662,50.839095139832665,288.940446174201,-211.05955382579901,-0.003468191440689093,478.92105336369065,False
0.9112367637512754,1.1396077268561664,22.956382126230213,50.790426393874235,289.0226386455758,-210.9773613544242,-0.0032195037033718086,478.92105336369065,False
0.8764419904942877,1.0731896201090259,23.199661670931036,50.765572192318324,289.0620480386693,-210.93795196133073,-0.0030916686336360344,478.92105336369065,False
1.069870933537925,1.0410751261096531,30.314395456109892,50.88414755058632,288.8727454561606,-211.1272545438394,-0.0036906675460136886,478.92105336369065,False
0.9925215958537108,0.8167571011234003,16.881317435234028,50.85972560899683,288.89706084031565,-211.10293915968435,-0.0036036504750456134,478.92105336369065,False
0.914036917645026,0.9886356486151809,20.09879309356275,50.79779605256545,289.0050977585706,-210.99490224142937,-0.0032686459564893323,478.92105336369065,False
0.9885756155133507,1.0922571135209476,24.895252151704554,50.8402577663812,288.941301190034,-211.05869880996602,-0.0034754637174851744,478.92105336369065,False
1.0807751197309918,1.0847007505509938,32.55923999557825,50.8864341870523,288.8719235717477,-211.1280764282523,-0.0036952244891073713,478.92105336369065,False
1.0335556573159346,0.8907004773878161,19.472211734269667,50.88324777089661,288.8619889116613,-211.13801108833871,-0.003718068224703577,478.92105336369065,False
1.148001609516459,0.8109674625998914,18.16736256188506,50.96707716081517,288.7212718061267,-211.2787281938733,-0.004160511373231896,478.92105336369065,False
0.9847555964220797,0.9595033453522617,16.57095212125153,50.855043831771276,288.9077098230128,-211.0922901769872,-0.0035761476079438272,478.92105336369065,False
1.0700320179966405,0.8136232833267004,18.079557447007936,50.912080279270526,288.8117484581507,-211.1882515418493,-0.0038738775054190156,478.92105336369065,False
0.8762076714633159,0.8124762193555289,23.81240950104054,50.7639177084046,289.05933725701306,-210.94066274298694,-0.003089283985609954,478.92105336369065,False
0.98387959996641,1.120550903579046,30.195624938929598,50.82583189514614,288.96963052279517,-211.03036947720483,-0.00338684577117934,478.92105336369065,False
1.0933102963444927,0.8287797332190479,16.138222974039767,50.93314774608244,288.77580365776936,-211.22419634223064,-0.00398847210079973,478.92105336369065,False
1.1263830386429443,0.9481887628904931,19.87562833344756,50.94782210656817,288.757460506808,-211.242539493192,-0.004052055776291019,478.92105336369065,False
1.0815131458975256,0.9810844905274702,17.20167302751137,50.922472804322624,288.79765050112246,-211.20234949887754,-0.003926093743058046,478.92105336369065,False
0.9378101870923935,1.1623768468596842,28.00411204375775,50.798846672901014,289.0130092261643,-210.9869907738357,-0.0032510401178742062,478.92105336369065,False
1.003001333779181,1.0504874873534886,19.590118297164143,50.86164648939457,288.9011814156253,-211.09881858437473,-0.003600865824428363,478.92105336369065,False
1.1139198214435704,0.9920198261212106,17.716577457844906,50.944268809821054,288.76244661769164,-211.23755338230836,-0.004038234944243808,478.92105336369065,False
1.1180372488323775,1.0627335212327051,22.472884881117455,50.935861625531636,288.78192395724733,-211.21807604275267,-0.003979700901217747,478.92105336369065,False
0.9316854755911086,1.0169558789380218,24.589929388712775,50.80127603796472,289.0032210429005,-210.99677895709948,-0.0032758188789953117,478.92105336369065,False
0.8547667067849098,1.0167222529023325,25.077004802545297,50.74691589111017,289.0926005279018,-210.90739947209818,-0.0029924084712818536,478.92105336369065,False
1.0910184892433372,1.1154248552479826,26.3735932542262,50.90791055860951,288.8322674088973,-211.16773259110272,-0.0038223920800571345,478.92105336369065,False
0.9154401507470639,0.8784643262422431,21.678837124973725,50.79553339203899,289.0074589757602,-210.9925410242398,-0.003256457848108012,478.92105336369065,False
0.9778049501866681,1.159405986085511,30.696630806177154,50.82068480216004,288.9793114495883,-211.0206885504117,-0.003357826412456545,478.92105336369065,False
1.0099391511197913,0.9373622111301774,32.29814144968326,50.838813200641304,288.9459687845707,-211.0540312154293,-0.003453922849384023,478.92105336369065,False
0.9144731341232459,1.0051614133744673,26.030299263418048,50.78646760163866,289.0282381332656,-210.97176186673443,-0.003195991818987104,478.92105336369065,False
1.066863254112076,0.8971770875081242,29.893196500195906,50.882866851916084,288.8712455143466,-211.12875448565342,-0.0036890441776930207,478.92105336369065,False
0.9168877772957361,1.1144249345389587,28.433771847260765,50.783547773469586,289.0372219290362,-210.9627780709638,-0.003172170689552834,478.92105336369065,False
0.9687677506609821,1.1768021784075113,22.86059240280362,50.83085799045153,288.9571092524762,-211.0428907475238,-0.003429016042143459,478.92105336369065,False
0.8996172149693269,0.8797590082080307,17.811216652889836,50.79191805534705,289.01074778824653,-210.98925221175347,-0.003246083112242164,478.92105336369065,False
1.0015313204565905,1.048955281331838,22.597991588217504,50.854134962159726,288.9157964534616,-211.0842035465384,-0.0035544523193616322,478.92105336369065,False
1.0497318130832998,0.9661018546684933,32.52927708477785,50.86531179822107,288.90362514091686,-211.09637485908314,-0.0035894310513843288,478.92105336369065,False
0.9622853551414872,1.0159277938922664,20.63887154565183,50.83070808127361,288.9520273458024,-211.04797265419762,-0.0034381020350005395,478.92105336369065,False
1.071905925983745,0.8159527746982451,28.210399196768357,50.89007886503187,288.8562534879982,-211.14374651200183,-0.003732972030526478,478.92105336369065,False
1.125055767918273,1.1662963404921902,16.550940288431732,50.95521769768876,288.7474019817268,-211.2525980182732,-0.004093966554182352,478.92105336369065,False
1.0979601303063322,0.9978276102855208,17.32187659038233,50.93389190935303,288.7793272096409,-211.22067279035912,-0.003984962323591354,478.92105336369065,False
0.9494550770366161,0.9911792157369642,32.50680260455265,50.79743701284429,289.01476074107694,-210.98523925892306,-0.0032381376715372163,478.92105336369065,False
0.9953869681389155,1.1578425544895508,32.124351406076414,50.82961480747057,288.96583111060454,-211.03416888939546,-0.0034005301486523592,478.92105336369065,False
1.1318908759326192,0.858853836678749,33.24757437266524,50.91906885183726,288.8142922595278,-211.1857077404722,-0.0038678952837341582,478.92105336369065,False
0.9977730779576736,0.9844037245993523,25.910555167583027,50.84432025066125,288.93298659487397,-211.06701340512603,-0.003497116229311455,478.92105336369065,False
1.072246453066985,1.1859854530016527,29.414894252563123,50.88803981410976,288.868953353919,-211.13104664608102,-0.0037091703671198596,478.92105336369065,False
0.9460845364425469,1.0271225202775873,28.293013002529314,50.80376699618285,289.0020887595909,-210.9979112404091,-0.0032798522740064956,478.92105336369065,False
1.0331415011437461,1.0560324028450578,18.88483821276446,50.88447844912278,288.8632184036375,-211.13678159636248,-0.003721518592403395,478.92105336369065,False
1.05113523333283,0.9986255061639331,15.25542393189384,50.90531492213708,288.8247427843032,-211.17525721569677,-0.0038409624673848065,478.92105336369065,False
1.1032891485608745,1.0267990089957255,26.56965334042585,50.91579755926051,288.8175107220218,-211.18248927797822,-0.0038652059553726903,478.92105336369065,False
1.1037710050035114,0.929385233359235,28.379654360529898,50.91170647399815,288.8235708343863,-211.17642916561368,-0.003841617046277921,478.92105336369065,False
0.8904293937818956,0.8810040395489322,17.27424302207783,50.78642787907331,289.01944760238496,-210.98055239761504,-0.0032185632002145474,478.92105336369065,False
1.0169835623247447,1.1353886241479443,34.130244606431425,50.839855750717994,288.9502447562808,-211.04975524371918,-0.0034490017765542807,478.92105336369065,False
0.8718829774849962,1.0810928877056738,27.445960492691693,50.75444256622547,289.0833416755223,-210.91665832447768,-0.003024477112133797,478.92105336369065,False
0.9358063727179163,1.090198803158723,34.20414034449478,50.78490352910504,289.0386938597851,-210.9613061402149,-0.0031664739290586472,478.92105336369065,False
1.0116975162704438,0.824031416329182,32.97106554840019,50.83839260837418,288.9446771447048,-211.05532285529517,-0.003453115230668537,478.92105336369065,False
1.0313998269680533,0.8234227347760278,17.720367675683036,50.88552175044226,288.8553833973528,-211.1446166026472,-0.0037360239269898293,478.92105336369065,False
1.0645562819715233,1.083822077760139,29.10603458316801,50.883343821479464,288.87401417951463,-211.12598582048537,-0.003688543250833618,478.92105336369065,False
1.0462168826147884,1.1160517910876584,32.91313483748008,50.86227231200685,288.912301570735,-211.087698429265,-0.0035685235077700162,478.92105336369065,False
1.087323938990124,1.0950560349481944,26.14955637232392,50.90585449044609,288.83497557749223,-211.16502442250777,-0.003812880984895568,478.92105336369065,False
1.0065491881135165,1.1450842886505574,30.902016357931245,50.839814854339416,288.94793567527114,-211.05206432472886,-0.0034567459972653356,478.92105336369065,False
1.1122323448392444,1.0315162483374467,19.838916177157813,50.938055251352516,288.7753583949414,-211.2246416050586,-0.003999093743569383,478.92105336369065,False
1.0082163707499148,1.0616607004279919,33.30906209187895,50.8356225183095,288.9547848847495,-211.04521511525053,-0.003431375821945003,478.92105336369065,False
1.1316120080046945,0.841776903896467,18.96267192294508,50.95358246744319,288.7448378865558,-211.25516211344421,-0.004087223444171824,478.92105336369065,False
1.0058553987295755,1.0294926227089718,18.519218054933052,50.86594612010635,288.8928142046381,-211.1071857953619,-0.0036264713882717624,478.92105336369065,False
1.1334359188769347,1.1979084336976302,31.245965391095034,50.9254538351034,288.80977106016957,-211.19022893983043,-0.003897535548444885,478.92105336369065,False
0.9929885272009898,1.0786195122168558,26.325202142087978,50.84025149630997,288.9421030986181,-211.05789690138192,-0.003472325659335435,478.92105336369065,False
0.9215801753252824,1.0766220053660307,26.974651468793915,50.789609436551004,289.0253962565,-210.97460374349998,-0.003208058619595644,478.92105336369065,False
0.8650205851331915,1.0022218816980695,22.76712741971061,50.75830958609415,289.07205895164446,-210.92794104835554,-0.0030569248546053612,478.92105336369065,False
0.8930509193787836,0.8872026970224334,20.34804380479238,50.78239861362302,289.0283010230122,-210.9716989769878,-0.0031907718904988923,478.92105336369065,False
0.9355951923765906,1.0634797812958345,19.379763633774385,50.81452992010804,288.9787788299859,-211.0212211700141,-0.003355328852165102,478.92105336369065,False
0.8607539492910976,1.0087710966422172,22.098646184934363,50.75657208038688,289.074612973865,-210.925387026135,-0.003049102411925057,478.92105336369065,False
1.1350726300384817,1.157574607437333,15.854810671650663,50.964029146252074,288.73208930638765,-211.26791069361235,-0.004142153772033847,478.92105336369065,False
1.0944177134250097,0.9852019747017235,17.83109400865729,50.93016311936067,288.78560415714634,-211.21439584285366,-0.003964484281769058,478.92105336369065,False
1.102791219801811,0.9744655887604551,25.96358706688398,50.916818590894124,288.81413740371545,-211.18586259628455,-0.003873544404838963,478.92105336369065,False
0.9372462461519762,1.0173390104977431,23.59816188380986,50.80713844972994,288.99290365782554,-211.00709634217446,-0.0033085495131397716,478.92105336369065,False
1.100309854739752,0.8364412945259645,21.595936183296743,50.92524293662845,288.793532275309,-211.20646772469098,-0.003932647472593927,478.92105336369065,False
0.9948049602098026,1.1339999875204683,22.93066134881788,50.848836914504844,288.9266863843718,-211.0733136156282,-0.003523657003893397,478.92105336369065,False
1.0998754193463205,0.9176702864936933,19.412192468314238,50.93020578409061,288.7853417278709,-211.2146582721291,-0.00396226377366654,478.92105336369065,False
0.9032006251148977,0.9748004205825638,27.84146576391212,50.77511209102257,289.04741481950526,-210.95258518049474,-0.003133904729006824,478.92105336369065,False
0.9590510745042078,1.1665392069731144,27.232065513474947,50.81504833811078,288.9860423188064,-211.01395768119357,-0.0033367759850134343,478.92105336369065,False
1.1301002354048413,0.9868025161830905,16.52726505821517,50.958619817849026,288.7376888154187,-211.26231118458128,-0.004116509051481216,478.92105336369065,False
0.9620250041924199,1.069304072977621,32.65119540317407,50.80576427481237,289.00307480611366,-210.99692519388634,-0.003278547084556749,478.92105336369065,False
1.0045601835940106,1.1492318729934796,31.06966007612582,50.83810389147603,288.9509554083536,-211.0490445916464,-0.003447347621185456,478.92105336369065,False
1.0744150044653167,1.1882083937872112,28.147408327882903,50.8924515209767,288.86072786506503,-211.13927213493497,-0.0037353696126684243,478.92105336369065,False
0.8723095625093074,0.8469815348192664,18.005241473450088,50.77213474346408,289.0427089555273,-210.9572910444727,-0.003143410915799067,478.92105336369065,False
1.0740205704685135,1.1762311939367813,23.98229507452287,50.901772619681644,288.8417061396437,-211.1582938603563,-0.0037951809670010717,478.92105336369065,False
1.0327226073771034,1.1920548367915935,15.777781024481982,50.89125950636663,288.85273805449964,-211.14726194550036,-0.0037608638593660186,478.92105336369065,False
0.9490511288647994,0.978401722773512,16.017731798787427,50.830775683132195,288.94770823921584,-211.05229176078416,-0.0034501545878286403,478.92105336369065,False
1.0539224515677743,1.0857277079035172,21.483060945804837,50.893323074298806,288.851436839578,-211.148563160422,-0.0037602264697571435,478.92105336369065,False
1.0946640959173426,0.8671149050294225,26.786593083978673,50.90912046739749,288.8250424306593,-211.17495756934068,-0.003834162037268183,478.92105336369065,False
1.1178397180128368,0.9078720658127217,32.01674212575594,50.9125969595505,288.8248248585225,-211.1751751414775,-0.0038366921482132083,478.92105336369065,False
0.8586644972697018,0.8251168864426102,21.273116180903166,50.75639692129032,289.0702567634429,-210.9297432365571,-0.003055210872656445,478.92105336369065,False
1.1147210150423086,0.991762276060923,30.43169031105076,50.91439092322819,288.82237978736663,-211.17762021263337,-0.0038482000914862773,478.92105336369065,False
0.8861231291876495,0.949807020177688,31.11173585229295,50.75709985341561,289.07856931106875,-210.92143068893125,-0.003034092551461431,478.92105336369065,False
1.093764331541445,1.1584639224092306,15.672048462565586,50.935006912932884,288.77978276023504,-211.22021723976496,-0.003990846676644208,478.92105336369065,False
1.0361800748761283,1.10929711214407,15.728841034371934,50.893723088242844,288.84673556743024,-211.15326443256976,-0.003776182362793179,478.92105336369065,False
1.0752603214812004,0.8896170584723129,34.55514211864465,50.87782269343292,288.88326236807234,-211.11673763192766,-0.0036506320477963073,478.92105336369065,False
1.0554410643849905,0.861219494623342,33.51460897968758,50.866804610274606,288.8996787963636,-211.10032120363638,-0.0035973459871685297,478.92105336369065,False
0.9924606827524678,1.1047805911142012,27.399448506139162,50.837631463263214,288.94782031435966,-211.05217968564034,-0.0034553383369180474,478.92105336369065,False
1.0627474673144293,0.9503421150986289,17.755686210175888,50.90783898950257,288.82149994764774,-211.17850005235226,-0.003849084932504339,478.92105336369065,False
0.9098404219134607,1.0036516845700887,31.058619396061985,50.773427726250695,289.05311307383874,-210.94688692616126,-0.0031170641758186727,478.92105336369065,False
1.0480253234109156,0.98414678592273,24.350915754408412,50.88259438538717,288.86905757243215,-211.13094242756785,-0.0036998150825870296,478.92105336369065,False
1.100916847313763,1.0508676219967272,18.5530812685475,50.93315070711163,288.7827759982207,-211.2172240017793,-0.003976442604393026,478.92105336369065,False
0.8793997134674089,1.1158573649400074,16.59108915832503,50.780183575427536,289.0345692152728,-210.96543078472718,-0.0031806320048251803,478.92105336369065,False
1.133818604977903,1.1795451261193903,21.89419654804537,50.94845958285438,288.76342699701524,-211.23657300298476,-0.004043742343613567,478.92105336369065,False
1.0233382347453013,1.1925228446667422,34.914962610852264,50.842494188236536,288.94791203272376,-211.05208796727624,-0.003458912891324321,478.92105336369065,False
0.8566785471509963,0.9234316191662857,23.536421652114484,50.75095921486366,289.0828554991451,-210.91714450085487,-0.0030193938426342163,478.92105336369065,False
1.0132890967989452,1.0756595054737321,18.43446308710918,50.87145284975815,288.8847390753589,-211.11526092464112,-0.0036541305017768586,478.92105336369065,False
1.0797811269340456,0.9793025133390486,30.595496333487297,50.89017166143709,288.8617580166261,-211.13824198337392,-0.0037227666026822853,478.92105336369065,False
0.8629048730240216,1.1825598959680552,19.235607940664714,50.76361750863168,289.06511958044126,-210.93488041955874,-0.0030865727648621915,478.92105336369065,False
1.1154723722007045,1.046388675534403,16.451079020555213,50.94847492919293,288.7556809832977,-211.24431901670232,-0.004062176753019517,478.92105336369065,False
1.0473012180359,0.9227683931514168,26.454986954780093,50.87727484822206,288.87810548443576,-211.12189451556424,-0.003668415785231697,478.92105336369065,False
0.9986362831856893,1.076852826552243,33.66509063884357,50.82840312589819,288.96717060906064,-211.03282939093936,-0.0033927534372707527,478.92105336369065,False
1.0635085860044842,0.8807311202268724,31.995096467430905,50.875750773275946,288.88425773312883,-211.11574226687117,-0.0036470777383898457,478.92105336369065,False
1.0531348490018089,1.101386428614113,32.89177841783609,50.866981748357986,288.90427670899555,-211.09572329100445,-0.0035933328410822853,478.92105336369065,False
1.089919012369752,1.03992270114041,25.512469491920267,50.90906391983169,288.8279260690453,-211.1720739309547,-0.0038327582324697426,478.92105336369065,False
0.995107823548017,1.1560772595102857,20.788505504152784,50.85365814310296,288.9176401710221,-211.08235982897793,-0.0035533283333420156,478.92105336369065,False
0.8638421961352072,0.8192108417166484,31.933406674463193,50.74022905909883,289.10374393179376,-210.89625606820624,-0.002948877952082129,478.92105336369065,False
0.8538990908195018,1.125301390744267,26.489003060595063,50.74386500863684,289.10100948187124,-210.89899051812876,-0.0029703034794126898,478.92105336369065,False
0.9905759427414851,0.8290271537083542,25.713868186194453,50.839555347023406,288.9371719068648,-211.06282809313518,-0.0034770963333334006,478.92105336369065,False
1.1255118818402159,0.9637437079603457,23.756478791511746,50.93784707818456,288.7775421113716,-211.2224578886284,-0.003989099823016587,478.92105336369065,False
1.0890527677458086,1.1965286399057886,25.372381082376045,50.90900747203077,288.8314903533508,-211.16850964664923,-0.0038285231655362695,478.92105336369065,False
0.8745860678086346,0.9184865892622817,30.725220539851893,50.749927486062845,289.0892985450723,-210.91070145492768,-0.0029987737476985304,478.92105336369065,False
0.9255973563247742,1.1101956918360525,20.025376906161178,50.806248000447965,288.9939179496259,-211.00608205037412,-0.0033093358797057254,478.92105336369065,False
1.1469382981419591,0.9180444935141698,28.05516834138212,50.94210709107085,288.77334842436915,-211.22665157563085,-0.004000342238540617,478.92105336369065,False
0.9629256719145641,1.0781467064317858,23.462317864942737,50.82539905226238,288.9642460557176,-211.03575394428242,-0.003402065925503525,478.92105336369065,False
0.908555791762841,1.0005157279751118,16.24899923383319,50.80146666429067,288.99665658807874,-211.00334341192126,-0.003295913491121466,478.92105336369065,False
0.9157159021394982,1.066196953265916,26.470531978904233,50.78654191106185,289.02981519965033,-210.97018480034967,-0.003193597227316032,478.92105336369065,False
1.1337508532662341,0.9612792774222648,23.511422121384843,50.94417469083659,288.7668991729771,-211.2331008270229,-0.00402273693443512,478.92105336369065,False
0.9781731703292713,1.190290262608111,21.932503487554964,50.83939674924449,288.94271405810497,-211.05728594189503,-0.003475283187617965,478.92105336369065,False
1.008556371623304,0.8083213151480778,19.50706550653068,50.865427296883155,288.88949149453003,-211.11050850546997,-0.0036272758650087375,478.92105336369065,False
0.8920986504387797,1.077282098673529,20.0134524491392,50.782616457437776,289.0319933103282,-210.96800668967182,-0.00318715505585601,478.92105336369065,False
1.063612999505123,0.9633831211087199,28.031088094433926,50.88499050153631,288.86769791873814,-211.13230208126186,-0.003703216177201033,478.92105336369065,False
1.102986936979919,0.8306622006267453,15.215169948883633,50.94223099038,288.76011121350166,-211.23988878649834,-0.004038291041894426,478.92105336369065,False
0.8595457838826362,0.8617673472530155,25.77272824444219,50.74874798348091,289.0865955476001,-210.9134044523999,-0.0030049714133450547,478.92105336369065,False
0.9605166546168263,0.8751258714461114,20.698378160556572,50.829157370085404,288.95146499486987,-211.04853500513013,-0.0034337785448688486,478.92105336369065,False
0.9193820840618585,0.8342811924070973,18.649862125374444,50.804226495812934,288.990070765464,-211.009929234536,-0.003309673793149602,478.92105336369065,False
0.947736786334997,1.0897348081475617,24.134103264762693,50.81345547827573,288.98458588053677,-211.01541411946323,-0.003338056828448304,478.92105336369065,False
1.0128197848907308,0.9301539072649881,30.5676349398776,50.84452298314419,288.9351105663205,-211.06488943367953,-0.0034880288159288403,478.92105336369065,False
1.0073775992066407,0.8384636298396958,29.743964265052025,50.84247433607796,288.93575999234156,-211.06424000765844,-0.003481989547732742,478.92105336369065,False
0.8555220257805882,0.9297535577630939,22.27959077512996,50.75247206706224,289.07968483647556,-210.92031516352444,-0.003029706647432584,478.92105336369065,False
1.0585736060299722,1.0576262790641413,34.881081030223065,50.86607825924835,288.90642639905275,-211.09357360094725,-0.003584584920096296,478.92105336369065,False
1.0297828185364906,0.8693557841383726,27.515468331556,50.862760804619626,288.90151738080385,-211.09848261919615,-0.0035918563078222348,478.92105336369065,False
0.9945999920911193,0.9130683432963747,28.76398393480996,50.835932091442906,288.9473281584454,-211.05267184155463,-0.003448551463382285,478.92105336369065,False
0.9720757667003063,0.8665223475552959,25.194095019720915,50.827882018725376,288.9567179254755,-211.04328207452448,-0.00341676880400697,478.92105336369065,False
1.0893961473524634,1.008845168962811,17.665383495176656,50.927023196024386,288.79116747991225,-211.20883252008775,-0.003947912843713683,478.92105336369065,False
1.0276975150160315,0.8566532925687077,19.45857862795308,50.879100472662444,288.8680413238018,-211.13195867619822,-0.0036973790980654913,478.92105336369065,False
1.0429122860878322,0.8602292754846413,34.053146756087024,50.857135202078005,288.91584774470937,-211.08415225529063,-0.003546055589869423,478.92105336369065,False
1.0393208613485925,0.9085158362907826,26.11439554419058,50.872505974481626,288.8853145283759,-211.1146854716241,-0.00364493205821448,478.92105336369065,False
0.8953251769558049,0.894723372133438,23.25783959403148,50.77840991627435,289.0370164897988,-210.96298351020118,-0.0031634721501996553,478.92105336369065,False
0.9655712993231444,1.1698528737472154,23.686636506369762,50.82690195969357,288.9640537366942,-211.0359462633058,-0.0034066792320264707,478.92105336369065,False
1.0743750629184987,1.0225526071882356,33.19236453375748,50.88055255632494,288.8806337245005,-211.1193662754995,-0.003664834767250676,478.92105336369065,False
1.0927145903174331,1.1806352736130867,26.638643468750566,50.908550072495366,288.83294810259633,-211.16705189740367,-0.0038231808533598006,478.92105336369065,False
1.1162817919959396,0.8132073510265398,25.811299334307563,50.926294343098306,288.7949080209951,-211.20509197900492,-0.003927261713804096,478.92105336369065,False
0.8693116584646348,1.1714487517244334,31.68539410597238,50.744870858281494,289.10395504133857,-210.89604495866143,-0.002962906836921715,478.92105336369065,False
1.0686652814473878,1.1072547620973983,33.45229822360481,50.876212547304185,288.88985238091914,-211.11014761908086,-0.0036393544131576496,478.92105336369065,False
1.1289959982583766,1.1239613451475396,25.04551806724715,50.93736547775239,288.78309442540194,-211.21690557459806,-0.003978792566332339,478.92105336369065,False
0.8807911845191453,1.1869224697266072,18.361937865765874,50.77791694400803,289.0411208516282,-210.9588791483718,-0.003162897384557219,478.92105336369065,False
1.0489446137630818,1.0934372616550068,23.926588805149137,50.88433704616708,288.868336145497,-211.13166385450302,-0.003706969663062469,478.92105336369065,False
1.1093793648417272,1.1402750593128939,34.30897124202862,50.90171563706005,288.84984437694567,-211.15015562305433,-0.003767768108533693,478.92105336369065,False
1.0534744794430126,0.9834398212342177,20.83840048622715,50.89433038562427,288.8469426965341,-211.1530573034659,-0.0037699002151472135,478.92105336369065,False
0.9611753114339443,1.1894306454904666,21.348808610061162,50.82869345185244,288.95982947450716,-211.04017052549284,-0.003420936004829759,478.92105336369065,False
1.1330026054064557,0.9488212017410209,21.849239759309608,50.94768192384444,288.75941407803475,-211.24058592196525,-0.004045898198881236,478.92105336369065,False
1.096224690717317,0.8320206284088869,22.12793645540293,50.921121737173564,288.8006482709407,-211.1993517290593,-0.003909896740042373,478.92105336369065,False
0.9030764493024795,1.1735840450896498,24.546310307078024,50.78168596228097,289.0388669291785,-210.96113307082152,-0.003169482420917479,478.92105336369065,False
0.9034892586935049,0.9894944344621805,24.707654112652445,50.78141524363533,289.03522263906524,-210.96477736093476,-0.0031731778816511355,478.92105336369065,False
1.000254716557387,0.8800091299891771,17.955849782125178,50.862997181363454,288.8938848333606,-211.10611516663943,-0.003616488518666277,478.92105336369065,False
0.970501494827864,1.1048081993987744,26.929993367019833,50.82348594894945,288.97059504658125,-211.02940495341875,-0.0033830945526236926,478.92105336369065,False
0.9325358000612581,0.9946507303895482,23.203226002614517,50.804616606252296,288.99624076378296,-211.00375923621704,-0.003296991417319257,478.92105336369065,False
1.0608266908657424,1.0206578273872806,23.093900394479306,50.89440503053064,288.8494948913891,-211.1505051086109,-0.0037634768158177753,478.92105336369065,False
1.0508117407098974,1.1085853857909713,34.2507841050918,50.86235180993125,288.91312047792275,-211.08687952207725,-0.003565598977308917,478.92105336369065,False
0.9696192663343539,1.1970852736790683,20.319413324858363,50.836774297446745,288.94597107023185,-211.05402892976815,-0.00346524452129523,478.92105336369065,False
0.8891146955741294,1.178757072730961,32.07437645810875,50.75760271187385,289.0836419972341,-210.9163580027659,-0.0030276583944179804,478.92105336369065,False
0.9120230078776244,1.1476726407257525,19.989417891299578,50.79680129104182,289.01027779453426,-210.98972220546574,-0.003259059748368863,478.92105336369065,False
0.8897434693477283,0.9583051438731266,32.30144041301618,50.75730162618106,289.07926910186876,-210.92073089813124,-0.0030322318112191147,478.92105336369065,False
0.9809660545189466,0.9534536158518918,34.851673727082066,50.81380325395876,288.98907518491103,-211.01092481508897,-0.003317961958702989,478.92105336369065,False
1.034858079322577,1.110451181856558,23.617746619103485,50.87524296830639,288.8833839375607,-211.11661606243928,-0.0036599908443361072,478.92105336369065,False
1.1185964930461023,0.8578481250626038,22.42502930145409,50.936091589822645,288.77690778356794,-211.22309221643206,-0.003986310339585447,478.92105336369065,False
0.8827693350198618,0.8088873258732907,22.60768443323977,50.770771183175505,289.0472012590253,-210.95279874097469,-0.003127583217490514,478.92105336369065,False
1.0602945248482833,1.0182003056496607,34.19765157023417,50.86873813819535,288.90062452379806,-211.09937547620194,-0.0036012449342945276,478.92105336369065,False
0.9984201210705415,1.182204797836998,26.516776290771308,50.843734779334966,288.9389315114374,-211.06106848856263,-0.0034869382405250497,478.92105336369065,False
1.1141601222886182,0.9934853360140521,22.442145650525145,50.933131750163646,288.7848081920572,-211.2151918079428,-0.003967402113951206,478.92105336369065,False
0.9569425429649536,0.9975634065588491,24.314540496414534,50.81936764610298,288.97293787337935,-211.02706212662065,-0.0033710065632800183,478.92105336369065,False
0.8900243586025551,1.0501635704838732,29.318082010871382,50.763320227540696,289.0694256692089,-210.9305743307911,-0.0030673042412812674,478.92105336369065,False
1.1475613686762003,0.933507922695414,17.474016318885823,50.96863713331129,288.72081580649893,-211.27918419350107,-0.004167571101080332,478.92105336369065,False
0.9676978151634328,1.0415121491336348,27.938444510451674,50.81936996112448,288.97664759438743,-211.02335240561257,-0.003361151601865769,478.92105336369065,False
1.006285504036417,0.8421412739152714,34.37353749798726,50.83172166749057,288.9570655519525,-211.0429344480475,-0.003414638978331009,478.92105336369065,False
1.1133369049747626,0.8203938031655215,31.197802716368965,50.91138378079216,288.82414008440776,-211.17585991559224,-0.0038349570700469673,478.92105336369065,False
1.1207365705471752,0.9544887916430429,30.015829439477375,50.91944224773846,288.8129309027202,-211.1870690972798,-0.0038764868155291617,478.92105336369065,False
0.8574773481888666,0.9666051247280798,32.497696432607654,50.73505472936712,289.1158420755132,-210.88415792448677,-0.002916641326351414,478.92105336369065,False
1.1382040319154,1.1796286081596654,16.85398280270209,50.96384964631278,288.73375310800367,-211.26624689199633,-0.004137901166546116,478.92105336369065,False
0.9218515088057667,0.8448252550336095,34.036462644741874,50.77550051822856,289.048355213278,-210.951644786722,-0.003125452822671018,478.92105336369065,False
1.0103693903688133,1.0060933402615924,21.786978349950658,50.86201556254555,288.90126519333046,-211.09873480666954,-0.003598645796644417,478.92105336369065,False
1.0262141375255438,1.098997182891236,28.306793247141584,50.85886758996554,288.91369147872024,-211.08630852127976,-0.0035633493382130456,478.92105336369065,False
1.0338983187430923,1.058616389310702,33.73595564871056,50.85202955406636,288.9283506504967,-211.07164934950328,-0.003515085986861454,478.92105336369065,False
1.0785816741123933,1.0118404504211445,29.785323689565878,50.89127560001343,288.8600004484851,-211.1399995515149,-0.003729786154164302,478.92105336369065,False
1.1129331690637811,1.1228590631427524,16.33976976641527,50.94703776448531,288.7596986178406,-211.24030138215937,-0.004052942791667622,478.92105336369065,False
1.0321486563380073,1.0672563309691327,18.310029789734088,50.885066371009614,288.8620544038375,-211.13794559616252,-0.003725710439198996,478.92105336369065,False
1.0106636503490023,0.8030399274023774,17.876801527659282,50.87044785588799,288.8798645532296,-211.1201354467704,-0.003657546231494878,478.92105336369065,False
1.0626135102878809,1.1208490281358117,24.998187096131364,50.89144090552746,288.8582016173176,-211.1417983826824,-0.0037403511879060595,478.92105336369065,False
1.0113732131149826,1.1003410261805648,32.11556268509774,50.840402610364826,288.9469214245053,-211.05307857549468,-0.003458005330383122,478.92105336369065,False
0.9472530436125051,0.8681068430722307,23.665334158696062,50.81378156872629,288.9787199478453,-211.02128005215468,-0.0033471017478193155,478.92105336369065,False
0.8671938112379591,0.8710101418259951,30.675443313837146,50.744917581236116,289.09638089607614,-210.90361910392386,-0.0029743523171970607,478.92105336369065,False
1.0778606292452904,0.9562896263165775,15.164072495609531,50.924563946415304,288.7919855322643,-211.20801446773572,-0.003942928649766695,478.92105336369065,False
1.1167980957413097,1.080742088834051,28.39388500669962,50.92081749621372,288.8121140114998,-211.18788598850023,-0.003884768665463322,478.92105336369065,False
0.9335256943668954,1.198246857859796,33.615922430354296,50.784692595012736,289.04108524593124,-210.95891475406876,-0.0031635128394587974,478.92105336369065,False
1.1194009522978938,0.8148188875632206,18.46726858952151,50.94611448940533,288.75610272504184,-211.24389727495816,-0.004050292323641758,478.92105336369065,False
0.963169351880128,1.0611207502475282,29.457639846901376,50.81313808258594,288.98842732841695,-211.01157267158305,-0.003324644001547349,478.92105336369065,False
1.120046214188836,0.9572287234777861,17.78070112260537,50.94841131524898,288.75490129016686,-211.24509870983314,-0.0040605748520401545,478.92105336369065,False
0.8712248852995156,1.178884981805075,19.905736049290784,50.7682376142198,289.057884094472,-210.942115905528,-0.0031093714694275386,478.92105336369065,False
0.9088523995382807,0.9929802230375133,34.92944741637736,50.76517972346651,289.0691102035946,-210.93088979640538,-0.003065898394789704,478.92105336369065,False
1.0066051453587381,0.8239558506976783,26.089639573820836,50.84983202047319,288.9205304895041,-211.07946951049593,-0.003529614665635623,478.92105336369065,False
1.0834591979008064,0.8922338210774627,15.532658171338092,50.92762209616538,288.78581533383505,-211.21418466616495,-0.003959597980699288,478.92105336369065,False
1.1098668057851433,1.0984357818717156,27.114217771426524,50.91913665707985,288.8141497947565,-211.18585020524353,-0.0038791069771959403,478.92105336369065,False
0.9332592366570517,0.8990173347662315,25.981027640501097,50.79942507255165,289.00461382756964,-210.99538617243036,-0.003266358694559669,478.92105336369065,False
0.8578816239225237,1.0098872999728292,21.644375340041346,50.75539899376707,289.07626321398527,-210.92373678601473,-0.0030439167701271537,478.92105336369065,False
1.1391178705199252,0.9708459568642546,22.18391019629607,50.95117371934871,288.75447003241646,-211.24552996758354,-0.004062582960242779,478.92105336369065,False
1.1492167635219266,1.033644393526805,17.17689512974134,50.97067975131906,288.7194473620595,-211.2805526379405,-0.004176528170826379,478.92105336369065,False
0.9871659290650757,1.081276651376158,26.28658556061139,50.836313457360696,288.9485782580627,-211.0514217419373,-0.003451903456288236,478.92105336369065,False
1.038176962478553,1.0748170054805324,29.97011594792341,50.86333878609984,288.90718801325835,-211.09281198674165,-0.0035829152355431326,478.92105336369065,False
0.9297241299554398,1.0869926726068149,31.325590495246438,50.78654875232057,289.0338024489537,-210.96619755104632,-0.0031818471654855183,478.92105336369065,False
1.085211538265413,1.033413483298267,27.870877970595107,50.900297813099606,288.84412250477527,-211.15587749522473,-0.0037811022188718292,478.92105336369065,False
0.9618305623977416,0.9020566447352174,32.800496043897624,50.805100856105085,289.0005005430679,-210.99949945693209,-0.0032795388221777437,478.92105336369065,False
1.0388446159316687,0.9585585360120963,28.50448136347938,50.86690873542537,288.8975294391645,-211.1024705608355,-0.0036084157361028703,478.92105336369065,False
0.999705835530055,0.8429157795385837,19.313219628232996,50.859644088571855,288.89961267243206,-211.10038732756794,-0.003596713477754867,478.92105336369065,False
1.0765396365721236,1.1196044255713178,18.745684558770186,50.91555656957906,288.8134438755097,-211.18655612449032,-0.0038822781117175964,478.92105336369065,False
0.9049518760723849,0.9337931808064522,24.022051519759383,50.78369233531355,289.0297600301984,-210.97023996980158,-0.0031881283055525656,478.92105336369065,False
1.02459729289933,1.18645595490427,32.57732165679279,50.848477755236864,288.9361188199222,-211.06388118007777,-0.003496063220835056,478.92105336369065,False
0.9702015078641844,1.0014965437387247,34.354212549170654,50.80766254904628,288.9997583782861,-211.00024162171388,-0.0032861516768522697,478.92105336369065,False
1.1393332641514997,1.02456194228802,28.63619052357585,50.93560799593978,288.786884837745,-211.213115162255,-0.003962251470499998,478.92105336369065,False
1.119751768819138,0.9453258073795268,26.679921388322196,50.926781422414585,288.7978006097999,-211.20219939020012,-0.003924038082073989,478.92105336369065,False
0.9406129538407746,0.9537424153204017,22.227896671342975,50.812171486943114,288.9822228533562,-211.01777714664382,-0.003339673709401483,478.92105336369065,False
1.0049084212286825,1.1286448457011407,32.044313193977786,50.83620848605136,288.954348998741,-211.045651001259,-0.003435681423121471,478.92105336369065,False
1.039005864388325,1.1607495096208629,33.68580444998822,50.855729694295896,288.9246261976218,-211.07537380237818,-0.0035313980097649426,478.92105336369065,False
1.0380907249758369,1.1038660176398682,29.484232966290605,50.86440318136138,288.9057163357145,-211.0942836642855,-0.0035888668666000526,478.92105336369065,False
1.1247617644864474,0.9875262531046247,26.70343011475748,50.93023748784231,288.793115208081,-211.20688479191898,-0.003940803684854592,478.92105336369065,False
1.0682663237345418,1.0909407320793179,22.309440554294774,50.901490757882144,288.8388247413273,-211.1611752586727,-0.00380047241786949,478.92105336369065,False
1.1114092004979135,0.9550910312903104,20.151047406249305,50.936627291848424,288.77624814293,-211.22375185707,-0.0039927957035731775,478.92105336369065,False
0.8877748404092735,0.8188262537503819,28.781893506636983,50.76250156836749,289.0652114423347,-210.93478855766529,-0.0030709445111341137,478.92105336369065,False
0.9752932509128157,1.1289495525188673,17.61818033113409,50.84633694640255,288.92666942394254,-211.07333057605746,-0.0035234768854474244,478.92105336369065,False
1.136436267619752,0.9049571133376756,30.500714500027875,50.92890760918919,288.7968083492973,-211.2031916507027,-0.00392537995255542,478.92105336369065,False
1.071143315444567,0.9422792225323287,16.781972236264675,50.916022217205665,288.8070592572188,-211.19294074278122,-0.0038945065054433836,478.92105336369065,False
1.0917561364115533,0.93192863157439,20.3839158504232,50.92221831582646,288.7996013978715,-211.20039860212847,-0.003917699752072394,478.92105336369065,False
1.035339095717504,0.9017168213546798,16.836860865463585,50.89038289353755,288.8484211370868,-211.1515788629132,-0.003761558622154433,478.92105336369065,False
0.9454218657358417,1.1224472496157045,18.039828003591232,50.824268964844165,288.96314643149543,-211.03685356850457,-0.00340747564526306,478.92105336369065,False
1.0651055655591213,0.910585754730962,18.139230404436088,50.90858089426363,288.8197009084455,-211.1802990915545,-0.0038530074558484196,478.92105336369065,False
0.8994966860475473,1.0233332542213431,15.181702944988627,50.79710119285156,289.0036375689314,-210.99636243106858,-0.0032747572459699745,478.92105336369065,False
0.953120353047444,0.9196612300627903,25.26194649399491,50.81466664860783,288.97959272295043,-211.02040727704957,-0.0033465515398585777,478.92105336369065,False
0.927717906660908,1.0262099278514798,34.53205728550665,50.778709395743654,289.0475605777018,-210.9524394222982,-0.0031356308455984783,478.92105336369065,False
0.9851695271062859,1.0819659442265799,28.570347877760398,50.83010048715738,288.9605165749769,-211.0394834250231,-0.0034140714010317498,478.92105336369065,False
0.9662514494991683,1.0176254216364637,26.99357957354007,50.82030529891075,288.9738615126746,-211.0261384873254,-0.0033689509067213103,478.92105336369065,False
0.9936316266283156,0.8246070235107825,25.792510685714944,50.841497033495365,288.93395655138056,-211.06604344861944,-0.00348709481194742,478.92105336369065,False
1.1356078421933862,0.8840796599983338,23.05715624325003,50.94647240086714,288.76100976194914,-211.23899023805086,-0.004037898881943084,478.92105336369065,False
0.9640107469436686,1.0714186602400644,20.375861711682333,50.83253997421742,288.95008314761645,-211.04991685238355,-0.0034466874306726346,478.92105336369065,False
0.9712660478336249,0.8781666970880961,25.63049235323829,50.82642477723455,288.9596919999397,-211.0403080000603,-0.0034078456328539256,478.92105336369065,False
0.9522421723726145,0.9603163743910883,28.19638080841439,50.808106065800736,288.9934188178621,-211.0065811821379,-0.003304472858159873,478.92105336369065,False
0.9486810975836988,0.928714636267857,32.92299052937615,50.79598102987624,289.016044084695,-210.983955915305,-0.0032314052686249874,478.92105336369065,False
1.1460193967208279,1.1947986259165944,24.774380215012584,50.949932787208084,288.7639023502232,-211.2360976497768,-0.004042947728748674,478.92105336369065,False
0.875518954393709,1.1187616105989686,32.3462029183715,50.7477774446128,289.0984626934433,-210.9015373065567,-0.0029781104947612914,478.92105336369065,False
1.0290741770419856,1.118017864405914,16.034424269361775,50.88798869804338,288.85662295498014,-211.14337704501986,-0.0037452073194399298,478.92105336369065,False
1.1268415069069893,1.1531442328283137,32.16396902478746,50.91868501818178,288.82059459106404,-211.17940540893596,-0.0038611552654660235,478.92105336369065,False
1.0994392511463174,1.1193266315643786,18.148476286165277,50.93315424887594,288.783993107936,-211.216006892064,-0.003975704070176466,478.92105336369065,False
1.1086570372778959,1.1088861774190693,19.198616369906077,50.937166634593716,288.7780378015435,-211.22196219845648,-0.003994125298523781,478.92105336369065,False
0.9881494340015828,1.0716831099063113,32.690208960607876,50.82338437642262,288.97445389424536,-211.02554610575464,-0.003369425951673831,478.92105336369065,False
1.0094341035175498,1.1684154513981795,31.577088501836514,50.840348097893695,288.9481432674682,-211.0518567325318,-0.0034571128947375558,478.92105336369065,False
0.8541933842461638,0.8645242096003185,28.332495464571892,50.740343725028055,289.1021169929396,-210.8978830070604,-0.0029559036240922117,478.92105336369065,False
0.9272143377150703,1.1998908053501924,33.55557747003337,50.780550878364004,289.0478214755293,-210.9521785244707,-0.0031422096671677707,478.92105336369065,False
0.9310758376690876,0.8929608741460879,30.714384962535174,50.78843452359321,289.0259014049117,-210.97409859508832,-0.003198637978718616,478.92105336369065,False
0.9210445551924354,0.9364701259597493,34.837431562383415,50.77349033604888,289.0542552342063,-210.94574476579368,-0.0031106104350551865,478.92105336369065,False
0.9133240680434991,0.9553392750987564,16.86727984964601,50.80359373329548,288.99256344563213,-211.00743655436787,-0.0033069507113987133,478.92105336369065,False
1.0434241434652816,1.025825916176308,21.959132749707475,50.88481397314297,288.8644270043232,-211.1355729956768,-0.003716346771086053,478.92105336369065,False
1.052055539073875,0.8488341395280955,24.231194513100803,50.88548655411015,288.8612018137445,-211.13879818625549,-0.003718727190714677,478.92105336369065,False
1.0827460896180723,1.111519848558296,16.71386810969851,50.92465857730972,288.7966111930169,-211.20338880698313,-0.003935308880250396,478.92105336369065,False
0.8935514090620628,0.9851759042929596,30.261642152309776,50.76383824446391,289.0677729002743,-210.9322270997257,-0.0030698039008702355,478.92105336369065,False
0.934890752156931,1.0478420684302512,30.0451237015578,50.792584692238066,289.0221188226673,-210.97788117733268,-0.003217224944286691,478.92105336369065,False
1.0871880333754185,0.9168958251912491,25.879675166505056,50.90614946245863,288.8302400597744,-211.16975994022562,-0.0038199042833671707,478.92105336369065,False
1.052352226112536,1.0304174186473556,28.256499257744274,50.87683416439502,288.8827278496693,-211.11727215033068,-0.0036585274513696443,478.92105336369065,False
1.1106787633397908,1.0905327078915876,28.653228307340648,50.91601363479965,288.8204135505622,-211.1795864494378,-0.003858882758938343,478.92105336369065,False
0.8617416555543846,1.1540697932879327,22.540956762883404,50.75663588905757,289.0781174355192,-210.92188256448082,-0.003044129814236744,478.92105336369065,False
0.8647835615669387,1.1379664478663558,18.709803714147817,50.76586325580105,289.0600515904771,-210.9399484095229,-0.0031007492555318694,478.92105336369065,False
1.0505087861618143,1.1716054289628473,29.69399225216786,50.87251795182786,288.89419766127395,-211.10580233872605,-0.003628421088825283,478.92105336369065,False
0.9601846712372736,0.8901024766319248,24.960112565257468,50.8201491992916,288.9697306745462,-211.0302693254538,-0.0033765400813401333,478.92105336369065,False
1.090372722396087,1.014783684292827,28.935707440323245,50.901325814516184,288.8429299970339,-211.15707000296612,-0.0037840536021125997,478.92105336369065,False
0.8914749466300674,0.8263800501017032,30.98757514984533,50.76082301116981,289.06966486784137,-210.93033513215863,-0.0030571521313835976,478.92105336369065,False
0.9322831478410247,1.19510854711748,33.42287562306562,50.784235507669855,289.0416128867427,-210.9583871132573,-0.0031617037650917873,478.92105336369065,False
1.0840690711423273,1.0095411505668197,25.665753967795908,50.9046152550359,288.8346513038975,-211.1653486961025,-0.003810063548749584,478.92105336369065,False
1.0821715818518898,0.8018303487750531,27.55108183405152,50.89864162631526,288.8413898119981,-211.1586101880019,-0.003779450476180273,478.92105336369065,False
0.9914159834641186,0.8415495433740179,24.78099496778397,50.84214066123805,288.9324962161538,-211.06750378384618,-0.003492453707620394,478.92105336369065,False
0.9200478589168204,1.0360065335207456,25.147027051971776,50.79211196605679,289.01906441982123,-210.98093558017877,-0.00322639712619518,478.92105336369065,False
0.8689829990332312,0.8282372515817978,25.20993385587965,50.756292995755395,289.07312247864286,-210.92687752135714,-0.003046266164859916,478.92105336369065,False
1.023534270958741,0.8257674394129082,34.56363207086801,50.84290120858304,288.9386691403131,-211.0613308596869,-0.0034722340752297272,478.92105336369065,False
1.0914324389471162,1.1358562230602516,18.045638420981025,50.927747875286386,288.7931825747247,-211.2068174252753,-0.003947301449863073,478.92105336369065,False
1.1025737643251532,0.9153197501765006,29.7394462272919,50.90764528064295,288.8310692161638,-211.16893078383617,-0.0038172191108516904,478.92105336369065,False
0.9261199029922604,1.0115725270672542,26.764279650043818,50.793073537319515,289.0181005860931,-210.9818994139069,-0.0032284104568124777,478.92105336369065,False
1.0268273840494178,0.913632931151873,15.029029749871013,50.88833387653418,288.85065486766257,-211.14934513233743,-0.0037550014667109923,478.92105336369065,False
1.1090929682195654,0.9507282445763043,26.815313497615378,50.91911399574688,288.81058287697834,-211.18941712302166,-0.0038837509028188544,478.92105336369065,False
1.1020963266348391,0.8812198376666973,16.280611998362026,50.93913840984979,288.76721171768685,-211.23278828231315,-0.0040180790213003095,478.92105336369065,False
0.9517845907320187,1.0649100064440706,33.126309235352025,50.79784792604384,289.01623153066674,-210.98376846933326,-0.0032366317829820744,478.92105336369065,False
1.0817269763371478,1.0459344026246986,24.846838463926417,50.90494664932984,288.8342436615529,-211.16575633844712,-0.0038129879059341106,478.92105336369065,False
1.0056658667415668,1.1889576129427835,31.030430163728376,50.838996162920594,288.950386259252,-211.049613740748,-0.0034508972063141945,478.92105336369065,False
1.1353308137589653,1.1079124143341217,22.668051445547178,50.947531944452145,288.76397827289276,-211.23602172710724,-0.0040387015970430925,478.92105336369065,False
1.052707727522899,1.052511283332516,16.973060496404365,50.90262582668919,288.83175866066495,-211.16824133933505,-0.003821140596843466,478.92105336369065,False
0.8592247573167363,1.0365425211004047,23.858798789834744,50.75228628170408,289.08344012820226,-210.91655987179774,-0.0030222848667406316,478.92105336369065,False
1.0135292728608922,0.8409963580584976,22.915622730385664,50.86155429442016,288.8992150686886,-211.1007849313114,-0.003597899891088362,478.92105336369065,False
1.0386586136051488,1.0289854099558464,29.677681808577347,50.86425797755082,288.90440605330366,-211.09559394669634,-0.0035897152708452337,478.92105336369065,False
0.9394718085831536,0.9390095795841514,29.85318880070247,50.79595782309179,289.0140159913622,-210.9859840086378,-0.0032382675131039282,478.92105336369065,False
1.048763086292854,0.8316802401484203,21.542284454152192,50.8892343362931,288.85249772309686,-211.14750227690314,-0.0037455469614731457,478.92105336369065,False
1.0623077361395636,0.8570902686467354,20.249519836550185,50.90171264043571,288.83151835099227,-211.16848164900773,-0.003813164206963895,478.92105336369065,False
1.0218211839442954,1.1898506932799002,24.049321734337084,50.86532142139428,288.9018191542148,-211.09818084578518,-0.003605035308507623,478.92105336369065,False
1.0139366320941408,0.8461328318423567,30.94779252475103,50.84434503795427,288.93383712061603,-211.06616287938397,-0.0034884188233961838,478.92105336369065,False
1.0422870109228495,0.8494022314605658,22.80611275993893,50.88188728663232,288.8659623993098,-211.1340376006902,-0.003703658953550554,478.92105336369065,False
1.1313269046798278,0.9376951783521016,23.03829201228603,50.943604368382964,288.76689210117956,-211.23310789882044,-0.0040216844522184434,478.92105336369065,False
1.0034305439023563,0.8087870209237343,31.742280697481075,50.835428407882716,288.94818826551983,-211.05181173448017,-0.0034413286118065473,478.92105336369065,False
1.0983454576286507,0.8881690783580563,15.697413924233706,50.93785270047227,288.76899981851057,-211.23100018148943,-0.004012723118049674,478.92105336369065,False
1.093050762212824,0.8755343455785429,22.561088980388337,50.91794159349452,288.80719366695195,-211.19280633304805,-0.00389110218417015,478.92105336369065,False
1.0259155368372876,1.0655514498546332,23.579066673765787,50.86903735283672,288.8925017177261,-211.10749828227392,-0.003629072625021823,478.92105336369065,False
1.1079744380024186,0.8926008658084554,29.198145035227505,50.91259308466186,288.82201309673115,-211.17798690326885,-0.0038449126925095365,478.92105336369065,False
0.930330708927899,0.9144381920997696,18.415532834131028,50.812545766075566,288.97799835059755,-211.02200164940245,-0.0033513674621196135,478.92105336369065,False
1.0580372420912922,1.0681533049490313,21.51375830890334,50.896114578851346,288.84647810912395,-211.15352189087605,-0.0037751679667450103,478.92105336369065,False
0.9730644264485149,1.1729299149667396,21.71879983879525,50.83624121485611,288.9473317750224,-211.0526682249776,-0.0034598668621052446,478.92105336369065,False
1.0782233669203078,0.8206178565744772,20.961342142902282,50.91121559160332,288.81568612647766,-211.18431387352234,-0.0038617210508122848,478.92105336369065,False
1.0359256785308228,0.8054897251497696,22.538366648831293,50.87798378551375,288.87118394853275,-211.12881605146725,-0.003685176334920231,478.92105336369065,False
1.080609353256557,0.9983345213767449,22.369999511078724,50.909856363551135,288.823046144619,-211.176953855381,-0.003846353670471851,478.92105336369065,False
1.0448958309776981,0.872197848351888,23.17083232148628,50.88292012032825,288.8650667259004,-211.13493327409958,-0.003707505440088964,478.92105336369065,False
0.9344401444374792,0.9248737244401469,18.440759593334413,50.815418696694366,288.97352289339256,-211.02647710660744,-0.0033660031377001744,478.92105336369065,False
1.0878684106770338,1.1372926462033748,28.08412571644383,50.90176847477824,288.84427212705486,-211.15572787294514,-0.0037852948216171673,478.92105336369065,False
0.9065235486000369,1.1327429491968948,31.952783497527616,50.76959885645203,289.0629418247412,-210.9370581752588,-0.0030913719789621035,478.92105336369065,False
0.8946565027320846,0.8458558509979244,33.271173636615856,50.75862416335478,289.0752977398416,-210.92470226015843,-0.0030401187567287323,478.92105336369065,False
0.9249546323006805,0.9411972383906054,34.16245154694795,50.77746979261021,289.0473880694125,-210.95261193058752,-0.0031325774388910516,478.92105336369065,False
0.997996464768787,0.8659211771949616,28.72567336830148,50.83828125957074,288.94241200794727,-211.05758799205273,-0.0034620927468445545,478.92105336369065,False
0.9126076094458054,1.1754702746224395,29.87417551665452,50.77786577102829,289.04894463881124,-210.95105536118876,-0.0031375964770089877,478.92105336369065,False
0.9188650737570044,0.9201775739707876,23.876061979958934,50.79364951420257,289.0130321758007,-210.98696782419933,-0.0032405734420048083,478.92105336369065,False
1.0775441081282708,0.9966286259632806,23.967055466544714,50.9040141423079,288.8339193891078,-211.1660806108922,-0.003811799926236709,478.92105336369065,False
1.105785272469606,1.0388999224347168,15.83270893611984,50.94303913763893,288.76394755172413,-211.23605244827587,-0.0040356096758719226,478.92105336369065,False
0.879807033779035,1.0141922957209628,20.923366310935478,50.77214845366151,289.0483764930577,-210.95162350694233,-0.003132516279174644,478.92105336369065,False
1.1344923121518988,1.0228362656389964,16.359340484612957,50.96220233349165,288.73245686892153,-211.26754313107847,-0.004134759944447703,478.92105336369065,False
0.8726127172413415,0.8359360606267894,27.20496778997139,50.75507872975116,289.07663362218165,-210.92336637781835,-0.0030354643223348666,478.92105336369065,False
1.064243552464672,0.9055773764452375,20.23750508802403,50.90316613692794,288.83019651501695,-211.16980348498305,-0.0038195168356003847,478.92105336369065,False
1.1039396647111022,0.912734533281084,34.676604233298605,50.89686662174568,288.85290207486963,-211.14709792513037,-0.0037479025328398642,478.92105336369065,False
0.8940835751593245,0.8217287862215517,31.787849447858928,50.761056324379766,289.06974784368504,-210.93025215631496,-0.0030566963813037926,478.92105336369065,False
0.8734744853376746,0.9119460058864165,26.597313786067005,50.75691134564029,289.0749079243109,-210.92509207568912,-0.0030441067783151775,478.92105336369065,False
0.9796495258598473,1.0864652228551284,29.39275239582301,50.82458744699327,288.9702599681228,-211.02974003187722,-0.003383364047922681,478.92105336369065,False
0.9081770745109855,0.9112504967698599,21.432282235420438,50.79096379010331,289.01551745645924,-210.98448254354076,-0.003232311681957395,478.92105336369065,False
1.0318807359576343,1.0912312072675063,24.671150778127977,50.87080744474138,288.8910570949604,-211.1089429050396,-0.003634797233997197,478.92105336369065,False
1.0977633781407168,1.0788577048336212,15.712779573280775,50.93765567176066,288.7736274649441,-211.22637253505587,-0.004006730892118759,478.92105336369065,False
1.1419133016028966,0.8864029142520832,22.173398187429882,50.95304085366586,288.74951015536533,-211.25048984463467,-0.0040744577621790925,478.92105336369065,False
0.9441688564054891,0.9326325313970929,16.764090634982953,50.82571954908558,288.9555453940751,-211.0444546059249,-0.0034233233284985424,478.92105336369065,False
1.0689108146112498,0.871639698251468,30.087323546465097,50.883785565637005,288.86934189490404,-211.13065810509596,-0.003693951992772542,478.92105336369065,False
1.0862709507490818,1.0011190544466422,33.62599490141055,50.887552560795584,288.86912466541935,-211.13087533458065,-0.0037003848943103737,478.92105336369065,False
0.8668357588110291,0.9782500440662092,16.935467047001598,50.77041316847274,289.0477632815969,-210.95223671840313,-0.00313293196393476,478.92105336369065,False
1.1109906206598772,1.1843093040775496,31.411640803474587,50.909776068444195,288.8351691080328,-211.1648308919672,-0.003816313927480606,478.92105336369065,False
1.0342441609113417,0.8861853656093844,20.998759685243797,50.880335258770145,288.8678818547227,-211.13211814527727,-0.003699193178542708,478.92105336369065,False
0.9463440641010341,1.1591313982273876,20.80575117761778,50.819347587585476,288.97408001066833,-211.02591998933167,-0.003374395411326053,478.92105336369065,False
1.0210863351844175,0.8885203550107981,23.885679023330898,50.86476420775537,288.8957669818467,-211.1042330181533,-0.0036109126445227216,478.92105336369065,False
1.0528805117282514,1.0316800753872983,30.610430986026557,50.871874236474454,288.8928068712119,-211.10719312878808,-0.003626623849984837,478.92105336369065,False
1.1486217145851056,0.9569882779196943,28.597721079392688,50.941977470332205,288.7749203231695,-211.2250796768305,-0.0039971272251641135,478.92105336369065,False
0.9639034404893037,0.8982515082000302,19.614481384508213,50.83381396042667,288.9435289832921,-211.05647101670792,-0.0034599307657467043,478.92105336369065,False
1.0148293584385302,0.9806272942506502,32.67500463981561,50.84136552265868,288.94308503980676,-211.05691496019324,-0.003464947400062903,478.92105336369065,False
1.0257269486114668,0.8660655525833579,24.503928420813168,50.86660236290031,288.8927463284058,-211.1072536715942,-0.003619504263111223,478.92105336369065,False
1.0180946345211943,1.1383521503937828,27.27356319686955,50.85560590604549,288.91909830222136,-211.08090169777864,-0.003547932622919796,478.92105336369065,False
0.9651855601145233,1.1257713956490312,21.177724659605055,50.83177665220942,288.9531730845317,-211.04682691546827,-0.003439264845143331,478.92105336369065,False
0.9339959602000204,0.885047349707872,29.63249163718904,50.79258684353708,289.01815247505124,-210.98184752494876,-0.0032228602470733172,478.92105336369065,False
1.0224538851748584,0.977351542759495,17.843940138549655,50.87910620496975,288.86946344216045,-211.13053655783955,-0.0036982073049782564,478.92105336369065,False
0.9835550487563891,0.9043846364991064,19.778413719419927,50.847338158341685,288.92155741477325,-211.07844258522675,-0.0035298435247155245,478.92105336369065,False
0.9875655972645152,1.160957201981462,34.28662654552706,50.81972364031264,288.9837204481189,-211.0162795518811,-0.003343911605395473,478.92105336369065,False
0.9451454655837136,0.8524187240495037,23.399200309453995,50.81283328739283,288.97973270269716,-211.02026729730284,-0.0033432194679599097,478.92105336369065,False
0.9738234528611169,1.0696116344867843,26.120407844668044,50.82742400012989,288.9627332825344,-211.03726671746563,-0.003406497541151219,478.92105336369065,False
1.0439182538375549,1.1691298400152386,31.134223859185433,50.86477946392615,288.9079599429528,-211.0920400570472,-0.0035846453029190393,478.92105336369065,False
1.046825399518205,0.9528634359346739,29.98611505298301,50.86904465080893,288.8951293183881,-211.10487068161189,-0.003615779279883004,478.92105336369065,False
0.9526736529178146,1.1694685504435696,21.913681285871455,50.82154343779028,288.971521720951,-211.028478279049,-0.003382965092436351,478.92105336369065,False
1.061171763892429,0.8334735454306917,26.956175255375243,50.88559107283562,288.86293048403235,-211.13706951596765,-0.003712579448713373,478.92105336369065,False
1.073412487566705,0.8179582804621985,29.467778590625176,50.88821608639948,288.86039991418136,-211.13960008581864,-0.0037199240190431,478.92105336369065,False
0.9282316909644649,0.9230501805473488,32.03664828765653,50.78389688853803,289.0349454648215,-210.96505453517852,-0.003171248352913201,478.92105336369065,False
0.9469734305365629,0.8162209807523645,17.228011452200903,50.82662181241234,288.9518108863615,-211.0481891136385,-0.0034301340179585717,478.92105336369065,False
1.075350143816206,1.0029365685155622,33.94461832495208,50.87944711679999,288.8826347967976,-211.11736520320238,-0.003657621558546141,478.92105336369065,False
1.0418343298584272,1.0437362624779425,21.327113511486097,50.8851395070907,288.8637919679026,-211.1362080320974,-0.0037191575719869936,478.92105336369065,False
0.97210483636232,1.089371846321145,27.011005715639882,50.824401886696165,288.9688053653453,-211.0311946346547,-0.0033880998135990274,478.92105336369065,False
1.1448765564956433,1.1711831868465554,17.680062073251076,50.96654946691778,288.72982898517387,-211.27017101482613,-0.0041499660680388295,478.92105336369065,False
1.145095679103958,0.9925000989926993,16.985100396101743,50.96816976858372,288.72248392644565,-211.27751607355435,-0.0041649957506124215,478.92105336369065,False
1.0142509626974805,1.1316394400878953,27.065328048155383,50.85340254705376,288.9223819798801,-211.07761802011993,-0.003537217877100087,478.92105336369065,False
1.0679727405114163,0.9068397691062718,16.808112319189206,50.913660796546836,288.810178216382,-211.18982178361802,-0.0038830244206178575,478.92105336369065,False
1.021583873650435,1.1016254568112471,18.998870287439658,50.87612027982247,288.8780926172572,-211.1219073827428,-0.0036763713944010664,478.92105336369065,False
0.8893312367679707,1.1958445908273219,31.80089987250246,50.75829560400498,289.0827149605689,-210.91728503943108,-0.0030313242211083865,478.92105336369065,False
1.0028529973018767,1.193875542301273,26.435806255412928,50.84698657342237,288.9338175925826,-211.0661824074174,-0.0035036800863464408,478.92105336369065,False
0.8530658353161149,1.0981006779872875,17.883752721062724,50.75903105387613,289.06983790086423,-210.93016209913577,-0.003068014380377834,478.92105336369065,False
1.0465977227183507,0.8129592303726414,25.823461274692217,50.878064423726926,288.8738641818308,-211.1261358181692,-0.0036770214746666406,478.92105336369065,False
0.9062341962878122,1.1070153662827624,23.286923941354512,50.786244604040114,289.0289810608801,-210.97101893911992,-0.0031979861134874754,478.92105336369065,False
1.0926554506023327,0.8397741589683518,24.721881577465858,50.912545829687254,288.8170734092228,-211.18292659077719,-0.0038581934928670664,478.92105336369065,False
1.0396176273872328,0.9210155523657874,32.33763448612447,50.858826934107896,288.9130221886689,-211.0869778113311,-0.0035576603074083013,478.92105336369065,False
0.9340108772629592,1.1232711483659632,19.200369647590378,50.81385072023068,288.981133582793,-211.018866417207,-0.003350454701724833,478.92105336369065,False
1.0648989062725778,1.1700252756687683,18.63127496467512,50.907657507915296,288.8275025774618,-211.17249742253819,-0.003839956188180682,478.92105336369065,False
1.085621150040188,1.091978992055015,29.12414513483084,50.89773701406317,288.8507081907471,-211.14929180925287,-0.0037628416655657976,478.92105336369065,False
1.0639171905970595,0.8011834039321956,33.64908648060287,50.87214150529601,288.88977890594805,-211.11022109405195,-0.0036260971121408287,478.92105336369065,False
0.9609497926382398,1.1408301037959523,32.821225673297704,50.80478178352603,289.0064435629898,-210.99355643701023,-0.0032709462167320835,478.92105336369065,False
0.9382468918252823,0.8224623728055548,32.20684367655804,50.790222270600886,289.02253055538125,-210.97746944461875,-0.0032063405181300872,478.92105336369065,False
1.0294084964777912,0.9283919601985287,21.228293090800744,50.876487257448986,288.8753229789373,-211.12467702106272,-0.003677469983862298,478.92105336369065,False
0.998912809708189,0.8918552757451572,21.01432356692989,50.85549626798339,288.9088130833676,-211.0911869166324,-0.003569697019721975,478.92105336369065,False
0.8767981923958024,0.8472341536315509,27.25786190846664,50.75787936450675,289.0723392229436,-210.92766077705642,-0.003049543052182128,478.92105336369065,False
0.9402933506437178,1.0286327575238612,31.084615772855443,50.79414981820616,289.01989978707326,-210.98010021292674,-0.003223441581389376,478.92105336369065,False
0.912188956593802,0.8832229768330835,20.545206594633278,50.79548232992602,289.00685351389956,-210.99314648610044,-0.003258577362887835,478.92105336369065,False
0.8873448596221312,1.1614592673273676,21.778391944685175,50.77601131026236,289.04597757083206,-210.95402242916794,-0.003146401369330916,478.92105336369065,False
0.8620215038123082,1.1659943694446342,25.308191101899688,50.751720857207935,289.0882970229761,-210.91170297702388,-0.003012344830629828,478.92105336369065,False
1.0560377622835238,0.8767133211217398,27.907977307776928,50.879949364770894,288.8739004634436,-211.1260995365564,-0.0036797187966018745,478.92105336369065,False
0.9501733400654344,1.0131637647635492,17.939258224073708,50.827698053056714,288.95494303421737,-211.04505696578263,-0.0034287305720852746,478.92105336369065,False
1.0971180653246602,1.0534987968213319,24.15527929061638,50.917265250609766,288.81364769396646,-211.18635230603354,-0.003878655969899922,478.92105336369065,False
0.8803215346285967,1.0646883871313473,28.67955174984383,50.757901318802716,289.0781625414021,-210.9218374585979,-0.0030402108656977884,478.92105336369065,False
1.126922474988845,0.9192445055124747,19.434752025858764,50.949230537274026,288.7541190216565,-211.2458809783435,-0.004061329595433024,478.92105336369065,False
1.1252925383555348,0.8846170715468311,16.481871880630372,50.95517289958296,288.74104351426837,-211.25895648573163,-0.004101192804111011,478.92105336369065,False
1.1348898409311372,1.1647683852935125,16.91678430276674,50.96132038396406,288.73762940449234,-211.26237059550766,-0.004124910352091583,478.92105336369065,False
1.0759508832052802,0.859291038487492,33.108741439750546,50.88159033795571,288.8752147805966,-211.1247852194034,-0.0036748023638838397,478.92105336369065,False
0.9806197009366836,1.1489173464431655,24.176899740445748,50.83632565255317,288.94849434734704,-211.05150565265296,-0.003455128317757977,478.92105336369065,False
1.1410137388361328,1.0211016209084742,22.10394260375829,50.95276372645464,288.7529237233031,-211.24707627669687,-0.004069786433832166,478.92105336369065,False
1.0075892373674815,0.9100469257772679,25.35871483287322,50.852207686412875,288.9179765552843,-211.08202344471567,-0.0035414560542625694,478.92105336369065,False
1.1170165627497866,0.9725290806434946,28.412665014735268,50.920774077391,288.8097499715115,-211.1902500284885,-0.0038873795863249645,478.92105336369065,False
0.8796020120952761,1.0382492134047703,27.4666552889636,50.75966550688682,289.07384058472024,-210.92615941527976,-0.0030527994583498617,478.92105336369065,False
0.9432951649292697,0.9278306705753167,26.87761674273913,50.80458899946437,288.99746311912804,-211.00253688087196,-0.003290257223779379,478.92105336369065,False
0.8684941843494237,1.088369204467984,23.153432380470548,50.76012970173491,289.071288543311,-210.92871145668897,-0.0030630063359535003,478.92105336369065,False
1.0284294074507196,1.1844803982399619,16.506716110020122,50.886575622740395,288.8608481567237,-211.1391518432763,-0.0037347885900934027,478.92105336369065,False
0.978909641849128,1.155150032276422,16.74587943961369,50.85077351413796,288.91932040372546,-211.08067959627454,-0.0035479477271052186,478.92105336369065,False
0.9423244666292424,1.18480529668927,22.65579818667723,50.81281038020983,288.98674844833937,-211.01325155166063,-0.003335323244398775,478.92105336369065,False
0.9108518374785185,1.147115573874328,18.94901892529865,50.79801141821266,289.00755073777174,-210.99244926222826,-0.0032676854761332736,478.92105336369065,False
1.1062769431187667,0.8368498793515423,26.604020794964928,50.91752209475594,288.8104712948521,-211.1895287051479,-0.0038789961112101275,478.92105336369065,False
0.8774405767343029,0.8581666064966806,21.477583380416952,50.7692386556935,289.0500380034128,-210.9499619965872,-0.0031206617390315437,478.92105336369065,False
1.0985845587192473,0.9829299280320394,15.59358389959186,50.93839383025638,288.77014002623145,-211.22985997376855,-0.004013413510892621,478.92105336369065,False
1.1379387058741444,0.9121776305636875,21.874046693859075,50.95102753748206,288.75312546723035,-211.24687453276965,-0.0040641683285124195,478.92105336369065,False
1.0843873915786177,1.0597316206070988,27.033124271479323,50.901718703212055,288.84168561956363,-211.15831438043637,-0.003790009298057181,478.92105336369065,False
1.0460646463427712,0.8352983238020472,27.133846989032605,50.874779589531315,288.88080021531636,-211.11919978468364,-0.0036560251049878676,478.92105336369065,False
0.9690139250996348,1.039384594893562,25.444953727890177,50.82546404696786,288.96474342045525,-211.03525657954475,-0.0033988066009913763,478.92105336369065,False
1.027188737325805,1.0639943599060873,27.746796290530618,50.860724969402966,288.90940583190024,-211.09059416809976,-0.0035753970216775375,478.92105336369065,False
0.8998397403420877,0.9510018441920656,30.10698027580748,50.768386838754296,289.0594717462762,-210.9405282537238,-0.0030946802637747263,478.92105336369065,False
0.9204147737227557,0.9427034155875211,20.442540645826817,50.80155023965821,288.9981390188946,-211.00186098110538,-0.0032887398097591956,478.92105336369065,False
1.0500405160008055,1.0253850905902744,25.54899699083635,50.881347702616864,288.8730068886735,-211.1269931113265,-0.0036891265008256666,478.92105336369065,False
0.9391841309058355,0.9036778012432991,25.899204186741112,50.80369582285692,288.99766738137737,-211.00233261862263,-0.0032885750795497567,478.92105336369065,False
1.0659364237561963,1.128151006369438,15.616246718923422,50.91523761775699,288.81162153471723,-211.18837846528277,-0.0038884378707514673,478.92105336369065,False
0.9196561850962924,0.909970170756708,25.258931363365285,50.79145391785067,289.0173877081828,-210.9826122918172,-0.003226335530075331,478.92105336369065,False
0.9899253792669993,0.9857875357878778,26.242209788663374,50.83818701502798,288.943312889188,-211.056687110812,-0.003464434617137433,478.92105336369065,False
1.059453899265155,1.0997629241614408,15.790512433588455,50.910176028732955,288.81945287716877,-211.18054712283123,-0.0038623054499297674,478.92105336369065,False
0.9186634103912261,1.1547060512785916,15.573079066159586,50.81020973962039,288.98529797333043,-211.01470202666957,-0.0033386048604165807,478.92105336369065,False
0.9542132649656925,0.9646913905076662,31.728935611908152,50.802222396698966,289.00577722917535,-210.99422277082465,-0.0032654861127255235,478.92105336369065,False
1.1229887154323386,1.0686075431516422,27.290011420327026,50.92771074626202,288.7996001969619,-211.20039980303812,-0.003923912604836555,478.92105336369065,False
1.001842841019858,0.9777971996772507,24.189161129666697,50.85083268477579,288.92083449254113,-211.07916550745887,-0.0035353549845842137,478.92105336369065,False
0.8974115875193241,1.1954633478372405,29.770596915781056,50.76770239155291,289.0659244867188,-210.9340755132812,-0.0030845784460059107,478.92105336369065,False
0.9842383071956649,1.1271508223525968,29.37031417211155,50.82783106816304,288.9658777362297,-211.0341222637703,-0.003399037026798564,478.92105336369065,False
0.975900156354141,1.1132247262009305,18.245704334451954,50.84543080358549,288.92826570796666,-211.07173429203334,-0.003517721258131132,478.92105336369065,False
0.8964476912796608,0.8006331302882107,19.539466446603402,50.786238447971265,289.0195253098098,-210.9804746901902,-0.003214917967311521,478.92105336369065,False
0.9257302530106696,0.8064786223080602,28.077717365901556,50.78992429631752,289.01962915768894,-210.98037084231106,-0.003214851099513441,478.92105336369065,False
0.9961769624859282,1.055680453145927,25.400467489481635,50.844403080919555,288.93406821980847,-211.06593178019153,-0.003496803312409013,478.92105336369065,False
1.1072660232869669,1.0553241452047988,34.473906677300604,50.899781702428925,288.8511935549652,-211.14880644503478,-0.003759676711159488,478.92105336369065,False
1.0846439595298791,0.877463287865934,17.453936257078077,50.923971340078786,288.79307619148415,-211.20692380851585,-0.003935921740538908,478.92105336369065,False
0.9147531322035545,1.177439087290511,30.39853157567886,50.778304652675224,289.0486523547842,-210.95134764521578,-0.003138608597189372,478.92105336369065,False
0.9268669753219363,0.8876185285045805,30.03538876096337,50.78691060419902,289.0277711821131,-210.9722288178869,-0.0031924843911500184,478.92105336369065,False
1.0109162956568456,0.9236582823224786,29.651798589826242,50.84520587945165,288.933119634095,-211.06688036590498,-0.0034940555195371896,478.92105336369065,False
0.9285670645927492,1.0251750577337735,29.593762009464804,50.78913451307583,289.02690502485916,-210.97309497514084,-0.003201077858314205,478.92105336369065,False
0.8507931096193333,0.8464249317634669,25.489458930812255,50.74318400823348,289.09517690007766,-210.90482309992234,-0.002977141598734318,478.92105336369065,False
1.0253972157187623,1.1404340575638006,15.111342821408423,50.88743090787474,288.85734059958577,-211.14265940041423,-0.003743934471996167,478.92105336369065,False
0.8811747192219832,1.1502054414541198,26.301197356359673,50.763104960891056,289.0699717133703,-210.9300282866297,-0.003069808945459248,478.92105336369065,False
1.0948846683434106,0.965783434884836,23.72575379113206,50.91660390599274,288.8123854051699,-211.1876145948301,-0.0038787011716795547,478.92105336369065,False
0.9387114787226843,0.9702655736704089,32.772499595369595,50.78958996568229,289.02727343510765,-210.97272656489235,-0.0031975745841415766,478.92105336369065,False
1.1453591071526532,1.0968334266175073,17.304287007184,50.96771350317639,288.72587920393045,-211.27412079606955,-0.004159049046254136,478.92105336369065,False
1.056709043960666,0.9246207503567835,21.40966572544952,50.895227604166955,288.84461306826546,-211.15538693173454,-0.0037746651468878074,478.92105336369065,False
0.9498810966271825,0.999367947211961,17.529152692726697,50.82830983969244,288.95332858924314,-211.04667141075686,-0.0034332490074713237,478.92105336369065,False
1.0907118568349732,1.0405822148741906,23.36945994416034,50.91463469287032,288.8170014308071,-211.18299856919288,-0.0038674319191734172,478.92105336369065,False
0.9770505562946532,1.0043666183940159,31.708070449536688,50.81783717881338,288.9811993700218,-211.01880062997822,-0.003345118770344614,478.92105336369065,False
1.1292015617153095,0.9275804060809425,33.53791507834458,50.916640762859,288.8200370040115,-211.1799629959885,-0.0038527603678769656,478.92105336369065,False
1.0275555982795317,0.943122823277797,32.460915300793715,50.85040697188792,288.92733791209713,-211.07266208790287,-0.003513240629921304,478.92105336369065,False
0.9824864554272592,1.172775332398377,22.404522042477016,50.841397978281805,288.9393816310499,-211.0606183689501,-0.0034850864148390764,478.92105336369065,False
0.8720632069649172,0.81716845030209,33.140092973544526,50.74354952522418,289.09912161338434,-210.90087838661566,-0.0029634400912958597,478.92105336369065,False
1.0673395235045318,0.8374752987855603,25.722045284557268,50.89267817031503,288.8503978214602,-211.1496021785398,-0.003752473024395613,478.92105336369065,False
1.1221896547962495,0.9219455712386061,30.165018090839204,50.920030356931655,288.8113744481817,-211.1886255518183,-0.003879960219484964,478.92105336369065,False
1.1298809147224442,1.0590342073335812,31.91940362573553,50.921207963773654,288.8141080825371,-211.18589191746292,-0.003877473686525503,478.92105336369065,False
0.976514743140186,1.1432109494230482,22.987155830420857,50.835958380616205,288.94806417424314,-211.05193582575686,-0.003456240376582879,478.92105336369065,False
1.14368673178758,1.0125434571121275,15.872848717179066,50.969928028041075,288.7190768824376,-211.2809231175624,-0.004176722104876167,478.92105336369065,False
0.9038045625700075,0.8062049886103984,27.80213995978226,50.775385885585,289.0431899380358,-210.95681006196418,-0.0031401882540507426,478.92105336369065,False
0.8952820701599045,1.074101353201739,19.02894530645274,50.78675055944121,289.0244521835016,-210.97554781649842,-0.003210934046299515,478.92105336369065,False
1.1112038011391125,0.8443172859174002,15.305341643954794,50.94790314438975,288.75113728150916,-211.24886271849084,-0.0040673551690381254,478.92105336369065,False
0.9834428183535666,1.1520055693308704,32.22033500332566,50.82129853593121,288.9793251811935,-211.02067481880653,-0.003357463304433012,478.92105336369065,False
0.8869988067570028,1.1444000486666215,26.409713308689952,50.766917549878684,289.06367407029154,-210.93632592970846,-0.0030895395582374954,478.92105336369065,False
0.9768527807667609,0.8795854876412676,27.979624038848705,50.825364154137965,288.96324524516035,-211.03675475483965,-0.0033966500203454967,478.92105336369065,False
0.8505316864957922,0.9688210515651086,22.212787670706188,50.74915036898705,289.0859673494693,-210.91403265053071,-0.0030114278935674354,478.92105336369065,False
0.9725957493617153,1.1941332931376838,33.77186675728949,50.81075510857191,288.9986807245885,-211.0013192754115,-0.003297884825071414,478.92105336369065,False
1.1049157123153477,1.1065134364264457,24.534270466498846,50.9218598002805,288.80765164184635,-211.19234835815365,-0.0039000804517154036,478.92105336369065,False
1.1408854488692877,1.010552085122232,33.293797280729635,50.92523961943603,288.8076808878217,-211.19231911217832,-0.003895675227351878,478.92105336369065,False
0.8814679058815754,0.9012147382689948,33.40946319751358,50.749512338631824,289.0914614948082,-210.9085385051918,-0.0029912015928405373,478.92105336369065,False
1.0005816653837991,1.1335214070164787,18.616635159501648,50.862143828227566,288.9015158648968,-211.0984841351032,-0.0036034809064321243,478.92105336369065,False
0.8597173885519872,1.1831489044304773,19.331931062817294,50.76118766475102,289.06919172046804,-210.93080827953196,-0.003073678874357567,478.92105336369065,False
1.1343789345122925,0.8199618641886104,23.830208629145503,50.94364627054878,288.76490355780595,-211.23509644219405,-0.004022654741405631,478.92105336369065,False
1.089513483366566,1.15806124349754,21.994176639643424,50.91717871928569,288.81435772570234,-211.18564227429766,-0.0038811353044205157,478.92105336369065,False
0.9558771842414927,1.013622504015154,30.53938316108342,50.805861689449316,289.0000454211386,-210.99995457886138,-0.0032857554717849037,478.92105336369065,False
1.095625996816497,0.946860513067155,19.845752724731014,50.92622665518309,288.79289848143685,-211.20710151856315,-0.0039396249132101656,478.92105336369065,False
1.0792727362780168,0.8094236930139754,31.438702142325003,50.887642452628974,288.86282268040515,-211.13717731959485,-0.0037118767110011002,478.92105336369065,False
1.1043534475379886,1.1295601534775037,23.4534027434141,50.92406491554781,288.80364096625897,-211.19635903374103,-0.003913849175071032,478.92105336369065,False
1.1159845687375065,0.8529957247636452,18.833039753259463,50.942871237387955,288.76259016429003,-211.23740983570997,-0.004031460696404027,478.92105336369065,False
0.9052347284140627,1.0466325205280158,29.00977945032952,50.774333474020295,289.05114077444716,-210.94885922555284,-0.0031251377983094724,478.92105336369065,False
0.8522180479838525,0.9213317950026669,31.45900491309137,50.73333159062429,289.1169311192946,-210.88306888070542,-0.002911311300486396,478.92105336369065,False
1.0513296309281503,1.0368411046043504,15.624330414880928,50.90467147493871,288.82695981185606,-211.17304018814394,-0.00383565186336682,478.92105336369065,False
0.89095202847252,0.8747079041788557,32.250632454824455,50.75811008020665,289.0760493906858,-210.9239506093142,-0.0030389392475442373,478.92105336369065,False
0.9127919450882053,0.8394675038749055,33.75831960579206,50.76992678600854,289.0571053978483,-210.94289460215168,-0.003097499917242167,478.92105336369065,False
0.9073800790531827,1.1179800010691925,26.392179629831364,50.78100373665352,289.0400050471926,-210.9599949528074,-0.0031634923311095295,478.92105336369065,False
1.1173667080002754,0.8552527916541646,29.356507515416865,50.91859069735819,288.8115285339826,-211.1884714660174,-0.0038764790886875746,478.92105336369065,False
0.8911658193135533,1.12673341589801,31.285800867382033,50.760435620486035,289.077267352267,-210.92273264773303,-0.003045675315158321,478.92105336369065,False
1.0919118251724342,0.873225895821806,16.103140424240042,50.932291866634564,288.7781667862401,-211.2218332137599,-0.003982988193469414,478.92105336369065,False
0.9593497409765925,0.9815199317505534,30.157077593496894,50.808975675258026,288.99395016316606,-211.00604983683394,-0.0033037023066333406,478.92105336369065,False
0.9246097147490803,0.8598252886626202,21.2485685694065,50.80279416071598,288.9948210005487,-211.0051789994513,-0.003295715159761429,478.92105336369065,False
0.9388753434899086,1.1417273531644185,31.58416737527404,50.79232858625226,289.02582471974284,-210.97417528025716,-0.0032094989435967436,478.92105336369065,False
0.9362335995101803,1.1538197737780882,28.856173416394206,50.79603681598478,289.01803064358523,-210.98196935641477,-0.003234741597635835,478.92105336369065,False
1.1306012811253314,0.9254961752378155,28.340221185461857,50.930205734290205,288.79321961034685,-211.20678038965315,-0.003937675297661312,478.92105336369065,False
1.0670432108521664,1.0704930562570592,20.951327987404646,50.903720639189096,288.8335828436898,-211.16641715631022,-0.0038161762281970968,478.92105336369065,False
0.947913884454441,0.9434922169095528,15.9465613287538,50.8300641606067,288.9480463198108,-211.05195368018917,-0.0034475655001763,478.92105336369065,False
1.056528868892214,0.9370820932508879,25.655673954321266,50.88547979448011,288.864341304158,-211.13565869584198,-0.0037126849242002592,478.92105336369065,False
1.018881293634691,0.9719335928433737,33.372215044622806,50.84257186554933,288.9414892034556,-211.0585107965444,-0.0034696306509171765,478.92105336369065,False
0.8759409518745801,0.8434800632837518,31.635449917030954,50.74904081058483,289.08970917034134,-210.91029082965866,-0.0029943519379212616,478.92105336369065,False
1.0203838218778103,0.9028180608581906,20.436597242402755,50.87185611479743,288.88173716535806,-211.11826283464194,-0.0036560048249732876,478.92105336369065,False
0.8664290496437789,1.0702959609692446,34.49914249272501,50.7375355453584,289.1155271470287,-210.88447285297133,-0.0029219599808524032,478.92105336369065,False
0.8581446213660294,0.931504167554078,25.42183014240486,50.74851417073782,289.0882959123283,-210.9117040876717,-0.0030024892609653285,478.92105336369065,False
0.8782624677763988,0.9383702190355013,32.78828522269457,50.74856587652676,289.0933973903737,-210.9066026096263,-0.002986613485334266,478.92105336369065,False
0.9292833368778942,0.9714591119337764,17.65938049212125,50.81338809030121,288.9773541530778,-211.02264584692222,-0.0033558640675233307,478.92105336369065,False
0.9675543951378592,1.1123834675788875,20.20889421590124,50.83543608696602,288.94613683524454,-211.05386316475546,-0.003460997260984509,478.92105336369065,False
0.8772711604737675,0.9400237876714117,17.409359641591987,50.77689589346459,289.0365456865129,-210.9634543134871,-0.003166873370730029,478.92105336369065,False
0.9380938003047792,1.1519811068787913,17.364831437234223,50.82047370877134,288.96958839040354,-211.03041160959646,-0.0033883277190938986,478.92105336369065,False
0.8552465257155787,0.8636469090071565,28.553210619106583,50.74066049204666,289.1017280434912,-210.89827195650878,-0.0029571000258460187,478.92105336369065,False
0.9482820113088851,0.8821484605197354,27.15040020329853,50.80741418240408,288.99202585321007,-211.00797414678993,-0.003305538474858287,478.92105336369065,False
1.1067826958132119,1.0830020306616672,20.041511630782885,50.933804499433805,288.78368660959563,-211.21631339040437,-0.003975024510138167,478.92105336369065,False
0.9319470893958673,0.9291509173851962,28.23344065458017,50.79404501138738,289.01572755927157,-210.98427244072843,-0.003232419080718441,478.92105336369065,False
1.0237216491598984,1.051376920293912,15.014262505894756,50.88632710332765,288.85705099229006,-211.14294900770994,-0.0037408613586613847,478.92105336369065,False
0.9892528351559341,0.9447912276464191,20.33274092609773,50.850229707898706,288.9181261866767,-211.08187381332328,-0.0035424874881261744,478.92105336369065,False
0.9584080279880016,1.163810322845413,29.80789778168495,50.80929710141912,288.9973173076187,-211.0026826923813,-0.003300889389287788,478.92105336369065,False
1.0457595638269053,0.8012507003953195,28.9531528150578,50.87043669755638,288.88863982582484,-211.11136017417516,-0.0036296944839510786,478.92105336369065,False
0.9504189866766493,0.8675730068204731,18.497888437072085,50.826542055054276,288.95399091428993,-211.04600908571007,-0.003425441870929741,478.92105336369065,False
0.8887214690687846,1.0722465951698332,33.029371078110316,50.75536843816792,289.0855119952015,-210.9144880047985,-0.003017226533359187,478.92105336369065,False
0.8740998654244818,1.0631080635739905,16.471196901193785,50.776564472618844,289.0392461786145,-210.96075382138548,-0.003163543856325197,478.92105336369065,False
0.8924636882757685,0.8770900092355599,20.47842514706047,50.78172206683636,289.0292771492409,-210.9707228507591,-0.0031872504236207535,478.92105336369065,False
1.0120728981293952,1.0797446407003783,33.48193618056087,50.837878205248366,288.9516635679749,-211.0483364320251,-0.0034420654612639925,478.92105336369065,False
0.9896606201162675,1.0441505387362184,27.041706493780882,50.83638189688175,288.9482040989965,-211.05179590100352,-0.0034514701069886804,478.92105336369065,False
0.951553842785541,0.8759134336685246,32.71265910124761,50.79828655043611,289.01095292483944,-210.98904707516056,-0.0032452960142382524,478.92105336369065,False
1.0988756429023274,0.8689360651084276,20.666416540163958,50.92647519351949,288.79144319743074,-211.20855680256926,-0.00394072689410797,478.92105336369065,False
0.9648727635895902,0.9738652020053293,16.22447027141937,50.84162529203899,288.92988053726793,-211.07011946273207,-0.003506481962817576,478.92105336369065,False
0.9800916354601501,1.0330549085865772,15.495234180430247,50.85408550580082,288.91014812553186,-211.08985187446814,-0.003571648770443373,478.92105336369065,False
1.0039940675549968,0.8346066911239334,28.48647001216014,50.842869403138025,288.93403523721287,-211.06596476278713,-0.0034872852954776446,478.92105336369065,False
0.8529507857968249,1.150480274776874,27.626381458317734,50.741158003126586,289.1067755977954,-210.89322440220462,-0.0029530737847177366,478.92105336369065,False
0.9436197568174866,0.8208512275777627,34.33285218167089,50.78955408800639,289.02517694232967,-210.97482305767033,-0.0031978908642241476,478.92105336369065,False
1.0071020567391904,1.1138452559413705,34.446178317733924,50.83248016154888,288.96200760867737,-211.03799239132263,-0.003410743702550247,478.92105336369065,False
0.9992675834442258,0.9009889199575263,29.941513803029686,50.83658839818525,288.9469111547984,-211.05308884520161,-0.0034493529465328267,478.92105336369065,False
0.856939829860559,1.0888230922471187,26.654342734708152,50.7456138135125,289.09742324553343,-210.90257675446657,-0.0029801435779459574,478.92105336369065,False
1.1361534362569583,0.8712036609128653,18.20135904335466,50.95868660649157,288.7364358161122,-211.2635641838878,-0.004115195480341311,478.92105336369065,False
0.8789497716930428,0.8706321399958075,24.39249893326461,50.76480631575368,289.0595594977555,-210.94044050224448,-0.0030910157989969293,478.92105336369065,False
1.1397857444240103,1.0724303255554228,24.600483736611345,50.94586349536424,288.767603646273,-211.23239635372698,-0.004025580880959116,478.92105336369065,False
0.9699060277027918,0.893301952437825,25.178781210059455,50.82644417528396,288.9596556829865,-211.04034431701348,-0.0034086124410894654,478.92105336369065,False
1.0021898450526474,1.0447904744115768,24.4538168087866,50.85059355056153,288.92294614736323,-211.07705385263677,-0.003531597843695013,478.92105336369065,False
1.1226810033527745,1.1627908837952656,15.652453118154158,50.95568969160682,288.74577988097775,-211.25422011902225,-0.004098948637442487,478.92105336369065,False
1.1054546589418655,1.1873451491835332,29.532163818308348,50.91047978243204,288.8324446220755,-211.1675553779245,-0.003825091624649327,478.92105336369065,False
1.0860484159672046,0.9320940394131585,34.71569647804079,50.884766024284325,288.87305346218585,-211.12694653781415,-0.0036848711160535844,478.92105336369065,False
1.1387339669925791,1.1438815829694526,31.261643599390304,50.92894189403787,288.80284906418575,-211.19715093581425,-0.0039170415202818875,478.92105336369065,False
0.9537120811343094,0.9526947902172083,20.862800531728652,50.82413643517433,288.96156257674585,-211.03843742325415,-0.0034051246736902688,478.92105336369065,False
1.1204396296501455,1.133074921941854,31.525044933767298,50.91585368363879,288.8241781946645,-211.1758218053355,-0.0038488727349552895,478.92105336369065,False
0.9888347824064916,1.0569684700450792,15.2275078182116,50.86093069133843,288.8992085941143,-211.10079140588567,-0.0036073989316223205,478.92105336369065,False
0.9578702150750339,0.8605829842002336,17.07464555741061,50.83473754610241,288.93931675481144,-211.06068324518856,-0.0034716434455045646,478.92105336369065,False
0.8698339854225141,1.029781963356178,34.08292222765082,50.7405546230869,289.1094041658911,-210.89059583410892,-0.0029396836344184715,478.92105336369065,False
0.954617135373125,0.9764854388520706,21.106185031173695,50.82430439983914,288.9619991470291,-211.03800085297092,-0.003404771181210256,478.92105336369065,False
0.9785637669151417,0.8965300724458412,29.022351454641374,50.824369878700246,288.9660468406819,-211.03395315931812,-0.003388502151496153,478.92105336369065,False
1.0411626829781448,1.1566888827666975,17.12073732724192,50.894229424156705,288.8480840688309,-211.15191593116913,-0.0037740412820540456,478.92105336369065,False
1.1243906224217073,0.9159443937997124,22.061578384026955,50.94109602762846,288.76967267549736,-211.23032732450264,-0.004011875908824107,478.92105336369065,False
0.9242974061747103,0.8943750414586137,17.000631614767602,50.81105812421871,288.97900348441397,-211.02099651558603,-0.003347316760956933,478.92105336369065,False
1.096698234687087,0.8484946858003486,19.71667559938566,50.927155873535995,288.7890750351381,-211.21092496486187,-0.003947309729367434,478.92105336369065,False
1.112730493643238,0.8911578311967787,17.159093016643137,50.94462377824932,288.75913479791103,-211.24086520208897,-0.004044139297540201,478.92105336369065,False
0.8637123197411963,0.8697169605093389,16.660364665837946,50.768562818408974,289.04820672121514,-210.95179327878486,-0.0031269440054166498,478.92105336369065,False
1.1080595826948483,0.9074338068397392,25.92562769076898,50.920460954418076,288.80664205085293,-211.19335794914707,-0.0038942959194000534,478.92105336369065,False
0.9761286149226718,1.1642799872841485,22.505742767474903,50.83672697032101,288.94692588206556,-211.05307411793444,-0.003460776022386414,478.92105336369065,False
0.9059950847372157,0.9889890580041225,26.850917127009115,50.778982256495844,289.0407043445734,-210.95929565542662,-0.0031557796985226846,478.92105336369065,False
1.1494977602159002,0.8855267185389325,34.223041166312896,50.92859154937957,288.80027001253694,-211.19972998746306,-0.003913546774607719,478.92105336369065,False
0.8681547051216004,0.8952610202348987,21.570355992507707,50.762595973722874,289.0618288882014,-210.93817111179862,-0.0030848535164207797,478.92105336369065,False
1.0715218845068186,0.9655755051796773,34.77110364300246,50.87491204763492,288.88988152213466,-211.11011847786534,-0.0036329930874991366,478.92105336369065,False
1.0190465805223936,1.1649557920659634,32.59172588130916,50.84465565630154,288.9418606304609,-211.0581393695391,-0.0034768972557110015,478.92105336369065,False
0.991019178099981,0.8020380145313205,34.632598381312214,50.820832664237464,288.9741047190221,-211.02589528097792,-0.0033589238399772633,478.92105336369065,False
1.1116440197557726,1.0549510412205674,24.742955398690185,50.925963050478046,288.7999325022703,-211.20006749772972,-0.003922229332803167,478.92105336369065,False
1.0205055683639819,0.9642428849723962,16.41570183941079,50.88083908855438,288.8652095899652,-211.13479041003478,-0.003711109291119364,478.92105336369065,False
0.9670466465617071,0.9865363181789453,15.806097014150355,50.84406067037862,288.9258474452308,-211.07415255476923,-0.00351982288152056,478.92105336369065,False
0.9071264860513701,0.8096271954969605,27.61456938728245,50.778041825767076,289.03879013436233,-210.96120986563767,-0.003154272083439465,478.92105336369065,False
0.9239582426939352,1.0884449704709482,31.31116831072347,50.78265544948701,289.0401738782162,-210.9598261217838,-0.0031617011182539785,478.92105336369065,False
0.8968739032563141,1.1213549132899918,19.648837044027733,50.78674363398788,289.0259682732825,-210.9740317267175,-0.003208153085892096,478.92105336369065,False
0.898344666147763,0.8497139412659004,34.111542613496496,50.75950114636851,289.0745565757674,-210.92544342423258,-0.0030426293783245074,478.92105336369065,False
0.8731225196284104,1.176650169121346,27.338534732488384,50.75562578868119,289.08352828172053,-210.91647171827947,-0.0030279261273683223,478.92105336369065,False
1.0867447440586706,1.1928302122508723,21.305890896401987,50.91689534881536,288.8150498056796,-211.18495019432038,-0.003880518191055707,478.92105336369065,False
0.873041177781259,1.1110426274575693,34.94405270600414,50.74121135172433,289.11078925974766,-210.88921074025234,-0.0029386914239371794,478.92105336369065,False
1.136960048455947,0.9990889939639336,24.09252025451115,50.94504204759949,288.7668386029087,-211.2331613970913,-0.004024654295604993,478.92105336369065,False
0.9728465773486206,1.1170957765028,17.9115968156986,50.84397121482052,288.93050840034454,-211.06949159965546,-0.0035107766284020753,478.92105336369065,False
0.9093474035578684,0.9695285405593859,22.157534397588492,50.79044317233765,289.01818349885207,-210.98181650114793,-0.0032263447008590686,478.92105336369065,False
1.0612123197612489,1.013260714851887,22.044494662117117,50.897056537744476,288.8441191647844,-211.1558808352156,-0.0037801915331792052,478.92105336369065,False
0.9298279478553267,0.8760308871708702,33.84630119175843,50.781302686255124,289.0394621597606,-210.9605378402394,-0.0031549484632878494,478.92105336369065,False
0.8832395798527622,0.8272413741545368,15.455872956952048,50.784701921132104,289.01988215592064,-210.98011784407936,-0.003214905147912197,478.92105336369065,False
1.1321764430595271,1.129813982476314,17.38948537200267,50.95819458512501,288.74237849127815,-211.25762150872185,-0.004108224368629743,478.92105336369065,False
0.9001807600397963,1.1598611164767199,18.86733263841764,50.79064028357301,289.0199103512153,-210.9800896487847,-0.0032290257619527704,478.92105336369065,False
0.8883070496483334,0.9599390465870898,16.093073821141758,50.78727574424516,289.0190172385584,-210.98098276144162,-0.0032232833692374266,478.92105336369065,False
0.9428424279059311,0.8112831316585062,23.34738989820299,50.81127929162725,288.9813358803201,-211.0186641196799,-0.003336380287387089,478.92105336369065,False
1.105264778936791,1.103452834293849,15.982767408982365,50.942399136236446,288.76659709050296,-211.23340290949704,-0.004030162508508367,478.92105336369065,False
1.054598924351857,0.946049304180737,28.905040026179343,50.87679366893414,288.8814290769203,-211.1185709230797,-0.0036589139166184584,478.92105336369065,False
0.9901129694745477,0.8041432250856375,27.706534650909603,50.83496263316993,288.945677826304,-211.054322173696,-0.003449073201603237,478.92105336369065,False
0.9756193811426583,1.0979525494248659,33.88946700162876,50.812418113091475,288.9938504756885,-211.00614952431152,-0.003309042834550239,478.92105336369065,False
0.9748154367150443,0.9064100157484621,23.94245980962296,50.83245589069027,288.9491657121758,-211.05083428782422,-0.003442426886989372,478.92105336369065,False
0.8843206159423245,1.056439318148764,31.97539695968201,50.75437108944638,289.0860335192323,-210.91396648076773,-0.00301490614009421,478.92105336369065,False
1.1166010446447268,1.1346328759282296,19.009309339817413,50.94326312771039,288.7684424440601,-211.2315575559399,-0.004025749818124675,478.92105336369065,False
1.0617390226770826,0.8070407060074303,26.20227233886741,50.88766724619406,288.85832742408803,-211.14167257591197,-0.003725999314049264,478.92105336369065,False
1.0129928348244424,1.1745724277264589,29.246636208972948,50.84784706929841,288.93418611156875,-211.06581388843125,-0.003501664781827901,478.92105336369065,False
0.9510004390830581,1.0427156561809525,29.069562420521798,50.80557780692917,289.0000629586219,-210.99993704137808,-0.0032869483685806244,478.92105336369065,False
1.1384102094990878,1.0081509630611623,23.10140253899756,50.948486021363294,288.76052509633263,-211.23947490366737,-0.004045088070959321,478.92105336369065,False
0.9350201426611039,0.9676871300457308,23.22642769424904,50.806268428544264,288.99294173355025,-211.00705826644975,-0.0033062927727116618,478.92105336369065,False
1.015608344386508,1.0450797237202023,31.00979436962082,50.84561379469134,288.93627621498405,-211.06372378501595,-0.0034893489733403725,478.92105336369065,False
1.10144643111949,1.1081059789904542,26.019374032998037,50.91593930996279,288.818657386117,-211.18134261388298,-0.003865240271126679,478.92105336369065,False
0.9573438990299199,0.990104801247919,17.972632552342777,50.83268385989176,288.94624226555095,-211.05375773444905,-0.0034553161560081425,478.92105336369065,False
1.0589630417933875,1.0709925434809715,27.736552440461615,50.882611411160106,288.8737766022733,-211.12622339772668,-0.00368872118679956,478.92105336369065,False
0.9740019281174561,0.9938694777665633,24.65749327167947,50.83050808927015,288.95485802699164,-211.04514197300836,-0.0034281751495099174,478.92105336369065,False
0.973586025059085,1.1459823257706057,25.322220110816737,50.82903263350188,288.96124329895247,-211.03875670104753,-0.0034145546246251296,478.92105336369065,False
0.9330443864895078,1.1508761460845593,30.754921225982823,50.790038766227326,289.0291547434496,-210.97084525655038,-0.0031993268519358094,478.92105336369065,False
1.1374028975216801,0.8119615456436288,33.17006090129613,50.922919150449154,288.80691672962047,-211.19308327037953,-0.0038891768569723545,478.92105336369065,False
1.0370330039528848,0.9207514454704724,19.111403087237928,50.88654440636409,288.8569529448774,-211.14304705512262,-0.0037353639472935117,478.92105336369065,False
0.9110495466611183,0.9681870306913158,17.092595329777343,50.80155072213715,288.99637170127977,-211.00362829872023,-0.003295429420121297,478.92105336369065,False
1.1233590100599027,0.95174013718294,21.75641961118904,50.941158650678396,288.77010648003517,-211.22989351996483,-0.004012125114902993,478.92105336369065,False
0.8990646799744427,0.8330998009531871,19.936669376919582,50.78735912690943,289.01867005281645,-210.98132994718355,-0.003219001299667908,478.92105336369065,False
0.9859159184537956,1.060199711360773,17.351558120747956,50.85434899876046,288.91171143825676,-211.08828856174324,-0.0035678917093935067,478.92105336369065,False
0.9777028392348226,0.8000697098018102,25.753307665669446,50.83052306346314,288.95135152016036,-211.04864847983964,-0.0034309148205886684,478.92105336369065,False
1.122062797075539,0.8684827040071388,33.47157930188039,50.911901628712805,288.82637731784166,-211.17362268215834,-0.0038300172469239086,478.92105336369065,False
1.0493910817416021,1.0070258044590625,34.75132757664128,50.86012680506025,288.91484969197575,-211.08515030802425,-0.00355564197069426,478.92105336369065,False
0.9226981983239431,1.1832118102406124,27.58936292513703,50.78930533313006,289.028785765307,-210.97121423469298,-0.003201883927880006,478.92105336369065,False
1.1404328566841477,1.0303509964318613,22.96977604134984,50.950249217057866,288.75801972942156,-211.24198027057844,-0.004054049705292814,478.92105336369065,False
1.1428520812958152,0.8255184585761725,23.42458963160368,50.95054470254884,288.75335963521036,-211.24664036478964,-0.00405949382497038,478.92105336369065,False
0.986986487387854,0.9440971205976334,21.449733414805674,50.84626466097671,288.92546941777607,-211.07453058222393,-0.003519179244221241,478.92105336369065,False
0.9538729538082288,0.8174719628048849,18.093893005282496,50.829751138437345,288.9473125553693,-211.0526874446307,-0.003444444046328116,478.92105336369065,False
1.1440917557000927,1.0952817938715824,22.39527443890164,50.95430257661447,288.7523415788267,-211.2476584211733,-0.004075040522917561,478.92105336369065,False
1.1084510675090022,1.0924861193318298,15.507769698173236,50.9457861178614,288.76036785013554,-211.23963214986446,-0.004049420406269663,478.92105336369065,False
1.0803646115839927,0.9759996919173027,31.66029467150137,50.88809356694139,288.8659832159288,-211.1340167840712,-0.003709224937941826,478.92105336369065,False
1.0173497477017726,1.0938365524218303,26.54331334930137,50.85662813622411,288.9158246655276,-211.08417533447238,-0.0035563504289703026,478.92105336369065,False
1.0281273137428242,0.8439080416345274,20.847592876268685,50.87631854505647,288.87342299032827,-211.12657700967173,-0.003679764842543615,478.92105336369065,False
1.0864554850625623,0.9033203501625122,29.146710511740746,50.897999263684405,288.846041652352,-211.15395834764797,-0.0037692144003380543,478.92105336369065,False
1.1327611078118727,0.8962875652203319,22.293384787591183,50.946361721442464,288.76079506566083,-211.23920493433917,-0.004039130692711021,478.92105336369065,False
1.1272331834124842,1.0497885707132035,15.267639313254314,50.95971465767095,288.73623458164656,-211.26376541835344,-0.00412401450786481,478.92105336369065,False
0.952365804261252,0.8295871855730786,18.84713360482166,50.82715665448088,288.95239369570413,-211.04760630429587,-0.0034288665562656347,478.92105336369065,False
0.860410951416924,1.1740210851710624,32.98605834369015,50.73641660949704,289.11868587248773,-210.88131412751227,-0.00291628413852466,478.92105336369065,False
